block,timestamp,ROI,Token Price,Trade Volume,sINV
11051841.0,1602652549.0,1.0,0.010386814632630356,86233.38472968,100216.08682725322
11053341.0,1602672663.0,1.0002410169888396,0.01017400114187807,33100.65521293002,100240.2406067336
11054841.0,1602692248.0,1.0010095405103232,0.012270309802975568,98165.19001988998,100317.2590266914
11056341.0,1602712345.0,1.001677148812049,0.013530544176496013,88938.09419997002,100384.16411822377
11057841.0,1602730939.0,1.001907473031708,0.015395614149039515,32956.271116659984,100407.24631021953
11059341.0,1602751274.0,1.005759402870264,0.030811759501184324,778835.4609973001,100793.27164537275
11060841.0,1602770926.0,1.0070001807377245,0.02926374108609632,409276.9706920703,100917.61754787149
11062341.0,1602790567.0,1.0072911467841512,0.029005041135031755,96087.01434783988,100946.77702644396
11063841.0,1602810416.0,1.0073927868250483,0.030006923713070125,34050.581063410034,100956.96299360764
11065341.0,1602830359.0,1.008281752906706,0.02894487227750944,293754.68580088,101046.05169563352
11066841.0,1602849959.0,1.0094938824610262,0.020874247679538792,451328.0614953602,101167.52657629516
11068341.0,1602869762.0,1.0099136426113016,0.02107136578655256,161908.52533173002,101209.59329596178
11069841.0,1602889787.0,1.0099374664821574,0.02092938873660279,9364.157150569838,101211.98083107203
11071341.0,1602909553.0,1.0103901429123616,0.02048787464135839,182866.80151297007,101257.34629150602
11072841.0,1602930035.0,1.0106003530210763,0.021231732148161767,82484.89444550965,101278.41272601298
11074341.0,1602949733.0,1.010702241453773,0.019303006595185992,41559.38901725039,101288.62358603076
11075841.0,1602970182.0,1.0107313161728824,0.019398420703227608,12130.158315719573,101291.53734060553
11077341.0,1602989821.0,1.0108409443801174,0.02062813921327129,45432.27047214005,101302.52385054053
11078841.0,1603009781.0,1.0110105098429152,0.01889914652959956,69925.07031310024,101319.51703768312
11080341.0,1603029951.0,1.0111235301604236,0.0193994139726807,47632.76284731972,101330.8434916358
11081841.0,1603049454.0,1.0111984093129849,0.0188318754536657,31261.76744453004,101338.34758729047
11083341.0,1603069902.0,1.0112151738619393,0.018722240328847787,7098.698914830107,101340.02766478408
11084841.0,1603089199.0,1.0113595835387292,0.015897279396973902,64357.57531733997,101354.49983749195
11086341.0,1603109578.0,1.011628597148866,0.017133430705695996,122819.45342657994,101381.45932880313
11087841.0,1603128916.0,1.0118828105013322,0.016717304661974325,112679.99848608019,101406.93559620652
11089341.0,1603148409.0,1.0119039359707422,0.016723944038073733,9637.803877349945,101409.0527080832
11090841.0,1603168111.0,1.0119168729111772,0.016933311505679113,5857.396534480154,101410.3491976291
11092341.0,1603188146.0,1.0119891882440295,0.018120845953085142,32219.764568849918,101417.5963573052
11093841.0,1603207918.0,1.0121594671205418,0.017548340555729458,74597.65551587008,101434.6610399786
11095341.0,1603227477.0,1.0121942809663838,0.017223952761168768,15613.543899429958,101438.14994737622
11096841.0,1603248353.0,1.0122071872256515,0.017334710725494726,5816.503085539676,101439.44336217569
11098341.0,1603267779.0,1.012250299903444,0.01681755808036233,19556.86233897041,101443.76394603663
11099841.0,1603287522.0,1.0122772267651925,0.016329591278595453,12416.147109509911,101446.4624507516
11101341.0,1603307935.0,1.0123199651739931,0.016174880800286843,19976.59788249992,101450.74552683887
11102841.0,1603327488.0,1.012322389888471,0.016196186263900642,1128.2612174698152,101450.98852223552
11104341.0,1603347602.0,1.0123354475244069,0.015958401489181255,6107.3547387402505,101452.29710741225
11105841.0,1603367981.0,1.0123777495341442,0.0152844328575958,20086.335673899852,101456.53644929297
11107341.0,1603387092.0,1.0123995756612199,0.015135651222465938,10517.911045989953,101458.72377833916
11108841.0,1603406807.0,1.0124009821770297,0.015107673786856325,678.2996925199402,101458.86473384962
11110341.0,1603426905.0,1.0124033161002703,0.01507326475144742,1125.9620410199275,101459.09863050381
11111841.0,1603447224.0,1.0125138807142706,0.015387133796818737,52914.78150503011,101470.17898346047
11113341.0,1603466878.0,1.0125955186472455,0.01634219297857755,37169.20366918016,101478.36041763992
11114841.0,1603486556.0,1.0125963227629444,0.016324923747356158,362.1134778601117,101478.44100296855
11116341.0,1603506824.0,1.0125964591696612,0.016321996106076396,61.44585159001872,101478.45467311595
11117841.0,1603526345.0,1.0126055039086876,0.016251502689072682,4077.013703599572,101479.36110146754
11119341.0,1603546360.0,1.0126105204102218,0.016174105526305826,2267.3517273901957,101479.86383562088
11120841.0,1603566097.0,1.0126251157164168,0.015937880204419802,6607.123911320232,101481.32652009377
11122341.0,1603585414.0,1.0126269430054615,0.015899619764547776,830.0863573499955,101481.50964385137
11123841.0,1603605834.0,1.0126289718739836,0.015887361404898052,920.9761692900212,101481.71296911534
11125341.0,1603625505.0,1.0126342275623856,0.015777859536565818,2395.1594392196275,101482.23967364056
11126841.0,1603645770.0,1.0126501269525532,0.015507421853346219,7296.394370070193,101483.83304830607
11128341.0,1603665293.0,1.0126573624561317,0.01536040758609529,3341.174506419804,101484.55816216092
11129841.0,1603685783.0,1.0126720479156044,0.015116717317500875,6822.141767079941,101486.02988144256
11131341.0,1603706041.0,1.012821462395381,0.013117421630085656,71389.64223616011,101501.00361592107
11131341.0,1603706041.0,1.012821462395381,0.013117421630085656,0.0,101501.00361592107
11132841.0,1603726058.0,1.0128683185000027,0.012555563397979282,23005.514416010115,101505.69935137023
11133341.0,1603732696.0,1.0128865527668882,0.012306260022142685,8897.315540119542,101507.52671824367
11133841.0,1603739310.0,1.0128868417537786,0.012310935583066195,140.94052887987343,101507.55567937896
11134341.0,1603745927.0,1.0128875951885623,0.012299123089594022,368.6696836100891,101507.63118566472
11134841.0,1603752518.0,1.0128880302941818,0.012292573648619862,212.95039858995003,101507.67479024724
11135341.0,1603758933.0,1.0128979842145864,0.012143009257020634,4897.515512030106,101508.67233319877
11135841.0,1603765584.0,1.0129012537324873,0.012096240933386451,1612.1113622300327,101508.9999914886
11136341.0,1603772477.0,1.0129164210390784,0.0119055178881027,7515.15506559005,101510.51999960287
11136841.0,1603778621.0,1.0129249358240708,0.011773694714855077,4250.322175889742,101511.37331803498
11137341.0,1603785187.0,1.0129345614689136,0.011634831486162392,4835.971603640355,101512.33796249432
11137841.0,1603791962.0,1.0130443836963952,0.010214163787194856,54449.709504779894,101523.34391637916
11138341.0,1603798216.0,1.0130649567653311,0.010025321891409913,10079.345215890091,101525.40566884195
11138841.0,1603804545.0,1.0130663823510293,0.010008483204950408,701.8114458099009,101525.54853546208
11139341.0,1603811202.0,1.0130678421784711,0.010012966953761993,717.6757064796982,101525.69483365574
11139841.0,1603817660.0,1.013069158634823,0.010002831277312052,648.0769888199867,101525.8267637598
11140341.0,1603824946.0,1.013069158634823,0.010002831277312052,0.0,101525.8267637598
11140841.0,1603831050.0,1.0130693655982006,0.010000110865934659,101.9606957100332,101525.84750481961
11141341.0,1603837877.0,1.0130693655982006,0.010000110865934659,0.0,101525.84750481961
11141841.0,1603844862.0,1.013070465308506,0.010012862918619648,540.2677132100798,101525.95771348306
11142341.0,1603851227.0,1.013071043837509,0.010010535840824371,284.60640854015946,101526.01569139586
11142841.0,1603857715.0,1.0130721387906698,0.009996193894874059,539.3196210297756,101526.12542331687
11143341.0,1603864653.0,1.0130869172553318,0.010180722134916708,7230.890384919941,101527.60646321463
11143841.0,1603870920.0,1.0130950639413354,0.010225317086609882,3961.3765354203056,101528.42289220652
11144341.0,1603877453.0,1.013098008007553,0.010264977343508277,1429.1652115397155,101528.71793500216
11144841.0,1603884521.0,1.0130984337276148,0.010263457117362365,204.88091485016048,101528.76059900087
11145341.0,1603891031.0,1.0130992549043614,0.010274203410160186,394.3630631002598,101528.84289412103
11145841.0,1603897378.0,1.0130992549043614,0.010274203410160186,0.0,101528.84289412103
11146341.0,1603903721.0,1.0131035691078885,0.010316889422945941,2071.5130424499507,101529.27524671632
11146841.0,1603910262.0,1.01311409373758,0.010215890571155116,5073.811276020017,101530.32998391928
11147341.0,1603916790.0,1.01311409373758,0.010215890571155116,0.0,101530.32998391928
11147841.0,1603923621.0,1.0131145678480415,0.010209526771949579,229.0,101530.37749741443
11148341.0,1603930446.0,1.0131152631683655,0.010200200256471793,336.0,101530.44717969642
11148841.0,1603937107.0,1.01311633226219,0.010197169852147973,516.1964365099557,101530.55432009595
11149341.0,1603944114.0,1.0131213071416694,0.010181338122009793,2402.946677430067,101531.05288304982
11149841.0,1603950407.0,1.013124352427066,0.010205782135373098,1469.6955274096688,101531.35806963552
11150341.0,1603956990.0,1.0131268705289174,0.010231755281395456,1213.439169649966,101531.61042394931
11150841.0,1603963925.0,1.0131302353256657,0.01026873819013816,1618.6694889203643,101531.9476307124
11151341.0,1603970243.0,1.0131311203701787,0.01025679951685173,426.4780584299006,101532.03632641016
11151841.0,1603976541.0,1.0131313243922069,0.010259503266861756,98.02497773990036,101532.05677269948
11152341.0,1603983236.0,1.0131313243922069,0.010259503266861756,0.0,101532.05677269948
11152841.0,1603990159.0,1.0131313243922069,0.010259503266861756,0.0,101532.05677269948
11153341.0,1603996359.0,1.0131313243922069,0.010259503266861756,0.0,101532.05677269948
11153841.0,1604003247.0,1.0131313243922069,0.010259503266861756,0.0,101532.05677269948
11154341.0,1604009650.0,1.0131313243922069,0.010259503266861756,0.0,101532.05677269948
11154841.0,1604016602.0,1.0131313243922069,0.010259503266861756,0.0,101532.05677269948
11155341.0,1604023374.0,1.0131313243922069,0.010259503266861756,0.0,101532.05677269948
11155841.0,1604029776.0,1.0131313243922069,0.010259503266861756,0.0,101532.05677269948
11156341.0,1604036695.0,1.0131313243922069,0.010259503266861756,0.0,101532.05677269948
11156841.0,1604043343.0,1.0131313243922069,0.010259503266861756,0.0,101532.05677269948
11157341.0,1604050029.0,1.0131313243922069,0.010259503266861756,0.0,101532.05677269948
11157841.0,1604056717.0,1.0131313243922069,0.010259503266861756,0.0,101532.05677269948
11158341.0,1604063650.0,1.0131463562461769,0.010104942918581005,7268.7899066400705,101533.56320628212
11158841.0,1604070333.0,1.0131465970542894,0.010108141183524986,114.43283152999355,101533.5873391288
11159341.0,1604076813.0,1.0131468497100091,0.010105888305191015,120.3557366398163,101533.61265929637
11159841.0,1604083409.0,1.0131473326589346,0.010099476245050084,230.24364421004432,101533.66105854779
11160341.0,1604090147.0,1.0131473326589346,0.010099476245050084,0.0,101533.66105854779
11160841.0,1604096995.0,1.0131473326589346,0.010099476245050084,0.0,101533.66105854779
11161341.0,1604102943.0,1.0131473326589346,0.010099476245050084,0.0,101533.66105854779
11161841.0,1604110046.0,1.0131473326589346,0.010099476245050084,0.0,101533.66105854779
11162341.0,1604116421.0,1.0131579863718112,0.009984523927714548,5100.598579020239,101534.72873196247
11162841.0,1604122936.0,1.0131582593711173,0.009980942472462522,130.92879124963656,101534.75609088464
11163341.0,1604130028.0,1.0131582593711237,0.0099809424724624,0.0,101534.75609088523
11163841.0,1604137018.0,1.013162545847248,0.010037359610935277,1992.1890735300256,101535.18566474873
11164341.0,1604143368.0,1.0131885733159942,0.009881446404055557,11996.666782750282,101537.79403581648
11164841.0,1604149715.0,1.0131885733159942,0.009881446404055557,0.0,101537.79403581648
11165341.0,1604156323.0,1.0131885733159942,0.009881446404055557,0.0,101537.79403581648
11165841.0,1604162578.0,1.013201818585741,0.00972404369713615,6131.842378309928,101539.12142491947
11166341.0,1604169493.0,1.0132033548631003,0.009704431050580513,713.4362856000662,101539.27538462477
11166841.0,1604176519.0,1.0132058142786486,0.00971277199075948,1146.511361009907,101539.52185762688
11167341.0,1604182750.0,1.0132058142786486,0.00971277199075948,0.0,101539.52185762688
11167841.0,1604189131.0,1.013206888233521,0.009699070592598532,501.8658803999424,101539.6294851816
11168341.0,1604195774.0,1.0132070780293645,0.009696651981255015,88.70138738024981,101539.64850577831
11168841.0,1604202466.0,1.013212315422387,0.00963005798111935,2455.415410379879,101540.17337681225
11169341.0,1604209630.0,1.013212315422387,0.00963005798111935,0.0,101540.17337681225
11169841.0,1604216346.0,1.0132287487899572,0.009521381678766212,7748.68267872976,101541.82026460348
11170341.0,1604222808.0,1.0132302980368222,0.009502014581284048,731.2494118199684,101541.97552406184
11170841.0,1604229160.0,1.0132323286762608,0.009476678647023005,960.0,101542.17902680012
11171341.0,1604235602.0,1.0132386337252677,0.009398361334127988,2992.023720439989,101542.81089413883
11171841.0,1604242296.0,1.0132394209852695,0.009390813425440084,373.71334606036544,101542.88979025556
11172341.0,1604249202.0,1.0132520793182107,0.009248968596223893,6045.977759069763,101544.15835884867
11172841.0,1604255710.0,1.013252080673832,0.009248985070277242,0.6467742398381233,101544.15849470376
11173341.0,1604262433.0,1.013252080673832,0.009248985070277242,0.0,101544.15849470376
11173841.0,1604268954.0,1.013252080673832,0.009248985070277242,0.0,101544.15849470376
11174341.0,1604275381.0,1.0132577093808144,0.009180762003255571,2701.4630000004545,101544.7225816914
11174841.0,1604282528.0,1.013258409082994,0.00918920696157844,250.99269054969773,101544.79270310578
11175341.0,1604289452.0,1.013263992472224,0.009175742877574746,2006.5357610299245,101545.35224852564
11175841.0,1604296349.0,1.0132651397667232,0.00916191954200071,403.0528516303749,101545.4672258908
11176341.0,1604302778.0,1.0132663928743026,0.009148503652173248,435.75723805977026,101545.59280742881
11176841.0,1604309508.0,1.0133248345485122,0.008593889452232589,20743.66280488996,101551.4496033257
11177341.0,1604315896.0,1.0133265565733192,0.008574461201593013,618.6000000000931,101551.62217791325
11177841.0,1604322788.0,1.0133322048809257,0.008511026829487341,2034.498820709996,101552.18822919881
11178341.0,1604328920.0,1.0133326546879795,0.008505998253965929,162.23328428016976,101552.2333071016
11178841.0,1604335626.0,1.013333326808174,0.008498707051884158,242.48488598968842,101552.30066435732
11179341.0,1604342118.0,1.0133333268081741,0.008498707051884158,0.0,101552.30066435732
11179841.0,1604348896.0,1.013333326808183,0.008498707051884007,0.0,101552.30066435825
11180341.0,1604355739.0,1.013333326808183,0.008498707051884007,0.0,101552.30066435825
11180841.0,1604362151.0,1.0133348032796878,0.0084822327794234,519.2147068399936,101552.44863055476
11181341.0,1604368509.0,1.013335372151358,0.008475894757587253,200.1568779703229,101552.50564064745
11181841.0,1604375014.0,1.013335479079362,0.008474704076805638,37.627172149717815,101552.51635655359
11182341.0,1604381868.0,1.0133355126110783,0.008475077437158534,11.764163829851894,101552.51971697096
11182841.0,1604388337.0,1.013335806400558,0.008471806505387293,103.40000894013792,101552.54915940297
11183341.0,1604395198.0,1.0133370622392026,0.00848163771694605,440.90106059005484,101552.67501463764
11183841.0,1604401705.0,1.0133412617785766,0.008452307928661999,1363.1728743901476,101553.09587604016
11184341.0,1604408366.0,1.0133551096571205,0.008332912764172777,4401.801103449892,101554.48365623868
11184841.0,1604415401.0,1.0133564719527153,0.008340963485888088,433.2179076201282,101554.62018017232
11185341.0,1604422298.0,1.0133703171213777,0.00841139541098092,4391.873246029952,101556.00768879712
11185841.0,1604429100.0,1.013371986775316,0.00841727438464903,528.5544525301084,101556.17501498117
11186341.0,1604435164.0,1.013371986775316,0.00841727438464903,0.0,101556.17501498117
11186841.0,1604441608.0,1.013371986775316,0.00841727438464903,0.0,101556.17501498117
11187341.0,1604448306.0,1.0133733345820346,0.008432194554050303,426.0316117098555,101556.31008689632
11187841.0,1604454951.0,1.0133755041038586,0.008449611626892391,685.7724347901529,101556.5275078838
11188341.0,1604461657.0,1.013400170853642,0.008232387023429528,7875.110783829819,101558.99951302183
11188841.0,1604467890.0,1.013402318805738,0.008209178061666355,689.6128854998387,101559.21477237556
11189341.0,1604475109.0,1.0134037925253918,0.008194111065672657,473.5892033600248,101559.36246279236
11189841.0,1604481727.0,1.013404630966383,0.008197065277922468,268.9393608402461,101559.44648806752
11190341.0,1604488624.0,1.0134074834842806,0.008166386992151026,918.0904900198802,101559.73235624883
11190841.0,1604495343.0,1.0134078023925133,0.008162965994090568,102.69900000002235,101559.76431598401
11191341.0,1604501874.0,1.0134099729850514,0.008139705513892736,700.0,101559.98184427424
11191841.0,1604508434.0,1.013413784627581,0.008137952933535144,1227.5976866199635,101560.36383217297
11192341.0,1604514738.0,1.013413784627581,0.008137952933535144,0.0,101560.36383217297
11192841.0,1604521487.0,1.013413784627581,0.008137952933535144,0.0,101560.36383217297
11193341.0,1604527635.0,1.01341410046648,0.008134576675197281,101.88790130987765,101560.39548431149
11193841.0,1604534364.0,1.013414368132739,0.008131716515969193,86.36285725003107,101560.42230877653
11194341.0,1604541384.0,1.013416522215225,0.008108727737649918,695.8082140600309,101560.638182494
11194841.0,1604547789.0,1.013419618437701,0.008128583339295798,998.1496914098973,101560.94847379447
11195341.0,1604554703.0,1.013503355424476,0.008409274811046459,24402.040360470302,101569.34026693176
11195841.0,1604561467.0,1.0135871267010363,0.008650683857544072,22493.87305121962,101577.73549645717
11196341.0,1604567952.0,1.0135875588075764,0.008655595783417774,115.21834685001522,101577.77880048373
11196841.0,1604574411.0,1.0136005145063174,0.008799437280998612,3447.400905870367,101579.07716991364
11197341.0,1604581114.0,1.0136071667854734,0.00887158540980885,1756.4326500697061,101579.74383529912
11197841.0,1604587556.0,1.0136515490559506,0.00883477027973978,11837.934433150105,101584.19165277088
11198341.0,1604594222.0,1.0136687007203669,0.008889278691050637,4519.935076060239,101585.91052546124
11198841.0,1604600857.0,1.013681211181666,0.00903088187190368,3284.2390473997225,101587.16427493704
11199341.0,1604607471.0,1.0136822680305029,0.009043430045205641,275.80615082010627,101587.27018819182
11199841.0,1604613862.0,1.013682479370854,0.009045940722645009,55.115251389797784,101587.29136789481
11200341.0,1604620494.0,1.0136852218508163,0.00907861123273755,715.1104288799687,101587.56620850484
11200841.0,1604627038.0,1.0136889338564952,0.009054478724716023,969.528421510011,101587.93821118829
11201341.0,1604633811.0,1.0137043944149828,0.009231383638865574,4023.3621848099865,101589.48760786008
11201841.0,1604639922.0,1.0137649721722883,0.009271602342711507,15783.161152380051,101595.558473646
11202341.0,1604646640.0,1.01376618638366,0.00928123580466169,312.85515253012994,101595.68015715825
11202841.0,1604653131.0,1.0138053836045475,0.00912678974249675,10136.47416509036,101599.60834925008
11203341.0,1604659307.0,1.013806224748754,0.00913687949326474,218.3572132093832,101599.69264543091
11203841.0,1604666382.0,1.0138069051987149,0.009143418819615421,176.5911849103868,101599.76083746328
11204341.0,1604673051.0,1.013807420395013,0.00914725189816872,133.6920764502138,101599.81246842023
11204841.0,1604679523.0,1.0138118042843294,0.009195492470423387,1136.784586799331,101600.2518046526
11205341.0,1604686227.0,1.0138118042843294,0.009195492470423387,0.0,101600.2518046526
11205841.0,1604693413.0,1.0138118042843294,0.009195492470423387,0.0,101600.2518046526
11206341.0,1604699606.0,1.013812040397843,0.009192641507412832,61.25780106056482,101600.275467025
11206841.0,1604706456.0,1.013812040397843,0.009192641507412832,0.0,101600.275467025
11207341.0,1604713010.0,1.0138205003087923,0.009096712861813431,2205.8595752194524,101601.12328619523
11207841.0,1604719421.0,1.0138394903920702,0.009118948922660578,4968.160616090521,101603.02639802988
11208341.0,1604726110.0,1.0138412097762186,0.009112468329297026,447.5237656198442,101603.19870798098
11208841.0,1604732699.0,1.0138412097762186,0.009112468329297026,0.0,101603.19870798098
11209341.0,1604739123.0,1.0138413632720251,0.009110631674676321,40.0021201800555,101603.21409073008
11209841.0,1604745728.0,1.013845844448798,0.009062130636912495,1170.942681630142,101603.66317673061
11210341.0,1604752403.0,1.013845844448798,0.009062130636912495,0.0,101603.66317673061
11210841.0,1604759170.0,1.0138724998250759,0.008895154506502415,7026.51458304003,101606.33447423409
11211341.0,1604766143.0,1.013875251609191,0.00892737220325681,723.3356565898282,101606.61024726988
11211841.0,1604772590.0,1.01387763010174,0.008899530275647459,626.7437975900248,101606.8486104857
11212341.0,1604779136.0,1.01387763010174,0.008899530275647459,0.0,101606.8486104857
11212841.0,1604785968.0,1.013878403374227,0.008890496059369837,204.0,101606.9261048284
11213341.0,1604792736.0,1.0138792307864632,0.008880840288514916,218.37946543004364,101607.00902484493
11213841.0,1604799708.0,1.0138818114959909,0.008850776281849822,682.2294242801145,101607.26765345498
11214341.0,1604805914.0,1.0138841848622424,0.008823225214111328,628.2656385796145,101607.50550293336
11214841.0,1604812632.0,1.0138882910527398,0.008775730272919677,1090.0,101607.91700927676
11215341.0,1604819305.0,1.0138882910527398,0.008775730272919677,0.0,101607.91700927676
11215841.0,1604826320.0,1.0138887214825538,0.008770770967590791,114.32577100023629,101607.96014526836
11216341.0,1604833237.0,1.013888721482565,0.008770770967590599,0.0,101607.96014526948
11216841.0,1604840043.0,1.013888721482565,0.008770770967590599,0.0,101607.96014526948
11217341.0,1604846526.0,1.0139143903284251,0.008562781923173444,6602.482905799523,101610.532576555
11217841.0,1604853145.0,1.0139172667350362,0.008573156525671921,739.4192513702437,101610.82083876964
11218341.0,1604859817.0,1.0139182490403231,0.008562102225659295,253.13099670037627,101610.91928156157
11218841.0,1604866045.0,1.0139182490403231,0.008562102225659295,0.0,101610.91928156157
11219341.0,1604872514.0,1.0139182490403231,0.008562102225659295,0.0,101610.91928156157
11219841.0,1604878833.0,1.0139263193904198,0.008471624868723833,2090.4198627797887,101611.72806046759
11220341.0,1604885352.0,1.0139263193904198,0.008471624868723833,0.0,101611.72806046759
11220841.0,1604892344.0,1.0139263193904198,0.008471624868723833,0.0,101611.72806046759
11221341.0,1604898971.0,1.0139263193904198,0.008471624868723833,0.0,101611.72806046759
11221841.0,1604905784.0,1.0139636909233667,0.00819894596213329,9804.640262059867,101615.47328925828
11222341.0,1604912376.0,1.0139700574572428,0.00813059153123162,1682.5997945796698,101616.11131836998
11222841.0,1604918932.0,1.013970057457247,0.00813059153123156,0.0,101616.11131837039
11223341.0,1604925534.0,1.013970057457247,0.00813059153123156,0.0,101616.11131837039
11223841.0,1604932214.0,1.0139884193556348,0.007948734052544993,4412.889615599997,101617.95147597356
11224341.0,1604938911.0,1.0140150039836715,0.008152095179666042,6364.635466339998,101620.61568336516
11224841.0,1604945143.0,1.0140150039836715,0.008152095179666042,0.0,101620.61568336516
11225341.0,1604951920.0,1.0140150039836715,0.008152095179666042,0.0,101620.61568336516
11225841.0,1604958783.0,1.014016033789512,0.00816312852889584,244.43458657059816,101620.71888647666
11226341.0,1604964930.0,1.0140170721529198,0.008174070021493535,246.30431840009987,101620.82294719412
11226841.0,1604971799.0,1.01401736261959,0.00817095303637789,69.07270049955696,101620.85205662716
11227341.0,1604978154.0,1.01401736261959,0.00817095303637789,0.0,101620.85205662716
11227841.0,1604984628.0,1.0140174111721794,0.008170432178073003,11.546129390597345,101620.85692237766
11228341.0,1604990955.0,1.0140174111721794,0.008170432178073003,0.0,101620.85692237766
11228841.0,1604998327.0,1.0140174626376963,0.00817098428690648,12.202125229872765,101620.86208005037
11229341.0,1605005180.0,1.0140239959409312,0.008232334165218317,1547.340465019457,101621.51682213462
11229841.0,1605011747.0,1.0140239959409312,0.008232334165218317,0.0,101621.51682213462
11230341.0,1605018676.0,1.0140586342110056,0.008544694924583466,8109.609149729833,101624.98813401596
11230841.0,1605025541.0,1.0140603525647784,0.008559283864414992,398.4156578006224,101625.16034070683
11231341.0,1605032024.0,1.0140603525647784,0.008559283864414992,0.0,101625.16034070683
11231841.0,1605038950.0,1.0140628610350562,0.008587541939903048,581.0753971701488,101625.41172978203
11232341.0,1605045468.0,1.0140653669974746,0.008615864823460072,579.5385929597543,101625.66286752932
11232841.0,1605052039.0,1.0140656175522278,0.008618699669436895,57.84888037946075,101625.68797714623
11233341.0,1605058308.0,1.014068134668827,0.008624211725446208,581.6944929100572,101625.94023272187
11233841.0,1605065085.0,1.014068134668827,0.008624211725446208,0.0,101625.94023272187
11234341.0,1605071636.0,1.0140686138705848,0.008618786858793212,110.95369719993325,101625.98825644684
11234841.0,1605078130.0,1.0140696906661737,0.00860660906165231,249.45214612036946,101626.09616868707
11235341.0,1605084828.0,1.0140721938557928,0.008634963153769722,578.2557395296171,101626.34702855528
11235841.0,1605091427.0,1.0140721938557928,0.008634963153769722,0.0,101626.34702855528
11236341.0,1605098126.0,1.0140763904213272,0.00868270283376631,967.2030605105684,101626.76759193128
11236841.0,1605104601.0,1.0140836337989194,0.008765721985616846,1663.1164701199161,101627.49349488897
11237341.0,1605111136.0,1.0140843495270484,0.008773964406669641,163.8310051104054,101627.56522236127
11237841.0,1605117964.0,1.0140845972962027,0.00877111062686268,56.86780166998506,101627.59005281636
11238341.0,1605124741.0,1.0140845972962027,0.00877111062686268,0.0,101627.59005281636
11238841.0,1605131531.0,1.0140845972962027,0.00877111062686268,0.0,101627.59005281636
11239341.0,1605138128.0,1.0140847474864552,0.00876938125847945,34.47496139910072,101627.60510429576
11239841.0,1605144643.0,1.014085460882591,0.008761169987067285,163.8310051104054,101627.67659806485
11240341.0,1605151151.0,1.0141115039713753,0.008535728451255152,6042.725471329875,101630.2865345117
11240841.0,1605158074.0,1.0141115039713753,0.008535728451255152,0.0,101630.2865345117
11241341.0,1605164372.0,1.0141115039713828,0.008535728451255034,0.0,101630.28653451244
11241841.0,1605170967.0,1.0141125800411803,0.008547799422621169,227.60551129002124,101630.39437401672
11242341.0,1605177977.0,1.014115614784693,0.008513784838832961,644.5385929597543,101630.69850413607
11242841.0,1605184691.0,1.0141164505456273,0.008504446174782314,177.63400716055185,101630.78226082644
11243341.0,1605191761.0,1.014119930621115,0.008521259518443902,738.0370043702424,101631.13102037366
11243841.0,1605198365.0,1.0141201514216605,0.008518789672293137,46.88980103004725,101631.15314814028
11244341.0,1605204716.0,1.0141201514216605,0.008518789672293137,0.0,101631.15314814028
11244841.0,1605211138.0,1.0141201514216605,0.008518789672293137,0.0,101631.15314814028
11245341.0,1605217559.0,1.0141201514216605,0.008518789672293137,0.0,101631.15314814028
11245841.0,1605224326.0,1.0141201514216605,0.008518789672293137,0.0,101631.15314814028
11246341.0,1605230865.0,1.0141201514216605,0.008518789672293137,0.0,101631.15314814028
11246841.0,1605237526.0,1.0141640096806768,0.008278444824960455,9435.658822789788,101635.548451234
11247341.0,1605243766.0,1.0141656280265423,0.008260866898486232,349.0,101635.71063552376
11247841.0,1605250365.0,1.0141656280265423,0.008260866898486232,0.0,101635.71063552376
11248341.0,1605257006.0,1.0141656280265423,0.008260866898486232,0.0,101635.71063552376
11248841.0,1605263718.0,1.0141656280265423,0.008260866898486232,0.0,101635.71063552376
11249341.0,1605270284.0,1.014167443826506,0.008280591704591785,390.37556585017586,101635.89260789061
11249841.0,1605277203.0,1.0141702432303357,0.00831109239482785,600.9053145498037,101636.17315318783
11250341.0,1605283770.0,1.0141795220092498,0.008413077726570208,1985.4786756699905,101637.10303610117
11250841.0,1605290436.0,1.0141888492044078,0.00844485484562044,1987.49469035957,101638.03777110096
11251341.0,1605297131.0,1.0141888492044078,0.00844485484562044,0.0,101638.03777110096
11251841.0,1605303695.0,1.0141888492044078,0.00844485484562044,0.0,101638.03777110096
11252341.0,1605310564.0,1.0141890602143129,0.008442515831273301,45.0125999506563,101638.05891768797
11252841.0,1605316957.0,1.0141896152727259,0.008448670656345155,118.04980218969284,101638.11454347006
11253341.0,1605323569.0,1.0141915562097534,0.008470230181754312,412.49791910033684,101638.30905658373
11253841.0,1605330388.0,1.0141937714003058,0.008494903229187214,470.14159977994865,101638.53105431244
11254341.0,1605337115.0,1.0142085562718854,0.00840487825421926,3159.329417550005,101640.0127362864
11254841.0,1605343690.0,1.014210401459002,0.008384534842097694,394.9332427494229,101640.19765371873
11255341.0,1605350393.0,1.0142375244536674,0.008206429275190105,5865.294281589799,101642.91581410712
11255841.0,1605356867.0,1.0142387118611105,0.008219235136239051,256.1446586800739,101643.03481143447
11256341.0,1605363652.0,1.0142387118611105,0.008219235136239051,0.0,101643.03481143447
11256841.0,1605370650.0,1.0142405819717988,0.00823547325671534,403.1814055303112,101643.22222660964
11257341.0,1605377135.0,1.0142405819717988,0.00823547325671534,0.0,101643.22222660964
11257841.0,1605383484.0,1.0142405819717988,0.00823547325671534,0.0,101643.22222660964
11258341.0,1605390095.0,1.0142405819717988,0.00823547325671534,0.0,101643.22222660964
11258841.0,1605396198.0,1.0142405819717988,0.00823547325671534,0.0,101643.22222660964
11259341.0,1605402723.0,1.0142405819717988,0.00823547325671534,0.0,101643.22222660964
11259841.0,1605409459.0,1.0142441341715729,0.008203188404246949,768.6871307604015,101643.57821417064
11260341.0,1605415921.0,1.0142443401528165,0.008200970589528695,44.58227709960192,101643.5988568048
11260841.0,1605422654.0,1.0142446635016642,0.008197490145688642,70.0,101643.631261561
11261341.0,1605429158.0,1.0142462703001769,0.008211687998150832,333.203703770414,101643.79228862026
11261841.0,1605435767.0,1.0142469853246576,0.008216610572855124,148.26027816999704,101643.86394557572
11262341.0,1605442374.0,1.0142475708323078,0.008222929140264448,121.2930126497522,101643.9226228612
11262841.0,1605449241.0,1.0142535168388596,0.008171520982696506,1237.0484588900579,101644.51850837008
11263341.0,1605456001.0,1.0142613129138909,0.008088127520947924,1632.418520390056,101645.29980050233
11263841.0,1605462028.0,1.0142613142259491,0.008088113591377961,0.27477904967963696,101645.29993199164
11264341.0,1605468434.0,1.0142613142259491,0.008088113591377961,0.0,101645.29993199164
11264841.0,1605474516.0,1.0142613142259491,0.008088113591377961,0.0,101645.29993199164
11265341.0,1605481614.0,1.0142642106838735,0.008094962675606835,605.9294208297506,101645.59020367057
11265841.0,1605488580.0,1.0142642106838735,0.008094962675606835,0.0,101645.59020367057
11266341.0,1605495046.0,1.0142646494805374,0.008090300901356682,91.88299942016602,101645.6341781551
11266841.0,1605502026.0,1.0142646494805374,0.008090300901356682,0.0,101645.6341781551
11267341.0,1605508546.0,1.0142646494805374,0.008090300901356682,0.0,101645.6341781551
11267841.0,1605515457.0,1.0142652395393486,0.008096570614805365,123.18633082043378,101645.69331154016
11268341.0,1605522711.0,1.0142652395393486,0.008096570614805365,0.0,101645.69331154016
11268841.0,1605529030.0,1.0142652395393486,0.008096570614805365,0.0,101645.69331154016
11269341.0,1605535847.0,1.0142652395393486,0.008096570614805365,0.0,101645.69331154016
11269841.0,1605542492.0,1.0142687718016337,0.008134241063915255,737.121108029969,101646.047301044
11270341.0,1605548849.0,1.0142700978607426,0.008132655468101095,276.6642792494968,101646.18019349883
11270841.0,1605555475.0,1.0142700978607426,0.008132655468101095,0.0,101646.18019349883
11271341.0,1605562229.0,1.0142700978607426,0.008132655468101095,0.0,101646.18019349883
11271841.0,1605568583.0,1.0142700978607426,0.008132655468101095,0.0,101646.18019349883
11272341.0,1605575261.0,1.0142700978607426,0.008132655468101095,0.0,101646.18019349883
11272841.0,1605581797.0,1.0142703742964496,0.008129704800821891,57.742719899863005,101646.20789680364
11273341.0,1605588568.0,1.0142706560475847,0.008126698494014782,58.86390706989914,101646.23613279984
11273841.0,1605595204.0,1.0142706560475847,0.008126698494014782,0.0,101646.23613279984
11274341.0,1605601952.0,1.0142731182641134,0.008100462544448794,515.0939623909071,101646.48288650526
11274841.0,1605608514.0,1.0142745335514023,0.008087135031760367,296.28521931916475,101646.62472105912
11275341.0,1605614771.0,1.0142785420962286,0.008048777532306468,841.4992347201332,101647.02644173546
11275841.0,1605621474.0,1.0143071778191293,0.008274351358342391,5971.081241640262,101649.89620182804
11276341.0,1605627986.0,1.0143077612995377,0.008280691908122502,120.44675819016993,101649.95467595133
11276841.0,1605634645.0,1.0143077612995377,0.008280691908122502,0.0,101649.95467595133
11277341.0,1605640980.0,1.0143077612995377,0.008280691908122502,0.0,101649.95467595133
11277841.0,1605648000.0,1.0143077612995377,0.008280691908122502,0.0,101649.95467595133
11278341.0,1605654825.0,1.0143077612995377,0.008280691908122502,0.0,101649.95467595133
11278841.0,1605661341.0,1.0143077612995377,0.008280691908122502,0.0,101649.95467595133
11279341.0,1605667755.0,1.0143088138656524,0.008269255679811183,218.0,101650.06016000843
11279841.0,1605674560.0,1.0143103092112675,0.008253033925268289,310.0,101650.21001769444
11280341.0,1605681376.0,1.0143352307097189,0.008005607092947009,5224.940891989507,101652.70755274713
11280841.0,1605688095.0,1.0143428339558105,0.008017913794221924,1488.1849964102732,101653.4695203176
11281341.0,1605694739.0,1.0143506814972798,0.007961460566782189,1514.7642729701474,101654.25597021489
11281841.0,1605701341.0,1.0143514071368305,0.007967422877142317,139.75627413019538,101654.32869097106
11282341.0,1605707843.0,1.0143519808165753,0.007961425471971472,110.7803063793108,101654.3861829102
11282841.0,1605714899.0,1.0143535403839283,0.007977744641554773,300.24196919053793,101654.54247664746
11283341.0,1605721475.0,1.0143763854635413,0.007742827018424663,4446.467057979666,101656.83192112957
11283841.0,1605728057.0,1.014377040915996,0.007740187992461818,128.27950234990567,101656.89760800963
11284341.0,1605734455.0,1.0143778582415754,0.007731887242426363,160.1699999999255,101656.9795171809
11284841.0,1605741472.0,1.0143804930506308,0.007705172836540119,517.2332153301686,101657.24356743396
11285341.0,1605748221.0,1.0143804930506308,0.007705172836540119,0.0,101657.24356743396
11285841.0,1605754738.0,1.0143804930506308,0.007705172836540119,0.0,101657.24356743396
11286341.0,1605761176.0,1.0143808494384068,0.007701569206181283,69.97809688001871,101657.27928322226
11286841.0,1605767927.0,1.014382177730496,0.007715010207909634,259.9762268299237,101657.4123994576
11287341.0,1605774687.0,1.014382177730496,0.007715010207909634,0.0,101657.4123994576
11287841.0,1605781242.0,1.0144525010157504,0.008297975204106932,12811.463187330402,101664.45992391864
11288341.0,1605787702.0,1.0145034223693945,0.008786294118359218,9043.80556601938,101669.5630627168
11288841.0,1605794265.0,1.0145074913035486,0.008789424030324133,708.1280669104308,101669.97083537524
11289341.0,1605800466.0,1.0145074913035486,0.008789424030324133,0.0,101669.97083537524
11289841.0,1605807013.0,1.0145074913035486,0.008789424030324133,0.0,101669.97083537524
11290341.0,1605813883.0,1.0145074913035486,0.008789424030324133,0.0,101669.97083537524
11290841.0,1605820219.0,1.0145074913035486,0.008789424030324133,0.0,101669.97083537524
11291341.0,1605826771.0,1.0145074913035486,0.008789424030324133,0.0,101669.97083537524
11291841.0,1605833229.0,1.0145090578728715,0.00880752122512338,271.9568567704409,101670.12783082256
11292341.0,1605840325.0,1.0145103850107902,0.008810287974254701,230.51154054980725,101670.26083139144
11292841.0,1605847262.0,1.0145104831984642,0.008809152812945514,17.07730000000447,101670.2706713759
11293341.0,1605853785.0,1.0145104831984642,0.008809152812945514,0.0,101670.2706713759
11293841.0,1605860360.0,1.0145122607645078,0.00878906899753239,309.5031474297866,101670.44881208887
11294341.0,1605867027.0,1.0145129077190091,0.008782362465327086,112.67627113964407,101670.51364733734
11294841.0,1605873498.0,1.0145132811311857,0.008781373278957973,64.97270379029214,101670.55106924447
11295341.0,1605880279.0,1.0145132811311857,0.008781373278957973,0.0,101670.55106924447
11295841.0,1605886607.0,1.0145143697666847,0.008770339567094826,189.693126630038,101670.66016803416
11296341.0,1605893425.0,1.0145154098672629,0.008758374624071814,181.3999939002097,101670.764402844
11296841.0,1605900365.0,1.0145154098672629,0.008758374624071814,0.0,101670.764402844
11297341.0,1605907039.0,1.0145155171801588,0.008757141268564354,18.7199993096292,101670.7751573225
11297841.0,1605913701.0,1.0145158292846368,0.008753554974234846,54.45563352014871,101670.80643521195
11298341.0,1605920346.0,1.0145158292846368,0.008753554974234846,0.0,101670.80643521195
11298841.0,1605927098.0,1.0145164904582509,0.008745961621130923,115.41086557973179,101670.87269544431
11299341.0,1605933762.0,1.0145237386407622,0.008825553375644871,1243.3267438700425,101671.59907993217
11299841.0,1605940194.0,1.0145243504591974,0.008818468996655502,105.0,101671.6603939816
11300341.0,1605946430.0,1.0145315311344891,0.008735661691450002,1236.7746304506434,101672.38001316012
11300841.0,1605952675.0,1.0145320241651004,0.008730010752820821,85.04129343945533,101672.42942275867
11301341.0,1605959780.0,1.0145323295972837,0.008733510738755676,52.523209650069475,101672.46003197688
11301841.0,1605966642.0,1.014534224304899,0.008711816036067644,327.05681105051184,101672.64991215974
11302341.0,1605973338.0,1.014535607388931,0.008696013522286009,239.0,101672.78851942916
11302841.0,1605980103.0,1.0145374101979936,0.008675453095268572,311.9368850495666,101672.96918989877
11303341.0,1605986461.0,1.0145376100253038,0.008677728460322642,34.47207192983478,101672.98921580982
11303841.0,1605992861.0,1.0145376100253038,0.008677728460322642,0.0,101672.98921580982
11304341.0,1605998893.0,1.0145376100253038,0.008677728460322642,0.0,101672.98921580982
11304841.0,1606005710.0,1.0145376100253038,0.008677728460322642,0.0,101672.98921580982
11305341.0,1606012280.0,1.0145376100253038,0.008677728460322642,0.0,101672.98921580982
11305841.0,1606018795.0,1.0145390096371532,0.008661800029913933,242.3300000000745,101673.12947943243
11306341.0,1606025602.0,1.0145390096371532,0.008661800029913933,0.0,101673.12947943243
11306841.0,1606032529.0,1.0145451878712866,0.008732376295265958,1065.4788557300344,101673.7486378808
11307341.0,1606039481.0,1.0145451878712866,0.008732376295265958,0.0,101673.7486378808
11307841.0,1606046005.0,1.0145468575097745,0.008713256786687253,288.23059892002493,101673.91596251646
11308341.0,1606052618.0,1.0145523144652426,0.008696517123913729,942.9342109998688,101674.46283723947
11308841.0,1606059011.0,1.0145599550919964,0.008707869137343264,1318.7802308704704,101675.22855095363
11309341.0,1606065579.0,1.0145779985052068,0.008602321007017345,3133.548784730025,101677.03679121859
11309841.0,1606072195.0,1.0145798378802804,0.008581570688050811,320.0,101677.22112619068
11310341.0,1606078796.0,1.0145798378802804,0.008581570688050811,0.0,101677.22112619068
11310841.0,1606085498.0,1.0145801625523625,0.008577915026508069,56.49597053974867,101677.25366355623
11311341.0,1606092314.0,1.0145801625523625,0.008577915026508069,0.0,101677.25366355623
11311841.0,1606099290.0,1.0145801625523625,0.008577915026508069,0.0,101677.25366355623
11312341.0,1606105675.0,1.0145824352876112,0.008552352332494441,396.0673443395645,101677.48142818928
11312841.0,1606112448.0,1.0145840132701751,0.008534656600619037,275.21929999999696,101677.63956742693
11313341.0,1606119361.0,1.0145865110012042,0.008506717650242865,436.2785000000149,101677.8898802566
11313841.0,1606125835.0,1.0146098816878868,0.008249600301756987,4141.973062260076,101680.23199902238
11314341.0,1606132418.0,1.0146133688778598,0.008226426972992397,619.3872146606445,101680.5814715555
11314841.0,1606139398.0,1.014620689068363,0.008151999625591927,1306.3535460596906,101681.31507240252
11315341.0,1606145990.0,1.0146243323254212,0.008127785743683967,640.9362824503332,101681.68018536824
11315841.0,1606152759.0,1.0146256659853383,0.008142021918267755,223.379036209546,101681.81383954633
11316341.0,1606159748.0,1.0146262612814012,0.008135663321355983,100.0,101681.8734977882
11316841.0,1606166024.0,1.0146262612814012,0.008135663321355983,0.0,101681.8734977882
11317341.0,1606172577.0,1.0146262612814012,0.008135663321355983,0.0,101681.8734977882
11317841.0,1606179468.0,1.0146347735194758,0.008045144440443465,1436.401862280443,101682.7265609782
11318341.0,1606185925.0,1.014649876026658,0.007887135414176074,2566.4088093098253,101684.24007514928
11318841.0,1606192459.0,1.0146890815812248,0.007519670615273422,6805.39761072956,101688.16910240988
11319341.0,1606198710.0,1.0147162093302264,0.007255934237504806,4797.303788630292,101690.88773925924
11319841.0,1606205197.0,1.014729537783789,0.007144605408566391,2383.279959259555,101692.22346471873
11320341.0,1606211670.0,1.0147328362774868,0.007151708703016836,590.0285745803268,101692.55402684957
11320841.0,1606218440.0,1.0147590227788452,0.006913270780759567,4771.13629878033,101695.1783355434
11321341.0,1606225202.0,1.0148661203747416,0.007956596077087135,16769.253476819955,101705.91123751273
11321841.0,1606231964.0,1.0148883492845888,0.008192616100749023,3334.165421199985,101708.13893187203
11322341.0,1606238531.0,1.0148883492845888,0.008192616100749023,0.0,101708.13893187203
11322841.0,1606245386.0,1.0148883492845888,0.008192616100749023,0.0,101708.13893187203
11323341.0,1606251292.0,1.0148883492845888,0.008192616100749023,0.0,101708.13893187203
11323841.0,1606258148.0,1.0148885629748152,0.00819031971247247,31.83999999985099,101708.16034707033
11324341.0,1606264790.0,1.0148889990895478,0.008185634731322158,65.0,101708.20405278224
11324841.0,1606271061.0,1.014890085979702,0.008173969728689768,162.08449999988082,101708.31297666034
11325341.0,1606277824.0,1.014891884005283,0.008154709043878253,268.38723594974726,101708.49316774805
11325841.0,1606284532.0,1.014892941390295,0.008160962577238038,157.5136023303494,101708.59913473619
11326341.0,1606291069.0,1.014897057222334,0.00811699372112476,615.5525351101533,101709.01160731721
11326841.0,1606297887.0,1.014897057222334,0.00811699372112476,0.0,101709.01160731721
11327341.0,1606304849.0,1.0148979853533178,0.008107114177467572,139.0,101709.10462097247
11327841.0,1606311826.0,1.014898712152331,0.008106507049461753,108.72539710998535,101709.17745792547
11328341.0,1606318474.0,1.0148997171701275,0.008117205009933626,150.06904284935445,101709.27817687624
11328841.0,1606324987.0,1.0149005570689862,0.008126155688863206,125.33083655033258,101709.36234825318
11329341.0,1606331611.0,1.0149005570689862,0.008126155688863206,0.0,101709.36234825318
11329841.0,1606338040.0,1.0149005570689862,0.008126155688863206,0.0,101709.36234825318
11330341.0,1606345127.0,1.0149005570689862,0.008126155688863206,0.0,101709.36234825318
11330841.0,1606351522.0,1.0149005570689862,0.008126155688863206,0.0,101709.36234825318
11331341.0,1606357978.0,1.0149065046060513,0.008062903010015906,892.8355210497975,101709.9583871441
11331841.0,1606364660.0,1.0149065046060513,0.008062903010015906,0.0,101709.9583871441
11332341.0,1606371407.0,1.0149071157060192,0.00805644140290065,91.80000000074509,101710.01962919156
11332841.0,1606377943.0,1.0149479510277442,0.007640899351341585,6250.170810369776,101714.11198533916
11333341.0,1606385144.0,1.0149830197091545,0.007293462289710925,5537.120000000114,101717.62643136027
11333841.0,1606391517.0,1.0149834068780794,0.007295955238583678,60.98168858978897,101717.66523191489
11334341.0,1606398298.0,1.014985747423913,0.007318405817514821,368.39234687946737,101717.89979225936
11334841.0,1606404592.0,1.0149912809379582,0.007298609062559477,873.585062940605,101718.4543393834
11335341.0,1606411190.0,1.0149967672202618,0.007325745532875084,863.6024054596201,101719.00415312707
11335841.0,1606417793.0,1.0149967672202618,0.007325745532875084,0.0,101719.00415312707
11336341.0,1606424254.0,1.0149967672202618,0.007325745532875084,0.0,101719.00415312707
11336841.0,1606431130.0,1.0149967672202618,0.007325745532875084,0.0,101719.00415312707
11337341.0,1606437343.0,1.0149969072803948,0.00732709154298547,22.0,101719.01818940553
11337841.0,1606444032.0,1.0149978329700164,0.00733567755252796,145.3991539301351,101719.11095839702
11338341.0,1606450707.0,1.0150223754150187,0.007216275653422441,3848.5591753097247,101721.57050619632
11338841.0,1606457369.0,1.0150724075534847,0.007531754991986901,7413.486382340079,101726.584531329
11339341.0,1606463906.0,1.015107677377848,0.0074906219733257735,5179.938775480725,101730.11913510977
11339841.0,1606470053.0,1.0151089287859456,0.007478333072652302,183.89999999944118,101730.24454633234
11340341.0,1606476969.0,1.0151089287859456,0.007478333072652302,0.0,101730.24454633234
11340841.0,1606484178.0,1.0151112601418903,0.007455493203526778,343.0,101730.47818570213
11341341.0,1606490770.0,1.0151129003721755,0.0074400026527861795,241.58204174973068,101730.6425631628
11341841.0,1606497687.0,1.0151131476412705,0.00743759014171502,36.43580000009389,101730.66734350387
11342341.0,1606504448.0,1.0151131476412705,0.00743759014171502,0.0,101730.66734350387
11342841.0,1606511487.0,1.0151131476412705,0.00743759014171502,0.0,101730.66734350387
11343341.0,1606518099.0,1.0151131476412705,0.00743759014171502,0.0,101730.66734350387
11343841.0,1606524611.0,1.0151131476412705,0.00743759014171502,0.0,101730.66734350387
11344341.0,1606530850.0,1.015134267881994,0.007233036050395134,3155.339999999851,101732.78393138203
11344841.0,1606537434.0,1.0151511889343012,0.007382880559797926,2510.8109094100078,101734.47969302928
11345341.0,1606544314.0,1.0151551702277348,0.007381884699150408,587.9258631402628,101734.87868267768
11345841.0,1606551071.0,1.0151683275932493,0.007465878833659598,1938.0659891003745,101736.19726236252
11346341.0,1606557710.0,1.0151711212467616,0.007438568453455873,411.3740999996662,101736.47723138546
11346841.0,1606564595.0,1.015174070737623,0.007410900999704337,435.19023479986936,101736.77281781768
11347341.0,1606570869.0,1.0151743741716508,0.007408609688082811,44.78469981066883,101736.80322678863
11347841.0,1606577290.0,1.0151746069548724,0.007406348163297031,34.37438999954611,101736.82655541216
11348341.0,1606583672.0,1.015174652671019,0.00740679222078457,6.730511009693147,101736.83113690547
11348841.0,1606590328.0,1.015174652671019,0.00740679222078457,0.0,101736.83113690547
11349341.0,1606596670.0,1.015174652671019,0.00740679222078457,0.0,101736.83113690547
11349841.0,1606603243.0,1.015174652671019,0.00740679222078457,0.0,101736.83113690547
11350341.0,1606610020.0,1.015174652671019,0.00740679222078457,0.0,101736.83113690547
11350841.0,1606616215.0,1.0151752888503751,0.00740061457167418,93.97000000067057,101736.89489231107
11351341.0,1606622470.0,1.0151810571143889,0.007344790298760178,854.5297723701224,101737.47296515832
11351841.0,1606629241.0,1.0151828084886227,0.007327930521245166,260.0,101737.6484810306
11352341.0,1606635784.0,1.0152916750440033,0.007760340570662683,15967.953723279756,101748.55866119721
11352841.0,1606642372.0,1.015292060108625,0.007756422886335555,55.55999999959022,101748.59725086676
11353341.0,1606648723.0,1.0153104785591516,0.007745339562318817,2664.807613329962,101750.44307590397
11353841.0,1606655466.0,1.0153104785591516,0.007745339562318817,0.0,101750.44307590397
11354341.0,1606662346.0,1.0153118972589237,0.007730941273668416,205.0,101750.5852524435
11354841.0,1606669215.0,1.0153124422656632,0.007725417398411594,78.79999999981374,101750.63987088623
11355341.0,1606676043.0,1.0153124422656632,0.007725417398411594,0.0,101750.63987088623
11355841.0,1606682824.0,1.015313250163536,0.0077172355711003894,116.8721009902656,101750.72083524961
11356341.0,1606689588.0,1.015313250163536,0.0077172355711003894,0.0,101750.72083524961
11356841.0,1606696320.0,1.015317506747072,0.007674263820192273,616.8904999997468,101751.14741339482
11357341.0,1606703181.0,1.01531795571941,0.0076697465380103766,65.15000000037253,101751.19240764565
11357841.0,1606709669.0,1.0153202550364169,0.0076466506437147435,334.0,101751.42283619847
11358341.0,1606716255.0,1.0153627839282364,0.007227803834416094,6332.252062420363,101755.68491531367
11358841.0,1606722702.0,1.015362997439049,0.007225780529424251,31.91999999992549,101755.70631253184
11359341.0,1606728787.0,1.0153706725895086,0.007153246553767942,1153.2384065398946,101756.47548607671
11359841.0,1606735128.0,1.0153717463269472,0.007160625700764614,160.93230397999287,101756.58309184104
11360341.0,1606741953.0,1.015373058526653,0.007148310953161537,197.23472339008003,101756.71459536073
11360841.0,1606748691.0,1.015373058526653,0.007148310953161537,0.0,101756.71459536073
11361341.0,1606755211.0,1.015376846228087,0.007112854116624426,570.7401376394555,101757.09418397653
11361841.0,1606762211.0,1.0154477489703744,0.0064669933606372855,11204.232200000437,101764.19977935386
11362341.0,1606768586.0,1.0154477489703744,0.0064669933606372855,0.0,101764.19977935386
11362841.0,1606775149.0,1.0154477489703744,0.0064669933606372855,0.0,101764.19977935386
11363341.0,1606781624.0,1.0154488844722371,0.006476630075592686,178.87189047969883,101764.31357490717
11363841.0,1606788409.0,1.0154585220945638,0.006398028697171005,1530.8614905001596,101765.27941970305
11364341.0,1606794962.0,1.0154627130343823,0.006365043186401921,667.1470282897352,101765.69941929178
11364841.0,1606801491.0,1.0154630268654656,0.006362424548840294,50.0,101765.73087021489
11365341.0,1606808410.0,1.015463836120328,0.006355675924251038,129.0,101765.81197057043
11365841.0,1606815472.0,1.0154689754555415,0.006336920029984685,819.8989848801866,101766.3270146344
11366341.0,1606821901.0,1.0154703988588505,0.0063300214143471355,227.19042585045105,101766.469662544
11366841.0,1606827987.0,1.01559126691504,0.007163168626310566,16920.509788519703,101778.58258615775
11367341.0,1606834679.0,1.015592121652231,0.0071551456864056015,116.30900000035764,101778.66824457428
11367841.0,1606841469.0,1.0155971541675717,0.007108038293946612,686.8871199991554,101779.17258356864
11368341.0,1606848466.0,1.0155986355491282,0.0070942445573701374,202.4254241799936,101779.32104183132
11368841.0,1606854489.0,1.0155986355491282,0.0070942445573701374,0.0,101779.32104183132
11369341.0,1606861186.0,1.0155986355491282,0.0070942445573701374,0.0,101779.32104183132
11369841.0,1606867896.0,1.0155994083320237,0.007087059699422287,105.67313800007105,101779.39848710912
11370341.0,1606875186.0,1.015599905450861,0.0070824420621788215,68.0,101779.44830641367
11370841.0,1606882450.0,1.0156044821506496,0.007040060596917606,627.2386000007391,101779.90696535703
11371341.0,1606889357.0,1.0156090929266834,0.006997607868210774,634.0,101780.3690392884
11371841.0,1606896327.0,1.0156131773316843,0.0069602317163819215,563.096623309888,101780.77836237462
11372341.0,1606902936.0,1.0156164907327916,0.006933847662092678,457.761421139352,101781.11041846764
11372841.0,1606909158.0,1.015616685285098,0.0069320794269830295,26.89954235032201,101781.12991573848
11373341.0,1606915394.0,1.0156230243792574,0.006874623116520229,879.7031000005081,101781.76519494918
11373841.0,1606922138.0,1.0156230243792574,0.006874623116520229,0.0,101781.76519494918
11374341.0,1606928489.0,1.0156230243792574,0.006874623116520229,0.0,101781.76519494918
11374841.0,1606935216.0,1.0156230243792574,0.006874623116520229,0.0,101781.76519494918
11375341.0,1606941501.0,1.0156230243792574,0.006874623116520229,0.0,101781.76519494918
11375841.0,1606948406.0,1.0156230243792574,0.006874623116520229,0.0,101781.76519494918
11376341.0,1606955220.0,1.0156230243792574,0.006874623116520229,0.0,101781.76519494918
11376841.0,1606961645.0,1.0156230243792574,0.006874623116520229,0.0,101781.76519494918
11377341.0,1606968294.0,1.0156506468522466,0.006878746284511626,3837.904305189848,101784.53341110064
11377841.0,1606974425.0,1.0156521219925685,0.006880554814668783,204.48426711000505,101784.68124389123
11378341.0,1606981050.0,1.015652244478299,0.006879450142726849,17.0,101784.69351893183
11378841.0,1606987683.0,1.015656811272771,0.006838340757909,635.5662913201378,101785.15118520317
11379341.0,1606994732.0,1.0157192013430545,0.00657003455621122,8884.574398409575,101791.40367390387
11379841.0,1607001435.0,1.0157214095917333,0.006552876481230887,314.0052551198752,101791.62497594519
11380341.0,1607007804.0,1.0157325411274531,0.006645027063323234,1577.4156357804306,101792.74053489539
11380841.0,1607014294.0,1.0157325411274531,0.006645027063323234,0.0,101792.74053489539
11381341.0,1607020898.0,1.0157347331543976,0.006625948856347283,310.0,101792.960211258
11381841.0,1607027447.0,1.0157347331543976,0.006625948856347283,0.0,101792.960211258
11382341.0,1607034145.0,1.0157347331543976,0.006625948856347283,0.0,101792.960211258
11382841.0,1607040642.0,1.0157347331543976,0.006625948856347283,0.0,101792.960211258
11383341.0,1607047651.0,1.0157437641196876,0.006547750119375857,1284.7733154296875,101793.86525925963
11383841.0,1607054276.0,1.0157447360643497,0.006539412744114534,138.33878856990486,101793.96266375024
11384341.0,1607061002.0,1.0157447360643497,0.006539412744114534,0.0,101793.96266375024
11384841.0,1607067563.0,1.0157490458356524,0.006502525132893496,615.2513792105019,101794.39457216537
11385341.0,1607074649.0,1.0157520598189618,0.006476870087463803,431.0,101794.69662177838
11385841.0,1607080942.0,1.015753859234399,0.0064616066448707436,257.64071494992817,101794.87695215207
11386341.0,1607087338.0,1.015753859234399,0.0064616066448707436,0.0,101794.87695215207
11386841.0,1607094096.0,1.0157560462642459,0.0064438286696217855,313.6008528601378,101795.09612772512
11387341.0,1607100622.0,1.0157562626713807,0.0064456567270656465,30.93995097931475,101795.11781520133
11387841.0,1607107414.0,1.0157562626713807,0.0064456567270656465,0.0,101795.11781520133
11388341.0,1607113642.0,1.0157562626713807,0.0064456567270656465,0.0,101795.11781520133
11388841.0,1607120651.0,1.0157562626713807,0.0064456567270656465,0.0,101795.11781520133
11389341.0,1607127911.0,1.0157564738657772,0.006443872637058373,30.286506840027872,101795.13898027726
11389841.0,1607134234.0,1.0157568120715,0.00644101651408032,48.51142000034452,101795.17287393137
11390341.0,1607140767.0,1.0157642743250432,0.006378217252134653,1074.8717652196062,101795.92071178039
11390841.0,1607147468.0,1.0157660734431602,0.006368762851887914,259.34240000043064,101796.10101235779
11391341.0,1607154089.0,1.0157678680369235,0.006353796290663285,259.091458009556,101796.28085952225
11391841.0,1607160746.0,1.0157703079626783,0.00633349374874213,352.93179712072015,101796.52537933351
11392341.0,1607167272.0,1.0157703188779623,0.00633358435834028,1.5741594098508358,101796.52647322057
11392841.0,1607173856.0,1.0157735995761914,0.0063063987186394044,475.2427989998832,101796.85525195916
11393341.0,1607180811.0,1.0157735995761914,0.0063063987186394044,0.0,101796.85525195916
11393841.0,1607187615.0,1.015774420799153,0.006299613136319401,119.10118998959659,101796.93755171075
11394341.0,1607193952.0,1.015774420799153,0.006299613136319401,0.0,101796.93755171075
11394841.0,1607200331.0,1.015774420799153,0.006299613136319401,0.0,101796.93755171075
11395341.0,1607207439.0,1.015774420799153,0.006299613136319401,0.0,101796.93755171075
11395841.0,1607214145.0,1.015774420799153,0.006299613136319401,0.0,101796.93755171075
11396341.0,1607220645.0,1.0157755231580037,0.006290514647333104,160.0,101797.04802580104
11396841.0,1607227077.0,1.0157767181326909,0.006280666438175936,173.57595433015373,101797.16778148807
11397341.0,1607233734.0,1.0157916646050755,0.006158587612175861,2186.118204999715,101798.66565846233
11397841.0,1607240322.0,1.0157950623642278,0.0061312087400957616,499.2331341607496,101799.00616858856
11398341.0,1607247236.0,1.0157953108529447,0.006129212107903198,36.537986299954355,101799.03107115539
11398841.0,1607253584.0,1.0158000120390729,0.006091531073344866,692.9216473298147,101799.50220563255
11399341.0,1607259724.0,1.015800977901731,0.006083822344634996,142.54999999981374,101799.59900060859
11399841.0,1607266453.0,1.0158021539176187,0.006074448877483744,173.69999695010483,101799.71685631892
11400341.0,1607272984.0,1.0158136978012091,0.006045016694530967,1707.4661667803302,101800.87373915914
11400841.0,1607280247.0,1.0158136978012091,0.006045016694530967,0.0,101800.87373915914
11401341.0,1607286653.0,1.0158136978012091,0.006045016694530967,0.0,101800.87373915914
11401841.0,1607293369.0,1.0158136978012091,0.006045016694530967,0.0,101800.87373915914
11402341.0,1607299947.0,1.0158136978012091,0.006045016694530967,0.0,101800.87373915914
11402841.0,1607306914.0,1.0158136978012091,0.006045016694530967,0.0,101800.87373915914
11403341.0,1607313477.0,1.0158140570273242,0.0060421710087078745,53.19999999925494,101800.90973939467
11403841.0,1607319780.0,1.0158411475500404,0.0059661591388374,4025.0,101803.6246455714
11404341.0,1607326050.0,1.015841867571489,0.005960846703192278,107.33504500053823,101803.69680330342
11404841.0,1607332810.0,1.0158418877524422,0.005961004361557468,3.0,101803.69882575957
11405341.0,1607339966.0,1.0158443294477364,0.005977075525071779,363.10068918019516,101803.94352290717
11405841.0,1607346446.0,1.0158604496179882,0.005851659496240175,2422.1596869993955,101805.5590232888
11406341.0,1607353028.0,1.0158742256974145,0.005746489985124113,2092.0,101806.9396080607
11406841.0,1607359618.0,1.0158742256974145,0.005746489985124113,0.0,101806.9396080607
11407341.0,1607366186.0,1.0158758306596742,0.0057344121151534574,243.9300003601238,101807.1004510979
11407841.0,1607373419.0,1.0158758306596742,0.0057344121151534574,0.0,101807.1004510979
11408341.0,1607379869.0,1.0158758306596742,0.0057344121151534574,0.0,101807.1004510979
11408841.0,1607386610.0,1.0158758306596742,0.0057344121151534574,0.0,101807.1004510979
11409341.0,1607393225.0,1.0158758306596742,0.0057344121151534574,0.0,101807.1004510979
11409841.0,1607400063.0,1.0158758306596742,0.0057344121151534574,0.0,101807.1004510979
11410341.0,1607406944.0,1.015877392600387,0.005722878944983282,237.65572683047503,101807.256982684
11410841.0,1607412898.0,1.0158879690655025,0.005643897699855147,1619.2781102191657,101808.31691463033
11411341.0,1607419857.0,1.0159044516392544,0.005654428700133515,2528.205122280866,101809.96873367259
11411841.0,1607426273.0,1.0159047128904308,0.005652493057536625,40.0,101809.99491524317
11412341.0,1607433196.0,1.0159071998716696,0.005634094890085267,381.22650464996696,101810.24415077092
11412841.0,1607439751.0,1.0159071998716696,0.005634094890085267,0.0,101810.24415077092
11413341.0,1607446881.0,1.0159072114446277,0.005634180338926722,1.7695698598399758,101810.24531056748
11413841.0,1607453676.0,1.0159072114446277,0.005634180338926722,0.0,101810.24531056748
11414341.0,1607460090.0,1.0159072114446277,0.005634180338926722,0.0,101810.24531056748
11414841.0,1607466609.0,1.0159072114446277,0.005634180338926722,0.0,101810.24531056748
11415341.0,1607473331.0,1.0159072114446277,0.005634180338926722,0.0,101810.24531056748
11415841.0,1607479181.0,1.0159072114446277,0.005634180338926722,0.0,101810.24531056748
11416341.0,1607485935.0,1.0159132262188972,0.005589862547017823,926.0,101810.84808770797
11416841.0,1607492317.0,1.0159166396887762,0.005564904179709158,526.3594162501395,101811.19017230174
11417341.0,1607499068.0,1.0160120541852071,0.004903511068689526,15381.308374329468,101820.75223976065
11417841.0,1607506092.0,1.0163250879198291,0.00325968552503316,57413.74594178051,101852.12325568935
11418341.0,1607512791.0,1.016761569567339,0.0048848492866015785,47389.4184941994,101895.86573837472
11418841.0,1607519296.0,1.0167662949853948,0.004854671612105144,467.5447310106829,101896.3393012809
11419341.0,1607525492.0,1.0167662949853948,0.004854671612105144,0.0,101896.3393012809
11419841.0,1607532298.0,1.0167676619838597,0.00484598643798635,135.36929999943823,101896.47629651774
11420341.0,1607539040.0,1.0167677121084857,0.00484566839100082,4.9640730004757625,101896.4813198116
11420841.0,1607545672.0,1.0167677121084857,0.00484566839100082,0.0,101896.4813198116
11421341.0,1607552043.0,1.0167677121084857,0.00484566839100082,0.0,101896.4813198116
11421841.0,1607558393.0,1.0167677121084857,0.00484566839100082,0.0,101896.4813198116
11422341.0,1607565205.0,1.0167677121084857,0.00484566839100082,0.0,101896.4813198116
11422841.0,1607571519.0,1.0167835569623165,0.004745869983347585,1582.216089129448,101898.06922905886
11423341.0,1607577963.0,1.0167883001458813,0.00471646996188051,475.6676912298426,101898.54457235485
11423841.0,1607584969.0,1.0167905454741728,0.004702618219182161,225.6547610005364,101898.76959036988
11424341.0,1607591920.0,1.016793553728658,0.0046844803711238005,303.0,101899.07106586256
11424841.0,1607598437.0,1.016793553728658,0.0046844803711238005,0.0,101899.07106586256
11425341.0,1607605594.0,1.0167968467801458,0.004664303915852385,332.40555099956686,101899.4010825964
11425841.0,1607612397.0,1.016797312253842,0.004661461626270382,47.0,101899.44773054877
11426341.0,1607618737.0,1.016797312253842,0.004661461626270382,0.0,101899.44773054877
11426841.0,1607625344.0,1.0168284396717768,0.004473824804058407,3201.158982570283,101902.56719856721
11427341.0,1607632247.0,1.0168284396717768,0.004473824804058407,0.0,101902.56719856721
11427841.0,1607638661.0,1.0168284396717768,0.004473824804058407,0.0,101902.56719856721
11428341.0,1607645858.0,1.0168284396717768,0.004473824804058407,0.0,101902.56719856721
11428841.0,1607652475.0,1.0168288608682878,0.004471357953221054,43.423899999819696,101902.60940923332
11429341.0,1607659209.0,1.016831235599369,0.00445746917750728,245.15629999991503,101902.84739548953
11429841.0,1607665886.0,1.016831235599369,0.00445746917750728,0.0,101902.84739548953
11430341.0,1607672660.0,1.016831235599369,0.00445746917750728,0.0,101902.84739548953
11430841.0,1607679613.0,1.016831235599369,0.00445746917750728,0.0,101902.84739548953
11431341.0,1607686179.0,1.016831235599369,0.00445746917750728,0.0,101902.84739548953
11431841.0,1607692885.0,1.016834209225838,0.004440139676349725,307.5022999998182,101903.14540069796
11432341.0,1607699356.0,1.0168347032863665,0.004437267949665352,51.13121300004422,101903.19491351076
11432841.0,1607706243.0,1.0168347032863665,0.004437267949665352,0.0,101903.19491351076
11433341.0,1607712855.0,1.0168347032863665,0.004437267949665352,0.0,101903.19491351076
11433841.0,1607719032.0,1.0168347032863665,0.004437267949665352,0.0,101903.19491351076
11434341.0,1607725148.0,1.0168347032863665,0.004437267949665352,0.0,101903.19491351076
11434841.0,1607732491.0,1.0168347032863665,0.004437267949665352,0.0,101903.19491351076
11435341.0,1607738965.0,1.0168347032863665,0.004437267949665352,0.0,101903.19491351076
11435841.0,1607745886.0,1.0168419641848077,0.004399644668034114,754.6221107002347,101903.92257233939
11436341.0,1607753030.0,1.0168421545576107,0.004398548126353,19.788390000350773,101903.94165075675
11436841.0,1607759333.0,1.0168432378700871,0.004400687316484788,112.37059495970608,101904.05021609396
11437341.0,1607766073.0,1.0168456319037138,0.004386907385437648,249.12590599991384,101904.29013677576
11437841.0,1607772642.0,1.0168456319037138,0.004386907385437648,0.0,101904.29013677576
11438341.0,1607779202.0,1.0168456319037138,0.004386907385437648,0.0,101904.29013677576
11438841.0,1607785661.0,1.0168458217297514,0.004385817160273555,19.760209999978546,101904.30916039839
11439341.0,1607792258.0,1.0168458217297514,0.004385817160273555,0.0,101904.30916039839
11439841.0,1607798794.0,1.0168458217297514,0.004385817160273555,0.0,101904.30916039839
11440341.0,1607805441.0,1.0168458217297514,0.004385817160273555,0.0,101904.30916039839
11440841.0,1607812323.0,1.0168458217297514,0.004385817160273555,0.0,101904.30916039839
11441341.0,1607818749.0,1.0168458217297514,0.004385817160273555,0.0,101904.30916039839
11441841.0,1607825626.0,1.0168458217297514,0.004385817160273555,0.0,101904.30916039839
11442341.0,1607832591.0,1.01684816651696,0.004372366610295077,244.39759999979287,101904.5441457969
11442841.0,1607838827.0,1.0168535587761565,0.004341586120657921,563.5532949604094,101905.08453691273
11443341.0,1607845263.0,1.0168537315864936,0.004340603870906658,18.082499999552965,101905.10185528848
11443841.0,1607851938.0,1.0168537315864936,0.004340603870906658,0.0,101905.10185528848
11444341.0,1607857985.0,1.0168537315864936,0.004340603870906658,0.0,101905.10185528848
11444841.0,1607864490.0,1.0168537315864936,0.004340603870906658,0.0,101905.10185528848
11445341.0,1607871461.0,1.0168537315864936,0.004340603870906658,0.0,101905.10185528848
11445841.0,1607878232.0,1.0169212154223464,0.00430411865643854,7154.876604830846,101911.86482124176
11446341.0,1607884836.0,1.0169282397683874,0.004264656506573863,741.0,101912.56877371448
11446841.0,1607891589.0,1.0169282397683874,0.004264656506573863,0.0,101912.56877371448
11447341.0,1607898674.0,1.0169282397683874,0.004264656506573863,0.0,101912.56877371448
11447841.0,1607905505.0,1.0169282397683874,0.004264656506573863,0.0,101912.56877371448
11448341.0,1607912388.0,1.0169282397683874,0.004264656506573863,0.0,101912.56877371448
11448841.0,1607918960.0,1.0169282397683874,0.004264656506573863,0.0,101912.56877371448
11449341.0,1607925655.0,1.0169358729909002,0.004222190172180178,808.9936082400383,101913.33374540461
11449841.0,1607932032.0,1.0169358729909002,0.004222190172180178,0.0,101913.33374540461
11450341.0,1607938410.0,1.0169683129553675,0.004045504853858279,3501.596540699713,101916.58475170033
11450841.0,1607944872.0,1.016971443437717,0.00402894267310975,340.0,101916.8984763913
11451341.0,1607951732.0,1.016971443437717,0.00402894267310975,0.0,101916.8984763913
11451841.0,1607958320.0,1.0169731845761611,0.004019764536441749,189.31999999936667,101917.07296647276
11452341.0,1607965317.0,1.0169731845761611,0.004019764536441749,0.0,101917.07296647276
11452841.0,1607971889.0,1.0169731845761611,0.004019764536441749,0.0,101917.07296647276
11453341.0,1607978424.0,1.0169731845761611,0.004019764536441749,0.0,101917.07296647276
11453841.0,1607984753.0,1.0169731845761611,0.004019764536441749,0.0,101917.07296647276
11454341.0,1607991570.0,1.0169864992702156,0.003950219187189898,1455.9155910005793,101918.40731300824
11454841.0,1607998432.0,1.0169987805569851,0.0038869656274636358,1358.0,101919.63809550948
11455341.0,1608004573.0,1.0170510656715603,0.0036283947719496384,5915.974945999681,101924.87790509152
11455841.0,1608011367.0,1.017053053514792,0.003618959429375439,227.79999999981374,101925.07711896145
11456341.0,1608018068.0,1.0170780733708369,0.0035018877769964056,2902.658891000785,101927.5845110272
11456841.0,1608024779.0,1.0170896903611215,0.003448839445216871,1363.6990169994533,101928.74872033428
11457341.0,1608031469.0,1.0170969281076416,0.0034162428293006753,853.6725707398728,101929.47405896793
11457841.0,1608038033.0,1.017097588284671,0.003413291350754105,77.90000000037253,101929.5402193264
11458341.0,1608044736.0,1.0171164488572664,0.003329546198139817,2253.316486789845,101931.43035210727
11458841.0,1608051179.0,1.0171638632283653,0.0031276604977698136,5799.650000000373,101936.1820348382
11459341.0,1608057828.0,1.0172009090303475,0.002978548097691052,4657.300999999978,101939.89462014622
11459841.0,1608064179.0,1.0172296352166257,0.002867978450468868,3685.6754768397664,101942.77344612447
11460341.0,1608071307.0,1.0172296352166257,0.002867978450468868,0.0,101942.77344612447
11460841.0,1608077959.0,1.0172296352166257,0.002867978450468868,0.0,101942.77344612447
11461341.0,1608084635.0,1.0172296352166257,0.002867978450468868,0.0,101942.77344612447
11461841.0,1608091192.0,1.0172296352166257,0.002867978450468868,0.0,101942.77344612447
11462341.0,1608098085.0,1.0172296352166257,0.002867978450468868,0.0,101942.77344612447
11462841.0,1608104749.0,1.0172296352166257,0.002867978450468868,0.0,101942.77344612447
11463341.0,1608111358.0,1.0172325446618813,0.002857069797742395,375.18420000001777,101943.06501934283
11463841.0,1608117968.0,1.0172360484864396,0.002843986025016735,452.83911495003855,101943.416158929
11464341.0,1608124265.0,1.0178846768602785,0.004894309076367568,48160.809827960096,102008.41915636024
11464841.0,1608131246.0,1.017905318306491,0.004781365148840218,1136.0839498294515,102010.48776132613
11465341.0,1608137729.0,1.017921724739409,0.004843892389616068,902.5489460406824,102012.13194983195
11465841.0,1608143789.0,1.017921724739409,0.004843892389616068,0.0,102012.13194983195
11466341.0,1608150558.0,1.017921724739409,0.004843892389616068,0.0,102012.13194983195
11466841.0,1608157174.0,1.0179222258703704,0.004840718097650912,27.5,102012.18217121591
11467341.0,1608164049.0,1.0179222258703704,0.004840718097650912,0.0,102012.18217121591
11467841.0,1608170570.0,1.0179366969215098,0.004749697700239553,800.2348309997467,102013.63240333338
11468341.0,1608177142.0,1.0179382657314722,0.004739957246717749,87.0,102013.78962332878
11468841.0,1608184066.0,1.0179460309427435,0.004691991853529528,432.36411220021546,102014.5678224158
11469341.0,1608191156.0,1.0179460309427435,0.004691991853529528,0.0,102014.5678224158
11469841.0,1608197717.0,1.0179460309427435,0.004691991853529528,0.0,102014.5678224158
11470341.0,1608204263.0,1.0179678059220882,0.0045593686282351395,1230.7974914601073,102016.75002563644
11470841.0,1608210649.0,1.0179678059220882,0.0045593686282351395,0.0,102016.75002563644
11471341.0,1608216832.0,1.0180504571190376,0.004079865115692318,4940.206197959371,102025.03300516633
11471841.0,1608223672.0,1.0180504571190376,0.004079865115692318,0.0,102025.03300516633
11472341.0,1608230680.0,1.018085901370951,0.003892952028960698,2168.878329739906,102028.5850893936
11472841.0,1608237155.0,1.018085901370951,0.003892952028960698,0.0,102028.5850893936
11473341.0,1608244028.0,1.018085901370951,0.003892952028960698,0.0,102028.5850893936
11473841.0,1608249944.0,1.018085901370951,0.003892952028960698,0.0,102028.5850893936
11474341.0,1608257095.0,1.018097087006313,0.0038362309585611306,689.3469920000061,102029.70606999824
11474841.0,1608263726.0,1.0181300460588478,0.003673514904213089,2065.4146613199264,102033.00909726883
11475341.0,1608270595.0,1.0181525216434295,0.0035663459810064296,1436.9145003203305,102035.26151240476
11475841.0,1608276648.0,1.0181526894684894,0.0035655633980514593,10.73072717990726,102035.27833117553
11476341.0,1608283307.0,1.0182070547963558,0.003322780718662365,3570.0292047802363,102040.72661159336
11476841.0,1608289782.0,1.0182113756411324,0.003304034818678802,287.0,102041.15962974867
11477341.0,1608296474.0,1.0182113756411324,0.003304034818678802,0.0,102041.15962974867
11477841.0,1608303472.0,1.0182131380040274,0.003302327714900632,117.00651868991554,102041.33624686158
11478341.0,1608310053.0,1.0182517164192249,0.003475056609457049,2550.3032708996907,102045.20242466868
11478841.0,1608317075.0,1.0182517164192249,0.003475056609457049,0.0,102045.20242466868
11479341.0,1608323411.0,1.0182518496995758,0.0034756622519126665,8.606305220164359,102045.21578150392
11479841.0,1608330017.0,1.0182518496995758,0.0034756622519126665,0.0,102045.21578150392
11480341.0,1608336441.0,1.0182518496995758,0.0034756622519126665,0.0,102045.21578150392
11480841.0,1608343111.0,1.0182518496995758,0.0034756622519126665,0.0,102045.21578150392
11481341.0,1608350015.0,1.0182518496995758,0.0034756622519126665,0.0,102045.21578150392
11481841.0,1608356851.0,1.0182538368733451,0.0034666377674272514,128.85985874012113,102045.41492828287
11482341.0,1608363630.0,1.018260169870029,0.003438018772580291,412.0,102046.04959642843
11482841.0,1608370358.0,1.0182626055592785,0.003427081145163617,158.82068299967796,102046.29369167377
11483341.0,1608376723.0,1.0182637852866163,0.0034217971149847963,77.0,102046.41191933108
11483841.0,1608383018.0,1.0182638299004336,0.0034215975226763572,2.912000000476837,102046.41639035326
11484341.0,1608389388.0,1.0182638299004336,0.0034215975226763572,0.0,102046.41639035326
11484841.0,1608396017.0,1.0182638299004336,0.0034215975226763572,0.0,102046.41639035326
11485341.0,1608402891.0,1.0182638299004336,0.0034215975226763572,0.0,102046.41639035326
11485841.0,1608409572.0,1.0182638299004336,0.0034215975226763572,0.0,102046.41639035326
11486341.0,1608416180.0,1.0182638299004336,0.0034215975226763572,0.0,102046.41639035326
11486841.0,1608422620.0,1.0182638299004336,0.0034215975226763572,0.0,102046.41639035326
11487341.0,1608429442.0,1.018267925084863,0.0034033019384732085,268.0148219997063,102046.8267937116
11487841.0,1608435782.0,1.0183740982395029,0.002953072035332494,7462.566974449904,102057.46705179576
11488341.0,1608442473.0,1.0183740982395029,0.002953072035332494,0.0,102057.46705179576
11488841.0,1608449142.0,1.0183811959816034,0.0029257342339819702,501.0,102058.17835973436
11489341.0,1608455604.0,1.0183855427369377,0.002909143876119005,307.4791999999434,102058.61397454432
11489841.0,1608461972.0,1.0183858423517176,0.002908004517554062,21.213000000454485,102058.64400076514
11490341.0,1608469264.0,1.018395456385854,0.0029120645090426078,681.4530824599788,102059.60748164493
11490841.0,1608475838.0,1.018395456385854,0.0029120645090426078,0.0,102059.60748164493
11491341.0,1608482308.0,1.018395456385854,0.0029120645090426078,0.0,102059.60748164493
11491841.0,1608488876.0,1.0184333360889657,0.0029986461956043177,2664.035988359712,102063.40363726091
11492341.0,1608495668.0,1.0184333360889657,0.0029986461956043177,0.0,102063.40363726091
11492841.0,1608501971.0,1.0184333360889657,0.0029986461956043177,0.0,102063.40363726091
11493341.0,1608508400.0,1.0184333360889657,0.0029986461956043177,0.0,102063.40363726091
11493841.0,1608515791.0,1.0184333360889657,0.0029986461956043177,0.0,102063.40363726091
11494341.0,1608522318.0,1.0184333360889657,0.0029986461956043177,0.0,102063.40363726091
11494841.0,1608529106.0,1.0184333360889657,0.0029986461956043177,0.0,102063.40363726091
11495341.0,1608535487.0,1.0184333360889657,0.0029986461956043177,0.0,102063.40363726091
11495841.0,1608542192.0,1.0184333360889657,0.0029986461956043177,0.0,102063.40363726091
11496341.0,1608548075.0,1.0184684046207009,0.002863525888483326,2487.757465000265,102066.91806828226
11496841.0,1608554845.0,1.0184717470552598,0.0028510282510974786,239.0,102067.2530339942
11497341.0,1608561306.0,1.018479289618062,0.002822987808692995,542.0,102068.00892012287
11497841.0,1608567868.0,1.018479289618062,0.002822987808692995,0.0,102068.00892012287
11498341.0,1608575028.0,1.0184814123557704,0.002830837345377548,152.08062937948853,102068.22165258936
11498841.0,1608581630.0,1.0184814123557704,0.002830837345377548,0.0,102068.22165258936
11499341.0,1608587965.0,1.0184814123557704,0.002830837345377548,0.0,102068.22165258936
11499841.0,1608594731.0,1.0184814123557704,0.002830837345377548,0.0,102068.22165258936
11500341.0,1608601461.0,1.0184814123557704,0.002830837345377548,0.0,102068.22165258936
11500841.0,1608608128.0,1.0184828046336305,0.0028256877086790468,100.0,102068.36118122828
11501341.0,1608614925.0,1.0184855767304284,0.002815457806986096,199.4664000002668,102068.63898992167
11501841.0,1608621456.0,1.0185550923156503,0.002565751094382959,5232.941668000072,102075.60556984613
11502341.0,1608627724.0,1.0185550923156503,0.002565751094382959,0.0,102075.60556984613
11502841.0,1608634299.0,1.0185629013876225,0.0025396447334870365,591.2741205301136,102076.38816448092
11503341.0,1608641260.0,1.0185629013876225,0.0025396447334870365,0.0,102076.38816448092
11503841.0,1608647609.0,1.0185631806404918,0.002538717839908909,21.160543999634683,102076.41615011074
11504341.0,1608653979.0,1.0185768096738477,0.0025845470115792627,1029.5015722503886,102077.7819985009
11504841.0,1608660921.0,1.0185768096738477,0.0025845470115792627,0.0,102077.7819985009
11505341.0,1608667580.0,1.0185768096738477,0.0025845470115792627,0.0,102077.7819985009
11505841.0,1608674034.0,1.0185768096738477,0.0025845470115792627,0.0,102077.7819985009
11506341.0,1608681115.0,1.0185768096738477,0.0025845470115792627,0.0,102077.7819985009
11506841.0,1608687678.0,1.0185768096738477,0.0025845470115792627,0.0,102077.7819985009
11507341.0,1608694164.0,1.0185768096738477,0.0025845470115792627,0.0,102077.7819985009
11507841.0,1608700558.0,1.0185781400617353,0.0025800547336462987,100.0,102077.91532476897
11508341.0,1608707125.0,1.0185781400617353,0.0025800547336462987,0.0,102077.91532476897
11508841.0,1608713864.0,1.0185781400617353,0.0025800547336462987,0.0,102077.91532476897
11509341.0,1608720413.0,1.0185781400617353,0.0025800547336462987,0.0,102077.91532476897
11509841.0,1608726615.0,1.0186256475856712,0.0024224178743126675,3683.3221673499793,102082.67634291266
11510341.0,1608733492.0,1.0186256475856712,0.0024224178743126675,0.0,102082.67634291266
11510841.0,1608740258.0,1.0186256475856712,0.0024224178743126675,0.0,102082.67634291266
11511341.0,1608746528.0,1.0186288185899286,0.0024123886534210518,246.49548656959087,102082.99412855065
11511841.0,1608753170.0,1.0186288185899286,0.0024123886534210518,0.0,102082.99412855065
11512341.0,1608760052.0,1.0186288185899286,0.0024123886534210518,0.0,102082.99412855065
11512841.0,1608766359.0,1.0186288185899286,0.0024123886534210518,0.0,102082.99412855065
11513341.0,1608773385.0,1.0186288185899286,0.0024123886534210518,0.0,102082.99412855065
11513841.0,1608780131.0,1.0186659486528422,0.0022967415269061144,2958.0,102086.71515815952
11514341.0,1608786752.0,1.0186741607751342,0.0023048202419884345,652.5507828099653,102087.53814492015
11514841.0,1608793559.0,1.0186741607751342,0.0023048202419884345,0.0,102087.53814492015
11515341.0,1608799996.0,1.0187454111418772,0.0025062669350626216,5565.1313653700045,102094.67857786016
11515841.0,1608806913.0,1.0188816800624874,0.0028596801418381643,10059.55113678053,102108.33491583986
11516341.0,1608813556.0,1.0188952723294675,0.002911153747138048,967.5372232003135,102109.69707964775
11516841.0,1608820019.0,1.0188952723294675,0.002911153747138048,0.0,102109.69707964775
11517341.0,1608826710.0,1.0188952723294675,0.002911153747138048,0.0,102109.69707964775
11517841.0,1608833432.0,1.0188952723294675,0.002911153747138048,0.0,102109.69707964775
11518341.0,1608839711.0,1.0188952723294675,0.002911153747138048,0.0,102109.69707964775
11518841.0,1608846504.0,1.0188952723294675,0.002911153747138048,0.0,102109.69707964775
11519341.0,1608853073.0,1.0188952723294675,0.002911153747138048,0.0,102109.69707964775
11519841.0,1608859570.0,1.018929950830501,0.002781542709875428,2494.789919999428,102113.17242331836
11520341.0,1608867051.0,1.018969833972856,0.0026518078213072995,2935.6438112100586,102117.16935577556
11520841.0,1608873524.0,1.018969833972856,0.0026518078213072995,0.0,102117.16935577556
11521341.0,1608880256.0,1.019018961686292,0.002485734634489216,3730.025054999627,102122.09274297084
11521841.0,1608887019.0,1.0190251380930129,0.002505906944763676,471.37813108041877,102122.71171828307
11522341.0,1608893323.0,1.0190343029527351,0.0025203265439198964,696.9334113700314,102123.6301846608
11522841.0,1608899975.0,1.0191275090667749,0.0024063513739889463,7178.7084788903585,102132.9709366782
11523341.0,1608906775.0,1.0191275090667749,0.0024063513739889463,0.0,102132.9709366782
11523841.0,1608913423.0,1.0191300860306984,0.002398257443754364,200.90759276971215,102133.22918991852
11524341.0,1608919877.0,1.0192473516336753,0.002080408386543121,9854.342569049448,102144.9810897683
11524841.0,1608926419.0,1.0192913328293152,0.0021824795933926984,3650.4054131805897,102149.38871308931
11525341.0,1608933155.0,1.0192966440802114,0.0021976887428316206,432.47594978008414,102149.92098587027
11525841.0,1608940253.0,1.0192966440802114,0.0021976887428316206,0.0,102149.92098587027
11526341.0,1608946787.0,1.0192988951081032,0.0021912320005349982,183.5999999996274,102150.14657507693
11526841.0,1608953532.0,1.0192988951081032,0.0021912320005349982,0.0,102150.14657507693
11527341.0,1608959881.0,1.019304364749802,0.0022069704934037006,444.782282570377,102150.69472116436
11527841.0,1608966339.0,1.0193458295237852,0.002306915296116707,3338.1984252296393,102154.85015855412
11528341.0,1608973226.0,1.0193614131209652,0.0023467705113500124,1234.4979025004432,102156.4118856822
11528841.0,1608979334.0,1.0193674667446713,0.002328252936679998,479.0,102157.01855616113
11529341.0,1608985850.0,1.01939861759234,0.002366844263913321,2461.3341704597697,102160.14037221584
11529841.0,1608992635.0,1.01940387549114,0.0023831809775807264,411.3960531195625,102160.66729825852
11530341.0,1608998889.0,1.0194142258789411,0.0023510753001058514,815.0,102161.7045736211
11530841.0,1609005767.0,1.0195415988252974,0.0019833456390123665,10704.119165000506,102174.46939187258
11531341.0,1609012670.0,1.0195704511860773,0.0020602345644189397,2466.152424809523,102177.36086256566
11531841.0,1609019105.0,1.0195704511860773,0.0020602345644189397,0.0,102177.36086256566
11532341.0,1609025718.0,1.0195704511860773,0.0020602345644189397,0.0,102177.36086256566
11532841.0,1609031973.0,1.0195708446823029,0.002061293559903593,33.0,102177.40029721758
11533341.0,1609038726.0,1.0195741264892448,0.002052469751833979,276.57340000011027,102177.72918706703
11533841.0,1609045753.0,1.02027710884768,0.002645183125050811,33858.40254556015,102248.17932813801
11534341.0,1609052406.0,1.0203792221647399,0.0027004646845862268,4650.6223511304715,102258.4127251867
11534841.0,1609058978.0,1.0204691174769678,0.0028748074289376238,3894.769261299634,102267.42168160227
11535341.0,1609065439.0,1.0204697362100374,0.002872487304686536,26.44789982028305,102267.48368860931
11535841.0,1609072471.0,1.0204710685330791,0.002867496560758132,57.0,102267.61720881096
11536341.0,1609079212.0,1.0205714147326914,0.002684339384303589,4469.843183219433,102277.67351226408
11536841.0,1609085647.0,1.0206457975499572,0.002430199416588961,3456.629999999888,102285.12786713762
11537341.0,1609092049.0,1.0206479399820685,0.002423412746249378,99.70340094994756,102285.34257330012
11537841.0,1609098955.0,1.0206479399820685,0.002423412746249378,0.0,102285.34257330012
11538341.0,1609105417.0,1.0206479399820685,0.002423412746249378,0.0,102285.34257330012
11538841.0,1609112041.0,1.0206479399820685,0.002423412746249378,0.0,102285.34257330012
11539341.0,1609118526.0,1.020800917092048,0.0024326777770241267,7305.6903634807095,102300.67334063641
11539841.0,1609124960.0,1.0208105957084108,0.002463661931007882,447.97979868017137,102301.6432936942
11540341.0,1609131551.0,1.0208182719996597,0.002485283933407543,353.4269615197554,102302.41258156447
11540841.0,1609138109.0,1.0208182719996597,0.002485283933407543,0.0,102302.41258156447
11541341.0,1609144366.0,1.0208421713273972,0.0024870755459446892,1103.7028246596458,102304.80767866816
11541841.0,1609150797.0,1.0208440306426647,0.002492397339597761,85.17854174971579,102304.99401196843
11542341.0,1609157315.0,1.0208867107658055,0.002636520126181519,1944.7051753103733,102309.27124689492
11542841.0,1609163693.0,1.0208867107658055,0.002636520126181519,0.0,102309.27124689492
11543341.0,1609170419.0,1.0209376335758753,0.002464344629911407,2350.0,102314.37453165038
11543841.0,1609177410.0,1.0209376335758753,0.002464344629911407,0.0,102314.37453165038
11544341.0,1609183689.0,1.0209376335758753,0.002464344629911407,0.0,102314.37453165038
11544841.0,1609190178.0,1.0209376335758753,0.002464344629911407,0.0,102314.37453165038
11545341.0,1609196837.0,1.0209376335758753,0.002464344629911407,0.0,102314.37453165038
11545841.0,1609203920.0,1.0209376335758753,0.002464344629911407,0.0,102314.37453165038
11546341.0,1609210443.0,1.0209493322724121,0.0024830834862211108,538.1635632598773,102315.54692923826
11546841.0,1609217532.0,1.0209493322724121,0.0024830834862211108,0.0,102315.54692923826
11547341.0,1609224143.0,1.0209493322724121,0.0024830834862211108,0.0,102315.54692923826
11547841.0,1609230742.0,1.0210018526799094,0.002360539590490489,2487.09814408049,102320.8103189562
11548341.0,1609237232.0,1.0210018526799094,0.002360539590490489,0.0,102320.8103189562
11548841.0,1609243884.0,1.0210018526799094,0.002360539590490489,0.0,102320.8103189562
11549341.0,1609250130.0,1.0210018526799094,0.002360539590490489,0.0,102320.8103189562
11549841.0,1609256947.0,1.0210018526799094,0.002360539590490489,0.0,102320.8103189562
11550341.0,1609264138.0,1.0210018526799094,0.002360539590490489,0.0,102320.8103189562
11550841.0,1609270973.0,1.0210018526799094,0.002360539590490489,0.0,102320.8103189562
11551341.0,1609277646.0,1.0210018526799094,0.002360539590490489,0.0,102320.8103189562
11551841.0,1609284306.0,1.0210018526799094,0.002360539590490489,0.0,102320.8103189562
11552341.0,1609291428.0,1.0210018526799094,0.002360539590490489,0.0,102320.8103189562
11552841.0,1609297768.0,1.0210018526799094,0.002360539590490489,0.0,102320.8103189562
11553341.0,1609304251.0,1.0210018526799094,0.002360539590490489,0.0,102320.8103189562
11553841.0,1609310621.0,1.0210018526799094,0.002360539590490489,0.0,102320.8103189562
11554341.0,1609317548.0,1.0210018526799094,0.002360539590490489,0.0,102320.8103189562
11554841.0,1609324400.0,1.0210117659267164,0.002330173611085563,470.0,102321.80378575897
11555341.0,1609330814.0,1.0210156440830953,0.0023419957587364724,183.517467269674,102322.19243941538
11555841.0,1609337654.0,1.021016094669143,0.002343372364312374,21.27902134042233,102322.2375953858
11556341.0,1609343950.0,1.021016094669143,0.002343372364312374,0.0,102322.2375953858
11556841.0,1609350243.0,1.021059551517887,0.0022124697420562427,2117.7859579995275,102326.5926707128
11557341.0,1609357168.0,1.021064174791575,0.002225867392483392,224.63571975007653,102327.05599711012
11557841.0,1609363342.0,1.021064174791575,0.002225867392483392,0.0,102327.05599711012
11558341.0,1609370212.0,1.021064174791575,0.002225867392483392,0.0,102327.05599711012
11558841.0,1609376825.0,1.021064174791575,0.002225867392483392,0.0,102327.05599711012
11559341.0,1609383436.0,1.021064174791575,0.002225867392483392,0.0,102327.05599711012
11559841.0,1609390491.0,1.0210733809401125,0.002199229255803774,450.0,102327.97860129132
11560341.0,1609397040.0,1.0210733809401125,0.002199229255803774,0.0,102327.97860129132
11560841.0,1609403832.0,1.021224150584804,0.001851502148898846,7750.035795260221,102343.08814509463
11561341.0,1609410180.0,1.021242520083942,0.0018951144557240887,972.748533819802,102344.92906441524
11561841.0,1609416277.0,1.021242520083942,0.0018951144557240887,0.0,102344.92906441524
11562341.0,1609423108.0,1.021316161589678,0.001981105710051337,3830.887002450414,102352.30912794816
11562841.0,1609429603.0,1.021407537451239,0.0018491687157849864,4981.012043929659,102361.46645922428
11563341.0,1609436634.0,1.0214760933916434,0.0019958481081502463,3829.017007639632,102368.33686730037
11563841.0,1609443418.0,1.0214840021395226,0.001975345232830763,449.20999999996286,102369.12945106454
11564341.0,1609450242.0,1.0214840021395226,0.001975345232830763,0.0,102369.12945106454
11564841.0,1609457092.0,1.0214840021395226,0.001975345232830763,0.0,102369.12945106454
11565341.0,1609463439.0,1.0214840021395226,0.0019753452328307624,0.0,102369.12945106454
11565841.0,1609469447.0,1.0214840021395224,0.001975345232830763,0.0,102369.1294510645
11566341.0,1609476101.0,1.0214874351718868,0.0019669754247049185,195.04692754987641,102369.473496134
11566841.0,1609482554.0,1.021487435171884,0.0019669754247049185,0.0,102369.47349613372
11567341.0,1609490038.0,1.0214890455556296,0.001971110289331314,102.2803640300408,102369.634882491
11567841.0,1609496841.0,1.0214973337525441,0.001950360544638916,531.0,102370.46549315262
11568341.0,1609503335.0,1.0215105259017072,0.0019290546389912765,855.4594085002318,102371.7875587186
11568841.0,1609509720.0,1.0215108429543982,0.0019298519989639656,20.66907388996333,102371.81933249859
11569341.0,1609515869.0,1.021514795097456,0.0019398308352081024,257.64570767059917,102372.21540081043
11569841.0,1609522306.0,1.021514795097456,0.0019398308352081024,0.0,102372.21540081043
11570341.0,1609529281.0,1.021514795097456,0.0019398308352081024,0.0,102372.21540081043
11570841.0,1609535904.0,1.021514795097456,0.0019398308352081024,0.0,102372.21540081043
11571341.0,1609542823.0,1.021514795097456,0.0019398308352081024,0.0,102372.21540081043
11571841.0,1609549324.0,1.021514795097456,0.0019398308352081024,0.0,102372.21540081043
11572341.0,1609555692.0,1.0215148792496371,0.001940043603587532,5.5,102372.22383421274
11572841.0,1609561899.0,1.0215244916110071,0.0019645743863969697,628.1511749392375,102373.18714745439
11573341.0,1609568653.0,1.0215244916110071,0.0019645743863969697,0.0,102373.18714745439
11573841.0,1609575475.0,1.0215263596859372,0.0019677889224041308,121.39472901076078,102373.37435861383
11574341.0,1609581705.0,1.0215268206439645,0.0019666069378744527,30.022811119444672,102373.42055402348
11574841.0,1609588553.0,1.0215523482817306,0.001989156065833891,1665.3821590701114,102375.97883398633
11575341.0,1609594920.0,1.0215523482817306,0.001989156065833891,0.0,102375.97883398633
11575841.0,1609601744.0,1.0215523482817306,0.001989156065833891,0.0,102375.97883398633
11576341.0,1609608546.0,1.021630523186131,0.0021601252301060424,5000.258562039584,102383.81321699344
11576841.0,1609614752.0,1.021637936244146,0.0021811447667778624,459.321314570494,102384.55612465912
11577341.0,1609621341.0,1.021639417420603,0.0021853608562679744,91.33178758993743,102384.70456236754
11577841.0,1609627973.0,1.021639417420603,0.0021853608562679744,0.0,102384.70456236754
11578341.0,1609634637.0,1.021639417420603,0.0021853608562679744,0.0,102384.70456236754
11578841.0,1609641472.0,1.021639417420603,0.0021853608562679744,0.0,102384.70456236754
11579341.0,1609648156.0,1.0216682920521294,0.002110471211343011,1804.8174995398153,102387.59826494774
11579841.0,1609655488.0,1.0216720508587784,0.002120846571886906,235.62557017989457,102387.97495784119
11580341.0,1609661817.0,1.0216720508587784,0.002120846571886906,0.0,102387.97495784123
11580841.0,1609668248.0,1.0216720508587784,0.002120846571886905,0.0,102387.97495784119
11581341.0,1609674682.0,1.0216794936426026,0.0021415664104314034,467.8190719503909,102388.72084451118
11581841.0,1609681330.0,1.0217074279507379,0.0022214257097380227,1749.9353087898346,102391.52031156073
11582341.0,1609687628.0,1.0219269976947785,0.0017830745385496352,15031.633341119625,102413.52473209413
11582841.0,1609694674.0,1.0219848109652767,0.001796231358484388,4004.626137750223,102419.31855183016
11583341.0,1609701063.0,1.021984810965277,0.0017962313584843875,0.0,102419.31855183016
11583841.0,1609707356.0,1.021984810965277,0.0017962313584843875,0.0,102419.31855183016
11584341.0,1609714433.0,1.021984810965277,0.0017962313584843875,0.0,102419.31855183016
11584841.0,1609721118.0,1.021984810965277,0.0017962313584843875,0.0,102419.31855183016
11585341.0,1609728027.0,1.0220129745962117,0.001863990350593426,1934.338663180359,102422.14100071328
11585841.0,1609734375.0,1.0221542854963641,0.002094368475056862,8428.25281506032,102436.3026261526
11586341.0,1609741073.0,1.0221835475245886,0.002175968975033325,1777.571609149687,102439.23515211386
11586841.0,1609747804.0,1.0221835475245886,0.002175968975033325,0.0,102439.23515211386
11587341.0,1609754773.0,1.0221835475245886,0.002175968975033325,0.0,102439.23515211386
11587841.0,1609761505.0,1.0221835475245886,0.002175968975033325,0.0,102439.23515211386
11588341.0,1609768254.0,1.0221835475245886,0.002175968975033325,0.0,102439.23515211386
11588841.0,1609774645.0,1.0221999479514816,0.0021297375915372615,1000.0,102440.87873871939
11589341.0,1609781125.0,1.0221999479514816,0.0021297375915372615,0.0,102440.87873871939
11589841.0,1609787658.0,1.0221999479514816,0.0021297375915372615,0.0,102440.87873871939
11590341.0,1609794313.0,1.0221999479514816,0.0021297375915372615,0.0,102440.87873871939
11590841.0,1609800912.0,1.0221999479514816,0.0021297375915372615,0.0,102440.87873871939
11591341.0,1609807238.0,1.0221999479514816,0.0021297375915372615,0.0,102440.87873871939
11591841.0,1609814255.0,1.0221999479514816,0.0021297375915372615,0.0,102440.87873871939
11592341.0,1609821162.0,1.0223626560419201,0.0017135979989333786,10752.28410581965,102457.18470683826
11592841.0,1609827395.0,1.0224590536331997,0.0018164600164708,6534.548000450247,102466.84529621588
11593341.0,1609834056.0,1.0225292586541042,0.001947481961995611,4867.929803839886,102473.88096868656
11593841.0,1609840752.0,1.022531522591025,0.0019417457103905254,157.3289999999106,102474.1078515856
11594341.0,1609847700.0,1.022539543851311,0.0019215327449248472,560.0,102474.91171090287
11594841.0,1609853888.0,1.0225557689637514,0.001883750664741821,1145.0611531203613,102476.53772818
11595341.0,1609860664.0,1.0225709110235304,0.001846796855608078,1079.0,102478.05520615754
11595841.0,1609867390.0,1.0225709110235304,0.001846796855608078,0.0,102478.05520615754
11596341.0,1609873633.0,1.0225709110235304,0.001846796855608078,0.0,102478.05520615754
11596841.0,1609879986.0,1.0225709110235304,0.001846796855608078,0.0,102478.05520615754
11597341.0,1609886672.0,1.0225709110235304,0.001846796855608078,0.0,102478.05520615754
11597841.0,1609893050.0,1.0225709110235304,0.001846796855608078,0.0,102478.05520615754
11598341.0,1609900083.0,1.0225709110235304,0.001846796855608078,0.0,102478.05520615754
11598841.0,1609907442.0,1.0226464195378218,0.0016697102347555644,5711.401035239921,102485.62237398195
11599341.0,1609913882.0,1.022690076563458,0.001728337098873084,3272.21947363019,102489.99751025377
11599841.0,1609920615.0,1.0229369629303475,0.001548578935957096,18518.917338059284,102514.73949583444
11600341.0,1609926996.0,1.0229544542953593,0.001584442691915271,1272.9977566599844,102516.49241198917
11600841.0,1609933932.0,1.0229633403622254,0.0015661719038276634,645.0,102517.38293883775
11601341.0,1609940473.0,1.0229691841184565,0.0015542833099943779,425.79200000036514,102517.96857721961
11601841.0,1609946713.0,1.0231365303632622,0.0019379884619748389,11661.814659009688,102534.7393630193
11602341.0,1609953376.0,1.0233773210071515,0.0017196687704217812,16512.0,102558.8704590945
11602841.0,1609959880.0,1.0233773210071515,0.0017196687704217812,0.0,102558.8704590945
11603341.0,1609966318.0,1.0233773210071515,0.0017196687704217812,0.0,102558.8704590945
11603841.0,1609973119.0,1.0233773210071515,0.0017196687704217812,0.0,102558.8704590945
11604341.0,1609979872.0,1.0233773210071515,0.0017196687704217812,0.0,102558.8704590945
11604841.0,1609986654.0,1.023394451323012,0.0016815594483092285,1200.0,102560.58719231615
11605341.0,1609992751.0,1.0235949265694753,0.0020231484051619467,13559.870084940456,102580.67803702242
11605841.0,1609999960.0,1.0237455390365418,0.0021929487277758046,9864.199149159715,102595.77182909923
11606341.0,1610006282.0,1.0237771752166316,0.002128182649897856,2031.5654608504847,102598.94228327
11606841.0,1610013062.0,1.0237808052471706,0.0021382644820863925,233.6853798693046,102599.30607072568
11607341.0,1610019672.0,1.0237808052471706,0.0021382644820863925,0.0,102599.30607072568
11607841.0,1610026408.0,1.0237808052471706,0.002138264482086392,0.0,102599.30607072568
11608341.0,1610032614.0,1.0237810230125155,0.0021388701327587694,13.986002010293305,102599.32789431639
11608841.0,1610039398.0,1.0238317073594554,0.002196016982539553,3323.4442778499797,102604.4072812301
11609341.0,1610046384.0,1.0238317073594554,0.002196016982539553,0.0,102604.4072812301
11609841.0,1610053591.0,1.023841585124249,0.002167900972003204,641.0,102605.39719216431
11610341.0,1610060102.0,1.023841585124249,0.002167900972003204,0.0,102605.39719216431
11610841.0,1610066880.0,1.023841585124249,0.002167900972003204,0.0,102605.39719216431
11611341.0,1610073212.0,1.023848660640751,0.0021879851926187794,457.7794049400836,102606.10627274042
11611841.0,1610079959.0,1.0239311221558538,0.0023471849188551777,5390.875428340398,102614.37024309787
11612341.0,1610086485.0,1.0239446233080087,0.0023081394782501264,891.6020958097652,102615.7232757345
11612841.0,1610093068.0,1.0239446233080087,0.0023081394782501264,0.0,102615.7232757345
11613341.0,1610099407.0,1.0239511565304937,0.0023278715255275165,430.1177850300446,102616.37800972631
11613841.0,1610105675.0,1.023973028705217,0.0023951866075872627,1427.1374964294955,102618.56995348747
11614341.0,1610112395.0,1.0239832841818721,0.0024274456418820886,663.1590731404722,102619.59771722641
