Block,Transaction,Name,fromConverter,toConverter
10567924,0x90a8eb814c91363929c25f46a0e1f9c1a2b3e2553f523ac05f43faf9cb56fdbe,0xf553E6eA4CE2F7dEEcbe7837E27931850eC15faB,0x220C400bC0a4347276b432843Cf293F1faC6762a,0x25b970d6b92A2b38FdD84c7dc7D9DE3830128c90
10568766,0x524a605ab1a8db1e3f8e446f0fe95d957aa00bd681d01cdc4266c28572cc18e9,0xB9fe4BD869a132137B668054ea48C897c0654ee4,0x5d5C737dD3e2314B31Bce6c15aCC6DbB40020cab,0x18E4457016951032a5b27118Ae0c49BD78CD0aD4
10569391,0xd850706d25d93c123f1a9b5b55c9ea219fa4530fe73cabc29d929ae462923510,0x0c485BffD5df019F66927B2C32360159884D4409,0xA0dc0Aa8Ff89A74C9E5EDCB008788B201405683c,0x0911eE3fA4C45fd68601Cb4206c09b4AFc84c384
10570229,0x2653c77ee5e11dbfb6145f251c4a479467dc5e4731dd6e49e92f52ad1af199e1,0x9Cbb076C3dc14F025bE30b4Cc34c33107D602A44,0x0F4063Bc044A4Ce02f075293F50CD72850553aCb,0xf8577A85050d61f47f2995BF9DEF2E1e4567EB4c
10601843,0xf56b5d696b2037d57082c063f57c0a5bb076a92bfea51f054c9326574e69a8fb,0x334C36Be5b1EaF0C4b61dDEa202c9f6Dc2640FE5,0x6909F6aE629e4500742221E86bF1ECac5d71d68d,0x1e45Ff6C529DD038E75767779D12b7981311B8Df
10612409,0xcf46961854d2a1954d7a2624d72197ce7ead3306f1ebb7824eca7a68b8f8c2f4,0xC42a9e06cEBF12AE96b11f8BAE9aCC3d6b016237,0x222b06E3392998911A79C51Ee64b4aabE1653537,0xF2C46E8a5662d9Dd2200A01219290B4730E78103
10612558,0xd054faf72c477e37673350ae4e90ec4c457ddeaae740d5b076c1011d108f6c1c,0xC42a9e06cEBF12AE96b11f8BAE9aCC3d6b016237,0xF2C46E8a5662d9Dd2200A01219290B4730E78103,0xb993E230195B5799559DfC35371bE2d017F4D6F6
10623236,0x26e1ea9eb37b5022a2be633fa868415582e47d14c692114c4368bec207d49226,0xf3aD2cBc4276eb4B0fb627Af0059CfcE094E20a1,0x9e8f95969aB023c36541Bc089e25D50C6fCF0811,0xca5d7661a4D9f1D3954E64664d8710fDc4FaA5b7
10666757,0x06ff1f169d5a57e13ac26ceb7767bff86eec3ffc66ba8d24612a47b655b6e7e2,0x8104E7ce81FaB39c42e34Cd9d8B654135261Fae8,0xFE62e9d7C7781936499eAAe20fBf3671B641516D,0x4D6DE557092f9742606e226860d6718281C9D241
10684694,0x776b4dd8b878700e4cdd2ab769a36858fd07864e20810a029507b31912a92357,0xC42a9e06cEBF12AE96b11f8BAE9aCC3d6b016237,0xb993E230195B5799559DfC35371bE2d017F4D6F6,0x5D214D80A32c536865b155948Cac3817200f7625
10690551,0x439a5d91f86530dc75e0dd82d23a1afaa7c1788e80c3fadb65b07adf787dbc4c,0xC42a9e06cEBF12AE96b11f8BAE9aCC3d6b016237,0x5D214D80A32c536865b155948Cac3817200f7625,0xFD39faae66348aa27A9E1cE3697aa185B02580EE
10692338,0xbccec5d13ae9aef34bb227972c10ba1769927b5979fdd7cdce414a09c9fab271,0xa88Fd7560efc654d86cF3728785f94a8Bc48BDAe,0x9A5a3ECBdD96AB76A98c592F8b3de4e26C81900e,0xD4b6ca76Fb11c6C78007248aF1818331c95f384a
10709339,0xb17106b8665184d26371f34bb324923503fe0b27d01895780f7f24d7967f7f70,0xC42a9e06cEBF12AE96b11f8BAE9aCC3d6b016237,0xFD39faae66348aa27A9E1cE3697aa185B02580EE,0xD980438427A88f95F1832D7267bC22aa657f8752
10709362,0x7b1e785a266bc62310377290f358aee23bc969d15ec96436f73ae9ce91a75c6c,0xa88Fd7560efc654d86cF3728785f94a8Bc48BDAe,0xD4b6ca76Fb11c6C78007248aF1818331c95f384a,0xC59FF36A781e5af9AA890510C9Ce47336D7B21d7
10731070,0x1d09579667e088fea235eb044e1b57f57fdd9ff0eaca8d8486ccd5b2ce915d45,0xaB5ae72d95d3A02796c87F8079b1E180507dF54f,0x9898BB78288fE81943b806eE5DEACCF44fadB3Ff,0x90aDD3Bbfc664C0A07572F4F3Ef94f64200832e1
10738234,0x5f68ff407bee342997d4168bb0dc6e90f8e75270f1cbc499540312e97773da07,0xC42a9e06cEBF12AE96b11f8BAE9aCC3d6b016237,0xD980438427A88f95F1832D7267bC22aa657f8752,0x16A7419179e54270703a99eEb10015bd8918dbAd
10738252,0x7b6b79aeca7297750dc015fe7193318cadce1ab371da8be0c9b695958f87d63a,0xa88Fd7560efc654d86cF3728785f94a8Bc48BDAe,0xC59FF36A781e5af9AA890510C9Ce47336D7B21d7,0x2eB3edA19E9fb1f821dFB379C485062Ea90dF779
10781261,0xe18f2ca6dc1580351af9eeeebd7d3c3a71483dd1912f963cd904fe7857b5d57e,0xC42a9e06cEBF12AE96b11f8BAE9aCC3d6b016237,0x16A7419179e54270703a99eEb10015bd8918dbAd,0xA6CC5967be74A2b959D18469eBfb54ED317bC4B3
10781296,0x9f2a229983d657cb1afaddca53f085c46679563b2226601ed9903e71e36e93cd,0xa88Fd7560efc654d86cF3728785f94a8Bc48BDAe,0x2eB3edA19E9fb1f821dFB379C485062Ea90dF779,0xD5aA38C6Df168741839F9E1e9c51e6d24b986970
10957009,0x6a2807aa12a348a771493ea0d18948dd729cfb947457c3c38db0995fac098f06,0x38838B895cbf02048455Fb7f649D97C564fC18a8,0xDbA193795E33B445b8c215252B0055a58Db4F0af,0x248b13d6d10C4102f72e79C04f87228aCe67fd3D
10978366,0x3540e331d43d60a33d6eaee0a152984003d0fc63ffa7694a2566aa1beb2eef93,0x2d5aDD875442023eC83718Bb03D866c9F4C6E8cE,0x2cE573C05c9b8F6ef1a476cc40250972F1f3D63C,0x604989E3cb3f4e77c29C220182d75A99531aCF3A
11017712,0x1b32a78c8964b2dea9c2c89edab10e4070e056758b5417e7385ff138c41e6a7e,0x79d83B390cF0EDF86B9EFbE47B556Cc6e20926aC,0x967f1c667fC490ddd2fb941e3a461223C03D40e9,0x9A663f1012B31c4Ab338706e1b5F4b21463e3533
11030693,0xd3eeda4724e6b34227cd4043ace771df96596179c8528a88d7d80422b3d5e6e3,0xb1CD6e4153B2a390Cf00A6556b0fC1458C4A5533,0xE870D00176b2C71AFD4c43ceA550228E22be4ABd,0xEa8e9dA3bcC2E0D18cCa1a74460D42d753D7B12b
11030729,0x818c7a3a95fe7d02598461676528ba3dbd43ca5d1970535639a102e74b3bef38,0xd7eB9DB184DA9f099B84e2F86b1da1Fe6b305B3d,0x3f7Ba8B8F663fdDB47568CCA30eac7aeD3D2F1A3,0x324564d26AfEB34c3045dddB0F4879Cf0F259aa2
11030752,0xab0b55fce8f1b3b3949a29560454a4c5cba2f50b69a6fdcb848db9074f34c7f3,0x4319f9130848544afB97e92cb3Ea9fdb4b0A0B2a,0x5ae84F92D59Bf0e2FD252aa76A4Bec1Ec9722007,0xc609E0205bF31152102D20c40Cc36B31953aBd39
11030766,0x4526df81e67c3ae036263dfab6104aec6caf85495e85e0bca8ae105f1bda08fe,0x564c07255AFe5050D82c8816F78dA13f2B17ac6D,0x72f98cB6eBFA8348b569bB4A35C935E25Fdc64c9,0xb07549E10e201d172c37CaE1275a92311992AfCE
11030777,0xb526f462912a505da8ff7443d05d70f7567c1febea914b057d27782c356edc45,0xa3b3c5a8b22C044D5f2d372f628245E2106D310D,0x9dCe7C9767863110E4fA01410A35b5471AecE64e,0xDE10F5A07E52a191714AA4D9F06Cdf04f827960d
11030778,0x4654a36431401130c6278e8d18335956c3373a84f26ac4ef841eb31580412bf9,0x99eBD396Ce7AA095412a4Cd1A0C959D6Fd67B340,0x2A06aDd4629B1a494A5Bb667CF8250C3aE1224b8,0x37F50fB5723752eBd2c07AAA50fB0b6F4c2Ea907
11030795,0xa0271a45c45597c750665fb269f5f2e057689f2cfe94003b4960a086c0bc367b,0xE6b31fB3f29fbde1b92794B0867A315Ff605A324,0xB900ff616a8183F868936Ff30c19d819a5043876,0x1431680ac8d370aB61188F0B41C9140912458306
11030799,0xc0fae932ac91693e4209f208b5634447c5f2cc1dc5c960171e6b3ecfea69d7e4,0x131da075a2832549128e93AcC2b54174045232Cf,0x483F34669B630dD05576D1113552809D1F422A01,0x7230EE80fbA6357e02c20ECAaA2F4aD6f95Ce0Ca
11030812,0xbfbc7b6d341b53eaaec04b096aa4d54c9d6a0416591454b2d38eb95d759dd911,0xccB5E3Ba5356D57001976092795626ac3b87Ad4e,0x36b02084B69A325d50cC3eE179CcD127C429605A,0x005a0CEE025A1831b38a2F25E8DC35A8A5E36D1c
11030813,0xd8d913e30210625023f2203d745382fa6c4765ed6ccb49cf93f342933ae0b086,0x0F2318565f1996CB1eD2F88e172135791BC1FcBf,0xb96253C913810238Ab092cca19876D42f4d29cb3,0xf063686c67067D6232E1B5c01e74fDA600F71859
11030824,0xd8cd4898fcde13fba426715695c536347bdcdcbd700a40da70979c1eeda2b5b2,0xc4938292EA2d3085fFFc11C46B87CA068a83BE01,0x3347253AB753A4a35bc9f061A991155B370895B8,0xeA4cCB743F01eDc420BEC6720e501aAa3BEEEBB0
11030826,0x2d3999b25671a65116984e45b91a6c8a28fa7de76db88dae3800e90aea1b9851,0x168D7Bbf38E17941173a352f1352DF91a7771dF3,0xa2787E3bfD992725183868C40d36137bbc174C3a,0xA3393b577F324A2B15a6aE3e06cf7499B870d316
11030838,0x9e2816a34d4eab81b998da80ba1a6396a788252b58283f4c1d5d377dcfd83466,0x248AFFf1aa83cF860198ddeE14b5b3E8eDb46d47,0x99e0c0B99f554D0319a28016d152e5a3A5620B8C,0xaB21edaeAaB35CB3F0Cf0208768e3D96aC090aec
11030874,0x44d5c09cf1b94bbf32d3ca70c6207c965bc38673287a7117b288a4e4e959a90c,0xEB027349398De19D925DefC15c4302fE92FC69f9,0xC6bA3008DC04dA1900353c85e087220039069E6D,0xA9D1eD31B3FC1337bC1F7433Bdb74E87f917C923
11030875,0x8f34a1e2ff50d7ae7083b26e4f255dbf80e417364dc88c8f574e5e6b11db55f2,0x26b5748F9253363f95e37767e9ed7986877A4B1b,0xd8070679Fb525c3C83383EEA76A32826982A8639,0xd6Dd055D910ff70aC8600882741f437FA13e4410
11030877,0x3d8c6dca352d03f75788c8832a267931314eefc5978d45fabdb90ea8c77b72b9,0xB79C3a1a2d50CC99459F3a21D709bCEC86656e97,0xCa3F78B4Ff2Fe296e464d4bAF00AF8012a156CAC,0xbe498E3776BD2E2d96AB987aDe6a9c7AdEb84913
11030889,0xe14e0b0dfcf6084415657397fd1a6e9d73620fb17508aec02a550a415786f013,0xee01b3AB5F6728adc137Be101d99c678938E6E72,0xBd18A007DfB13c1e423C0a15fFEc784DbC9e3241,0x78Da15E5dFd2B0C9B51Fdf2d4D6288766A785E91
11030896,0xce809c980ae099f50ea01a73a12126e78c90e49c1feba598ecc7e3cc284bba38,0xa7774F9386E1653645E1A08fb7Aae525B4DeDb24,0x9eCE3037Ab42C38d4aeeFf17E3e39487bc3da7B6,0xD790C9f5384f48DC0E03Ff3710b00D170E63c15C
11030902,0x543fee7615ddc6cfc5bf2b696b765baaa7630e8b6efdf738dc30e883f5c19b5d,0xf95dd0Fc6DF64b2F149aFA9219579e0f850BCD4D,0xD201adaeb7CfB20d9048DDA39C1f7E3d3386840c,0x44b46Ea5232f758341c14773c78b30D0C209fDB3
11030925,0x225c53a1e3f8ecadb59c85e0957e99442f0aa7bad2a85c48a966b9a096e8040e,0x9003411Ac4073C2D9f37af71d00E373B72Cbe9E2,0x2E794332DB23BED3E201523e5301D3C6E4048F1F,0x6824Ac020d1aFdf10fdBaa2692fdCa591c7E9965
11030930,0x19db35d2773f5a909ff32a3990021457fd6bb940a173c2267570b94233480cd2,0x064432E84F05094E3eD746A35ab9B7aB865fDa5C,0x1E466bBD2c6E5ffa131A4F08C97C8D69E6B7Daa8,0x1B1dFB33F95C78364d5EC1370520f909a759E9C8
11030931,0xd65e189900ff2d6a142e88ff129a7786b44fc491553f0d407911912d4fd6e713,0xA6Ab3c8aE51962f4582db841dE6b0A092041461e,0xC2D122b811080e7081E63eFe96C6FDd87e2a962C,0xb1E63C4Db68034bc675e376771ce7560a46Ad046
11034909,0x127cd039386adab29544a504e9ebd0de7bb0e74bcdb2a0df1da8a7519c605712,0xBB8436eaf49888641Df27e4E1DfFbd4851788209,0x8aD99BAc8cEEb7ab51837909cE0Fd243F15F75AD,0x3a79e5B49c098aa9Ff95C7a504863090DC19fe97
11035225,0xfa74478a0a463ff5b359e06141d36f6d4d83f111e0071ce530583cf51f34fffd,0x4B51AcC819591c885DbA0F06d98A07b432E6D6B4,0x6Ea98A7e211b584d59E0d3AbA12891877b55AB17,0x6C96693580Caa51515FC7FE9AE7A088ccB8451a5
11036417,0x9e61d49a14fb3d274e202fa08f15b645046648c79e0ac5b12e7844289c0ca049,0x140d47AeA2f10FfF26de4150971e600A2e010A81,0x6B6A47E43A272A448Ba5F9A1C21F723FADf327eb,0x06ddD7AE02762382184F511C14609c3AE03BAf2a
11036424,0x2de40b664e10dd2c988db16a34bceb128aff11b667b315daa0b18416d00e11dc,0x3b8c8147325C378cfe10f7b8c3aB1683D300dF27,0x5010bF1cB0e2b2c41e37F98E5b05058Fc1f39e03,0xA6cA935241a3EbCb0156C178103aa4827280f886
11036436,0xa26c010112db1fb4da30dda26a85d35de8ea6b3cde8df6a8837d96dfc1b64365,0x3E22d87977dA52Accef2Af9Eb50f76bd31b7b6B1,0x804123235F96c8eDa3D4d58fa64DE8D9A2407aE0,0x15C6aC6Fc9d4179D9b799e709C1AfD726bA97418
11036446,0x8958f56d4babf8dcd29579ffce03554067f4e5c02f546a785a07020df4a62692,0xd7eB9DB184DA9f099B84e2F86b1da1Fe6b305B3d,0x324564d26AfEB34c3045dddB0F4879Cf0F259aa2,0x2E948017C68F1FedC2496dDD4cc33A517D4e0168
11036446,0x70a63e98384813efcff0037fc92bf5a89ef9ddd00299d0beb5ea83747b92438d,0x44Fa59B2F044367f9F027b7694fD3BacbF22c3d5,0x1cD1919AC371D9C69695b441179449cADc8c5F5D,0x9fd87e582BF14aB33121BD92274aa0bA4A62b4E2
11036450,0x3f686dd6cd7a4279176d42a68326e6344862d827581ee75c3c1f75b4307c3b80,0x7b86306D72103Ccd5405DF9dBFf4B794C46EBbC9,0x622D66F0eb989fEA1166909DC02D23143927B451,0x485e61D9549b65AbDb1EAbD15Cc30A1aB00f6cAF
11036454,0xcf280a4ed92a8e2900c551f347d60a0d3e802f08ce8c17c9f81b8b2cd6276425,0x4319f9130848544afB97e92cb3Ea9fdb4b0A0B2a,0xc609E0205bF31152102D20c40Cc36B31953aBd39,0x1a24501A0D53c5F6f36BcA34103fB250e498396d
11036455,0x07e8cc4eeeaf5f8403c14d10e72077614a278423fe0282f0123ebe89b166797b,0x564c07255AFe5050D82c8816F78dA13f2B17ac6D,0xb07549E10e201d172c37CaE1275a92311992AfCE,0x0bFbfF3FC69BD69b258C480bCc65C4E0d75A5163
11036460,0x3ed1f9a3a6c4eb9bbe72850117bd4e41cc8fc81e76a81e100b2fe9990b9603ba,0xE39c4Ae17C0d44e923B784794B3Ea419c04F02FA,0x9EA4782F026FB54aD6B80D7956Dc579d51780C26,0x9b730363cFff06Ca6E976f8c549d1B6764ba021C
11036471,0x06304d33d18f558a5efd5ca04a6a8cd134644f75b72407d9c7c804a156ef4b95,0xa3b3c5a8b22C044D5f2d372f628245E2106D310D,0xDE10F5A07E52a191714AA4D9F06Cdf04f827960d,0x9C67411d318b65A83bd07c717F46B8bA26Ae469F
11036472,0x831a595b4be46f673f9047d031b26683b56b8ecadf799b11add092ef76344e65,0xA31BF9E52B92ABF37D1d126ad2D9a6d0Ce9637f0,0xB75e94AcB74464e7bea122713B935E3e97BCFB86,0x70B4a71Ad893C2E775Cecd8855E7c6F95fB5af21
11036476,0xb76fd2f4a8113a04c6c6f39d81be901cecccfe1c99e8f5ed5148dee30a98fb5c,0x99eBD396Ce7AA095412a4Cd1A0C959D6Fd67B340,0x37F50fB5723752eBd2c07AAA50fB0b6F4c2Ea907,0xD2195468D42C607f6B62d3144a5d2f7f2BC09443
11036480,0x293e8a33fa7edb92df010e09cb8dcf9eaf263d740e8e1b0e52599743460e70c2,0xE6b31fB3f29fbde1b92794B0867A315Ff605A324,0x1431680ac8d370aB61188F0B41C9140912458306,0x0Da9F5b929B316D90F27F3510D7d9be6D8eA7706
11036481,0xced31ed2d9463b3b2924fa26b5f8a0ba6a8154cc1ae7a638fce376066b98263d,0x131da075a2832549128e93AcC2b54174045232Cf,0x7230EE80fbA6357e02c20ECAaA2F4aD6f95Ce0Ca,0x1317BD40c86461dFEE8E7bEE8B2Fb697b958cb7e
11036482,0xfb6c9eca2cc13ac09c408d54fa1c9d85bb96e8a704ab3e8dbec0f9bbcdb77324,0xED8562cf805936AFdd2A405e7ACe80f78efc4Ed5,0x314a1F6648feA4BB7F1E713AAbEc845703C94c99,0x303D1F3ff37A878d4023702be8d70a82A49D74Eb
11036491,0x8440e4141a5f1047472c125f9a0e697df5b17531d6c0afad5311fb1b114cfaba,0xccB5E3Ba5356D57001976092795626ac3b87Ad4e,0x005a0CEE025A1831b38a2F25E8DC35A8A5E36D1c,0x11110198B3B4AD6184e0587B76B28F34d54F6150
11036495,0xe341462e674e5f3514b72bee236f3f6a7eea6c95516d5da367f5f68d5275ec8b,0x0F2318565f1996CB1eD2F88e172135791BC1FcBf,0xf063686c67067D6232E1B5c01e74fDA600F71859,0xdF71c1bA66647D8b0EB5437F5907abDfB439aCca
11036497,0xe5acbd6db49fc9216f99a21f5cc72a99287c8068b9da382b498c90bd561ff57e,0xB4c5BC0d1d41F3440c580A0F52B6641E4A913Df4,0xDb962f54044F92F8D5B4D0FBD7ace126722b994d,0x7deb97229DBF5aaC741C62b36E8dde9F541F9CC1
11036498,0x8749179e5613c34ad219272a29fd38287b537936e3e04c41e7668fe192cd6923,0xc4938292EA2d3085fFFc11C46B87CA068a83BE01,0xeA4cCB743F01eDc420BEC6720e501aAa3BEEEBB0,0x0d57AD6818b6b34154d06355caa7d3729E4bAF06
11036502,0x23aeb9c0db46198889618a80ba98654575013e90c19590b022ea11a510ee2c41,0x8e7970eca4be7F186A5D7acdc8dcF778EA26Ee9b,0x5A53d82fa391cB1f8c18E15288288CfE501fdBFA,0x40280D2A19a52E064DF1Cc68F8d4f77856FD6A71
11036510,0x43e8a32c71f2633f937a6628da0955bfe5dac0ec0d79a990c3f7cfff4e4bd769,0x168D7Bbf38E17941173a352f1352DF91a7771dF3,0xA3393b577F324A2B15a6aE3e06cf7499B870d316,0x0512f5D48D636369C0e86924E10A8BB24C8E129f
11036512,0x852743e923e46c75f8f8918cbdecbe56fe0616c81dde02b2d9678982e9e05d59,0x248AFFf1aa83cF860198ddeE14b5b3E8eDb46d47,0xaB21edaeAaB35CB3F0Cf0208768e3D96aC090aec,0x65003F30295d8622827e23953664D3C78671C01C
11036518,0x053c450abe60f91b43e0f274f19e5b8cec4c970af48629ec5cfad15d05f3c3ee,0xb1CD6e4153B2a390Cf00A6556b0fC1458C4A5533,0xEa8e9dA3bcC2E0D18cCa1a74460D42d753D7B12b,0xC37E82FF3A6a9C41779C5801408755776Ce555Aa
11036520,0xf10c6dd1a140ab3173f7ca51b090af63536ae306ba6f34de013a20286dbcade7,0xe783E81cf1b5bf475aDB76e41a2AB996c6e2ae50,0xb44c09f824ad9da2391E9d93fdAeb6843b52E77E,0xcD4B9ef178394B92b90cFD076FDf8C024461ca13
11036524,0x8bc4d0f2a8e56a9aa651b4eefd2c2b04e7d6bceeedb497b5d2848b15c07c0803,0xB3aF30c0c1a9673E14c9B0C56eCd4cBBeB0F6c48,0x6842147BDC6ed968343A4DAcc035885e4804043b,0xAe46E888aF6318aED82FE715b1b98b78F74e7b65
11036527,0x35cfbfa4c67b93dacd75983f5905d95b730da62da6698fe8fdd200715ac72ef8,0x66948fEFCcc464c714574a884c0458981Cbd944C,0x350Bc5777680411121525AABc30Ba0D45465FB68,0xBDfFd4Fa6Fd5C8D3B9AbD81C9f7b71681A96763e
11036538,0x203ce6c5fd7f34a24b04bdef2b82402efcb47d3434acb14bebb14e9d37992df5,0xa09B58ECeFA3a5d3736Ba9E2E002ca566Adf08eb,0x3b88D6a1E20Ac0E329E32b9Ee79597696B79B3f0,0xEcC601451e84Ea5eFb61e60A3e4e7BbC56E69b79
11036543,0xc27e1c029d43110ac27d6118b693d554c4f4efe6032a6bc9851c16b010fc87c3,0xEB027349398De19D925DefC15c4302fE92FC69f9,0xA9D1eD31B3FC1337bC1F7433Bdb74E87f917C923,0x64846ff24B1AF06075efc44d7Fe9f1d5969f3275
11036546,0x3184f7c0278cac219e51eb11b25ea04bbccf8824c452af2df14c272be8782c6b,0x26b5748F9253363f95e37767e9ed7986877A4B1b,0xd6Dd055D910ff70aC8600882741f437FA13e4410,0x55d32d9ed854559Ca8759D528bcC648036544fAC
11036548,0x7b1874d70a1a41fd84465e399aa7d758a0358f42e110fb6c11583df1a59da43f,0xB79C3a1a2d50CC99459F3a21D709bCEC86656e97,0xbe498E3776BD2E2d96AB987aDe6a9c7AdEb84913,0x4aabAacc70A7c592e506e00515b9a9E6CD4C3Ef2
11036549,0x88da38685ff12c23de559571dbecfedec6ef99b39f2b6adeb07752492d109cf1,0xee01b3AB5F6728adc137Be101d99c678938E6E72,0x78Da15E5dFd2B0C9B51Fdf2d4D6288766A785E91,0xDA1791b3F4d7827cE834A68751B4C2F52ADC42e2
11036550,0x8eacf5ed2d23a219195be5276e9aed8385bd6612df8687bfbda1b080c00577b1,0x5A576922849dF442f1Dc0c3bA7b3c345EdB2bd44,0x5575038402C60Ba15f339a973BCa72249BBA09Bb,0x17A0edF4E67ED4C7FF3A3D06E0aAF7f38A3537D6
11036551,0xec4f163ac50298139440f3e2c82eff9272392b2d6e512a28c00e0c7c62d3e2ec,0xa7774F9386E1653645E1A08fb7Aae525B4DeDb24,0xD790C9f5384f48DC0E03Ff3710b00D170E63c15C,0x79E71FfEaE3aE4Be517154839E518789628B6D83
11036555,0xcfbcc3f672525bcff8af804f89ea938edb50c39505a78823b72266369ecb09f0,0xf95dd0Fc6DF64b2F149aFA9219579e0f850BCD4D,0x44b46Ea5232f758341c14773c78b30D0C209fDB3,0xb695449D12B73DFc61B2150B07c7D1c342ddfDB6
11036557,0xa7407e165f26a66fa9e1488a56b2eb4b0ae81050f285aed45d8d475607a2f94f,0x9003411Ac4073C2D9f37af71d00E373B72Cbe9E2,0x6824Ac020d1aFdf10fdBaa2692fdCa591c7E9965,0xf4F99f9339Ba0Cbff65eb46cfa939e3C54231e33
11036561,0x6d9be0ff0e04d5bc89e3898ac7bcbf79c2f324b90a1f862214bac2754e132bfe,0x064432E84F05094E3eD746A35ab9B7aB865fDa5C,0x1B1dFB33F95C78364d5EC1370520f909a759E9C8,0xC4D88D7f9CCb1b4c24c0EDaA27BF662256B85E31
11036563,0x3cedd1964ea18b7de2876b3818f7bacd2a099450ff45375723d385bb80a25b6d,0xA6Ab3c8aE51962f4582db841dE6b0A092041461e,0xb1E63C4Db68034bc675e376771ce7560a46Ad046,0xE860f5ac349eB093236AA173F00E00dAB763944E
11036588,0x6948050085305996c4af718aa2ce2dfd30d9109933e6808998450ec5991a3541,0x04D0231162b4784b706908c787CE32bD075db9b7,0x3950127092ccce4c6D1490E01829F3A4e385d6fA,0xc314527CA3329bEDb35b3ec2657a5Bb2a0b01A83
11036604,0x13aa717766192b184b66176392137df99190b40ba273f696ad976fa363032efe,0xF5A203E16ab9B850b27f1F00C37352b6b7A28339,0x8C1a0003dF97D6697DF4d7C913cD1719115993F7,0xcCD95D042C598fB4AD544dF2b47D6C749d99A83a
11036606,0x115c68c933302f56d0f2a6f8cc0fc6a62abb19390ce22bcee76bc625351fe383,0x8151E0Fbbc10Af5b0F16B413dB0747169e9687d9,0x3731ed37ba7010a12728357981A83a01447bE8ED,0x38894871b6beEF3fc18C3de6cF66d8252D65B49C
11036613,0x106ae6bf8bb56a2f466131e0c3f2226f12b21369f46d48881a70477d0d58c23b,0xff2CCF332A2d6CD645f93c19690104B99943b13D,0x6DFADcb924983B066f9Ba01Fda8850a9901b3f10,0xa8BaE685a9213a27bC82ef782d1ba40964497dB1
11036615,0xf7d8018d9f13ac55c230a2b2f4b007c853e0e22747783e865e21e37fde35713b,0x3035529E7aE11A3660134c9C875F4faa6514d042,0xD5B1EFF56302C345005834D67e0D9847E1660323,0x1051f6DD42407908372Ba241206EBD33091b1BC5
11036628,0x993b8ab2e5481382c8deb938630f0b4808078a06abf9fe4744e60eafbd280d06,0xCDfF066eDf8a770E9b6A7aE12F7CFD3DbA0011B5,0xAA3f085029940882887C2bd1C7D41568BaDaa4E1,0xE9275ab4689B15C4E00de8F9c5e03e00358FC7Ab
11036632,0x7d25be8a6c37c49375ee4cd91cf90edf851bf4b9f0210a0e1740bfd54ef74f10,0xb5faf55A4bD812a918c68F629A00d8F9750a2C4d,0x0cBa67E036753b77EBD8b3bc5CCdd3686E0C001E,0x9d614e61Fda55cdd10d6e73C333E23E41E2B37e2
11036634,0x9796bef146453c7a93dc1fa3e19c38c00a141356ab610a7bbfd0e01675e1df0b,0x6b181C478b315bE3f9E99c57CE926436c32e17a7,0x6b7E88C5fCb8dDfa43332a63b9F146c847b0E0F8,0xAcba46e8654Bc8c55dd0CBDaF22b5e30036fAced
11036637,0x86f75a1589a7950c1b51c0c4611ef0754ca984d5d610981ff58535b4344d0c5e,0xb479b102bF135bdC666d6916172422CbaD9E977f,0xbdB34c6BCd492f3d1524a4CB55096504DB9B900f,0xd1A758f84BF6762bdF6F795a9DdeE35eB0597ee4
11036639,0xbaa94ae16b41ff24aa200becef254d7023578b63c207802fcc2e3584d5ad5666,0x986D522a4f9fd0b4158A88657a06A552f83C3e27,0x9cC0cf0d85f24e6C3BB842FC34f909c4af5903Da,0xB7588B165Cc8F51177Df4902Cd7839052B8c49b2
11036643,0x0fffb1ec3e5d8794dbfebd11152b7746375cbbfd30794fe7131e6b6a76ed9508,0x7d402c5CF587D4dEC6761C51E0aA903956495851,0xAb1adb961C0626c62DCb9f005bc29F60024AF13A,0x7beDCB884146D1D8422E4cE56E7CeE62799A9f84
11036646,0x6c56c03203e928b18d97c9c437eb1f11cbd79b927ac025e71cbea164973ba15f,0x63bc130401dc9f7F70203B01D1875d0D2779dc96,0x350eC8f380b3fd5e49178046c1DF5540DB349b22,0xb39c206ec37B1aBCE8602c4f5EaafA99D3c10DDD
11036651,0xb7bc0fff4e92968ae5a91f028f16ff5ffa3b90b2c9daa1aca14b80536aabf63c,0xAdAA88CA9913f2d6F8Caa0616Ff01eE8D4223fde,0x925Adf8Ef8A5e3e2EBb12CF729e44fF383829564,0xB2E1f4E30ceF322ac7a8E612AE2217ED00F7962A
11036663,0xa2a574cc4666e6512d5de35e37ac0b2f5880d5e72fc5c577161ad652f0f3104b,0x6cfd8b295D64d84178ad7447a5Bb4488bC846005,0x60CB01334Ba51e711F3f1BBD2EeDaF7968B04adf,0x3BAbeA45ef298aD4935090365b7F8997F478a9dd
11036685,0xad0b7b3b523bc308aeb2f11525a1f0249b99cce60ee3147c9ad2416066a8688f,0x5062743A788D271FA247C3dA7Cd5af73Fd687BA8,0xC340B0C073a036477E853c2Bc9e65D3014a22262,0x8D30d8184F0469C8a28a753fBf52CadeCE748110
11036688,0x6471a12f063d21de285e4f9d46263a89fbb298a8db1528afd54386d0a24fe520,0xd2C9F2A62f9a1e80cD76392c02491212a2230cF4,0x6887ceB9C3D964A4ed95f2871a7dC95AD4eB8eA1,0xa60B057673809956ae3cA9A0E0bc246efD4F8339
11036691,0x2e5b9d8d387c1030fa285e8992487f2f2215ee420255cebad878cfffbcad42b9,0xB2145C7f9249d79197fe3cB87333187eB4FC1Eec,0xc99886F3aDc3fc2f21E334e5BadE9503B2Ddad03,0x5820FdDC9Ae2a2b1F8cabdBF7266e0B36DB4E45A
11036693,0x179b448e5d0ab66c10a991a83e728e5a4e4ba675dfbddc3ef0aea797acf57430,0xa301Ad444e72F11590e3712bBb7aD0aC959b90C2,0x233E0303eF351c9BA17A12C0fB06E2B354802D5d,0x68eAe22C00Aa8D67ddeD72186354b773dDA03077
11036724,0xb07c508a26c1e0db43c2fc107f6418d262437340ff23a9961a94499dd43efdf7,0x0dc75ECCcF5B784b793686e614C2E9dCdda63738,0xFE9308A99da4F68e24345329C801bb2b63880A7D,0x868a85285901f4a818CE2e094f2852087c502161
11036726,0x84e815ed4d2dc67ea8681b4289cc20f4b477912c1acd93287f9ce9c5f3b01785,0x8b3082e273E4B923830c637a203c1C1D963cA307,0xF0E30F102BC782AD97fA14091A451A55Ba8Eba7f,0x37cDEC400afaaD77278fbc34876e083B520B2D7a
11036732,0x5defdf92756426028521b992684fc22f7d16a9eb334bce887cfc9b97fada155e,0x75aB5e15129BBBEcB5C5Fdb71d1ff7D5dA97d56c,0xb0fDfd8A2C123989DC322a8c9072e6b1F9a492E0,0x99049F92Fb57a54E77be1e45E0E6b9Eb2fc5A2EB
11036742,0x185e0165e7a53cacfbab467b916b9bbbeda5f0d81724cc4f4af0c676d758fe68,0xAeB3a1AeD77b5D6e3feBA0055d79176532e5cEb8,0x767b7DE117d828ac669C5690eDCC3B7d9274a49C,0x9258Af079065857C01466CebDCFA2CFB6AA4983C
11036747,0x37fe8b644c47d152c8a9c8135df594b00679dcb68cc4609de6ee3a3c2018ff09,0x9Ca631b980DeC1eEba001BBfaC8da5A9e7d744fF,0xB409f319cdDEa2e97bBad2894FdBBA59009698eC,0x2dF5692aCc1E0Fec909870D05789B65C9B10b9a1
11036750,0x7aa0caef7502db53c66617cceb636fd668192ef94f7afcbfd46be21bc6024767,0xD6bF84B5D6F4d1288C39f2486688e949B1423E62,0x897DFf618bff7AB702D542F566bcAB2553C6732D,0x834d0Af9a86431F3a366f20320c332E95E822E1a
11040761,0x7e177c1791a739c301cec639ffedd6b43ca12ad4acaf622237af39f4f50317a5,0xf553E6eA4CE2F7dEEcbe7837E27931850eC15faB,0x25b970d6b92A2b38FdD84c7dc7D9DE3830128c90,0x2131C84dA69b879Cb505BFd9aBaaAf5ec8b6e83b
11040806,0x77b759fc548148372ada7aa19fc32e6db79896d5721c73c0d37b74b65a261350,0x0c485BffD5df019F66927B2C32360159884D4409,0x0911eE3fA4C45fd68601Cb4206c09b4AFc84c384,0x79a373401BA7C9557475dA0Ec73368AD0B86fae4
11040807,0x068fd00820ce32e1f830c7c49b219b2ed17b44e2f6adec7511b4ec3333972078,0x9Cbb076C3dc14F025bE30b4Cc34c33107D602A44,0xf8577A85050d61f47f2995BF9DEF2E1e4567EB4c,0x99B4C9Eeae0b5D868Fc3B5e833A59Fef3e8FDab1
11040815,0x199190fe6044eb0bcc1b8654e56c0beb1bca0e4fd6d2509ef04b2187411eaa86,0xB9fe4BD869a132137B668054ea48C897c0654ee4,0x18E4457016951032a5b27118Ae0c49BD78CD0aD4,0xf462769d8C7f31A07d1636D9d492c0E592D804f4
11047066,0x59b7320f2e8d149d1f5cfc6fce193ec1ff1236183050716210ee7d9080058fcb,0xFEE7EeaA0c2f3F7C7e6301751a8dE55cE4D059Ec,0x2801cd0e845874085597865f5B5773f3e44dcDF0,0xD4c2BD3c4203A16266eced70a3F8cb4999a73E8f
11047842,0x0314cd7b260cfc7ffca0e6bd1b7e79172dc603e568d2a87186e452475c3328af,0xE5Df055773Bf9710053923599504831c7DBdD697,0xd99b0EFeeA095b87C5aD8BCc8B955eD5Ca5Ba146,0x615FED2B7A84537E729D3dd32dE150bF0253fF10
11048682,0xa571479255abf24778b2bcecdcc1993ee87749b08442ac525ec666e26dde477a,0x069D653038DB2F9d84e9620Be140B3D404a40258,0x21685eE264580020135aE2866Bb9E32CB5B1E8E7,0x604F88101146b397c31dc4051C5F290f48a5862f
11055677,0xf4f629b3ecca66f33d5a9a047a5bb3d02eaa5b2a8b1bf53fdc898ee61ce18b8f,0x5365B5BC56493F08A38E5Eb08E36cBbe6fcC8306,0x7864E150fD1F3A5FFc5b5B5c25525f56a08d0e97,0xA2C1dE568B70BC8b3565F1240D43b6949Bfe183A
11073557,0xd3ac6a0907700f822fe93b5202b56c53832675b9af182d8f172fc78658e3673a,0xA2020e324C365D05e87cf25552E6e6734260b089,0x0A9ed23490CF8F89e750bBC3e28f96502bB45491,0x83473C806d1c0d26b15B93AC3F3FE86F6615B2db
11073592,0x03839f2bf29b3c8d75a8a52ac3768bc0131e4ea66c9678468cf0c403065e4bf9,0x5a4deB5704C1891dF3575d3EecF9471DA7F61Fa4,0x2d56D1904bb750675c0A55Ca7339f971F48d9DdA,0xE3c7239BCcEe98B85a7D7Bc364490440067Afabf
11097041,0x7e3887732bf52b9f22ae0900df1d11e0b3615efbdf881e208fb7c9c0ad8cba97,0xf3aD2cBc4276eb4B0fb627Af0059CfcE094E20a1,0xca5d7661a4D9f1D3954E64664d8710fDc4FaA5b7,0xCbb50B9A3C587FF59B61702A9Bb93b6Ff0220ba9
11109105,0x966a490027182cec21edc5d3ef63016575d88e7679e15d4cb873b6956a83cd3b,0x79d83B390cF0EDF86B9EFbE47B556Cc6e20926aC,0x9A663f1012B31c4Ab338706e1b5F4b21463e3533,0x16706f5561B88F4c80Ce9B35b2C02dFb0E22DD87
11253708,0x75744ffc5bcb7d3b41f4136e2afa1ca428a99406f7ce00f04e6ef0be5ecc3a43,0x19dB077A54dEa3fD4CBCd9d31D4dB297562CbD94,0x24090349a627B3529F883A09A049F9bC3aD19479,0x947fe1e19048f4D1213dd5107eeB77D7748Eea10
11452272,0xd5e00b01c83753b184d78dba5ebf1ebf638d0840fe0df05b48debdeaa9b2cb4b,0x6b181C478b315bE3f9E99c57CE926436c32e17a7,0xAcba46e8654Bc8c55dd0CBDaF22b5e30036fAced,0x68867aaDbb5007900DA6D938f34207BD1BaFdee3
11457251,0x11f65ca3796fc172184ccdddd0c64031cfd82015579cd0017903d1140a5697ff,0x04D0231162b4784b706908c787CE32bD075db9b7,0xc314527CA3329bEDb35b3ec2657a5Bb2a0b01A83,0xDA1117E28F79606637b88fd976150907d7AF1AAf
11457267,0x24b9167b6e95f052820e29f1ead1db600c13170b63d19449a443f8ec6e5650a1,0xb1CD6e4153B2a390Cf00A6556b0fC1458C4A5533,0xC37E82FF3A6a9C41779C5801408755776Ce555Aa,0xe24C8bbDBA150aa3Cb13C785d3A19D012dDC1e86
11460282,0x4e2c84a976cffb39d4db6f7e32cfeb4f215a5bce08bb6b77953e82fc8d5798a2,0x99eBD396Ce7AA095412a4Cd1A0C959D6Fd67B340,0xD2195468D42C607f6B62d3144a5d2f7f2BC09443,0xb0b4e2936852e2621b51507263FC14b94386FAC8
11460283,0x2161bce662c2fc07748ca15dceefe4a8b2a63a55e51be4f045650f2b2edb9607,0x131da075a2832549128e93AcC2b54174045232Cf,0x1317BD40c86461dFEE8E7bEE8B2Fb697b958cb7e,0xb72C2Fd2A73aceB1b61CCbb8d4Ff993ba4b34F55
11460284,0xe27f7a6ef3b9a45424946e51d17ea592bff8682d06352f75eb6a5f2ecac62403,0xE6b31fB3f29fbde1b92794B0867A315Ff605A324,0x0Da9F5b929B316D90F27F3510D7d9be6D8eA7706,0xf31E0a6675698e4fD2CCE6Fd42EF827b1F4b6696
11460284,0x2007300bb91da21ee4369579cd272ce09589be945906390b3d08f1739ee6b7bb,0xa7774F9386E1653645E1A08fb7Aae525B4DeDb24,0x79E71FfEaE3aE4Be517154839E518789628B6D83,0x1F69A42399fD55e27d20B9Dad0079463277Bc783
11460285,0xfa558e883acfdde28961ce560783d46832bc6ff3c728257896d47521f65664ae,0xB3c55930368D71F643C3775869aFC73f6c5237b2,0xD856CBd87D4563C199bf3A1956817951b12b430b,0x0063B112Cbc6803FBD143078512b643b0EC81801
11460286,0x4cebb3759ee6362e6c0ce19b0149854813bd301bb13f77c58570c3882650512d,0xee01b3AB5F6728adc137Be101d99c678938E6E72,0xDA1791b3F4d7827cE834A68751B4C2F52ADC42e2,0xc893F9b014b3437B8c93a72b76e62B1B6884c7D7
11460286,0x9c6832f749e57889c3cb021cc7476754d86932c3a2fa04dae2eb3d23aad1daab,0xf95dd0Fc6DF64b2F149aFA9219579e0f850BCD4D,0xb695449D12B73DFc61B2150B07c7D1c342ddfDB6,0xbF860D22e60219B8f71BCf0c185092134ABFDf78
11460288,0xfe2274f6d646f01d88972ebb7405c517aca69f8ee72bc1c57257902ca0f3ad77,0x0F2318565f1996CB1eD2F88e172135791BC1FcBf,0xdF71c1bA66647D8b0EB5437F5907abDfB439aCca,0x336227540bd23aC3b46272D0D5153414b496E95C
11460290,0x0d6ed7c573188de5d5c72f324bedac14321af604eec81802bc10df2fb32bf970,0xc4938292EA2d3085fFFc11C46B87CA068a83BE01,0x0d57AD6818b6b34154d06355caa7d3729E4bAF06,0xbD5d2C97C3c36aaeb69cE3B61c2c18ae1a115c1A
11460291,0xd03a1611bd3c6274a411914e9c41aead5d6197a07b80c806499b6f9a49b8c441,0xccB5E3Ba5356D57001976092795626ac3b87Ad4e,0x11110198B3B4AD6184e0587B76B28F34d54F6150,0x6b3f2E4f335b6401b98Ef49B136Ac0ea96CF5FbE
11460291,0x822de78059386efb265dd1b0ab66910bf0a3632b41331a9244c92751d56bd094,0x9003411Ac4073C2D9f37af71d00E373B72Cbe9E2,0xf4F99f9339Ba0Cbff65eb46cfa939e3C54231e33,0xCb516DeEfe9d2d189C6a14931F47cdb1fE2ccC45
11460293,0xc290efaa739379efc27af1ca615f0659e0e1dc46b90ca53d73ac7d92dee0a8c4,0x064432E84F05094E3eD746A35ab9B7aB865fDa5C,0xC4D88D7f9CCb1b4c24c0EDaA27BF662256B85E31,0x7036e90c7cdFBA7eD90Fc12a7f7BC6e8AEe5292C
11460295,0x12b15b503ea7f139ecac71de5c840fb8635666838871888fae6f6da5d907810e,0xA6Ab3c8aE51962f4582db841dE6b0A092041461e,0xE860f5ac349eB093236AA173F00E00dAB763944E,0xea6Ffb102D8044714153c6F970F3E93c89Ec2492
11460333,0x0f48eef1997737d0b9f7cff0c426f36936cb36c6b967614afbe80e0be189622f,0xb479b102bF135bdC666d6916172422CbaD9E977f,0xd1A758f84BF6762bdF6F795a9DdeE35eB0597ee4,0xb3F0D58dcd8Be52cA7f629832E62948C3863828d
11460507,0x29db776723bdb54511d078cfe5d70a03111bf48af20f0957acda968dcd0b50af,0x248AFFf1aa83cF860198ddeE14b5b3E8eDb46d47,0x65003F30295d8622827e23953664D3C78671C01C,0xC376C06477c6B05E7BFAF31A29b1727CB30473a1
11460514,0x6f6e6f2feea1fac20ef4d931303aa788fc19bd62a02f32da96d65dadfba8bd9f,0xB79C3a1a2d50CC99459F3a21D709bCEC86656e97,0x4aabAacc70A7c592e506e00515b9a9E6CD4C3Ef2,0x7Be209C15664c98c2481c1C06a5E38E350e16b62
11460515,0x0a3a04f8c4ece1edaac0e8ea9604060a6b4b3864ea5e2e7eea38d7759a783281,0xbAb15d72731Ea7031B10324806E7AaD8448896D5,0x697134bF35238773bcb6aef16956D1417B562002,0x98A244F4A4f9b4430cF0349E9D76c8e69D246715
11460517,0x5350ab55c24c864bc8ccdc450e6be9a66d403532cf96875068aa64ab8e98faa2,0x168D7Bbf38E17941173a352f1352DF91a7771dF3,0x0512f5D48D636369C0e86924E10A8BB24C8E129f,0xb3F73c13F8Ea7C58eC3AdaAEE6E539EbeD2459D1
11460517,0x750ec247aece75a0263a2b7b8e866c4b4ae33575ce2d43e81a000ac9d21dd137,0xf7b9fa01098f22527Db205Ff9BB6FdF7C7D9F1C5,0x6Bb5BbAe5B226E9c0e25FB2D92FD273fD3a70242,0xa5620Fd71b2F2324ee60b148AD75807a91eBe496
11460520,0x80b77110f6bba33d24402170718a24a8745e967ab1033543bc6764c56ec5bb54,0xd7eB9DB184DA9f099B84e2F86b1da1Fe6b305B3d,0x2E948017C68F1FedC2496dDD4cc33A517D4e0168,0xA30CF5eDa1126A7De9944b3443631C837aB13667
11460522,0xe60e92e5354c103302736deb90ce5f0db96609fc7fae2e3c8fdd9c77cc4878e8,0x2F2ad6954d99Ea14fA145B9AB0fb6BA5Ac32c0Ee,0x72A38A55849b58FC2537b225a1ba3c4766316b0a,0xbE51cA01db71a3cA569983b7492aFA5D7e45d672
11460522,0xd606971ec9ace3109858c65d59a5632091b5a16e6141675e1bc892fa3d381bc9,0xa3b3c5a8b22C044D5f2d372f628245E2106D310D,0x9C67411d318b65A83bd07c717F46B8bA26Ae469F,0xA09e6eD8447e21f4385F990693C20E8f786Dd16F
11460523,0x0489efbfedd547f29144bc58bbefc6434998919fa028bc7b7ff9c0cda38b3cd1,0x4319f9130848544afB97e92cb3Ea9fdb4b0A0B2a,0x1a24501A0D53c5F6f36BcA34103fB250e498396d,0xEC6B9c4afB07531478DBF00a03Ea7796b4599F64
11460525,0x5a0eff12bb0d7899765c78a121be1618bf4d8caa73ba3aeaf36d462df49b65a3,0x3b8c8147325C378cfe10f7b8c3aB1683D300dF27,0xA6cA935241a3EbCb0156C178103aa4827280f886,0x9fE07515E2e9f4B1F1227753579EaAC4AE5855bC
11460549,0xa297d79811c26cbafe9eb196aa11b4bf33445194c96d4bb82c31f5dbbb94572c,0x737Ac585809C0F64Ee09d7B8050d195d14f14c55,0x266036713c53Cadaa16F9D3328741A4Cf435230b,0x18ae6C5514F3fF713C6fD5D4a76c1eCC4211E0ce
11460550,0xa45f34b157d3309d974fba81d9ecab93cff41dbe3ee7715ad0d55ef9f4ccb015,0xd4c810fdcA379831078267f3402845E5205Aa0e1,0xeB4F011A862A8EDB723FDb3b5d144D77dFb7fa5f,0xb94dd69cCEec6f7331DBD89724A6462b950C444b
11460552,0xeace58885070501dcdc28a785c25478bc9923558e7a69a75fb9f35d11961fbb3,0x5cf2f6387c4F551316e1E422aCf1025a539825c3,0x7834D96BD681e43740E6dA513638504174040010,0xbCd7340d8bfB161e0a125D9ea63902412d8dDe37
11460554,0x910c518a492f0544e6d4fda1f6a52d79c8fb9ac048661dc163ed9b751dd4becc,0xC4a01182ab1e502a1C1d17024e4924573CE001CC,0x056e7916cdc2BC7414a903685938c707186D140D,0x90C048f8ef5a135b77BCE450fc36B7CB593e519B
11460559,0xe37d1c2a7aa4f8548919bbcba2fdb1a7c4b106879a457f8c29493c5fd7de367c,0xEe769CE6B4E2C2A079c5f67081225Af7C89F874C,0x1f67A92AA26CC0Ff6c62B6e284aaf57249fdEBB8,0xEDb499944efBC9f3A12F457969b18CCB34CC5153
11460564,0xfd0c373bfcef7092b9ed9a708a72da30631c0a51a1701668b8f8b3aa80de0766,0x140d47AeA2f10FfF26de4150971e600A2e010A81,0x06ddD7AE02762382184F511C14609c3AE03BAf2a,0x7D28E85FdF3243B6781a6eC9F5d94cd008AE82A7
11460567,0x32134e7fb36e1d81317bd67ebb2ff8b180d8fbb5927674653961c0b05543a1db,0xE39c4Ae17C0d44e923B784794B3Ea419c04F02FA,0x9b730363cFff06Ca6E976f8c549d1B6764ba021C,0x857f7EF18C0ba56b710Bd4E1F7E7E73BBDF97A52
11460571,0xcbfc32e82591293f1890a3528736e63aeae171f25a547d1a1acd904b79f4f69a,0x986D522a4f9fd0b4158A88657a06A552f83C3e27,0xB7588B165Cc8F51177Df4902Cd7839052B8c49b2,0xf0aBa58a0f88f62C70637c3F0e8714074be3674a
11460572,0x67583549284d9ca11addf920e8b49bfacf736be74686119016328fc49b9b67a9,0x6cfd8b295D64d84178ad7447a5Bb4488bC846005,0x3BAbeA45ef298aD4935090365b7F8997F478a9dd,0x5d0bB7610dfC890bb68D9dd6a2703432129622BA
11460659,0x79fb6bc5d3f243ff600b78d4a5f8b53fd2acad1caf411e75bd79399a9429f6e7,0xBB8436eaf49888641Df27e4E1DfFbd4851788209,0x3a79e5B49c098aa9Ff95C7a504863090DC19fe97,0xadBc5B723bc60B912ca34b850f4a3F9f93f1E335
11460661,0x3639fc7351abc22ea884c5ea69c9c513439b2d58b8ec7b9c3a10ed8519e06d10,0x44Fa59B2F044367f9F027b7694fD3BacbF22c3d5,0x9fd87e582BF14aB33121BD92274aa0bA4A62b4E2,0x5ca92211Cc1527A720691A807d0626D1b89A88DF
11460667,0xb5f589fb77f5692280db7cfb31f789f0e2b6401c639da2e72c1d2431ff11aeda,0x8151E0Fbbc10Af5b0F16B413dB0747169e9687d9,0x38894871b6beEF3fc18C3de6cF66d8252D65B49C,0x7619d3991f38f29689200a59444116E48e06AC01
11460693,0x5810d634fa457195a2d50529f018658c666ad4734746f6f3930567795e085280,0xA2020e324C365D05e87cf25552E6e6734260b089,0x83473C806d1c0d26b15B93AC3F3FE86F6615B2db,0x292325dAA482fcb960c641865eb0cc36a78E6941
11460695,0x188a4952b3aa0bcf369f038c33771553073d7242d6ce90a99fd21cced7d0f30a,0x26b5748F9253363f95e37767e9ed7986877A4B1b,0x55d32d9ed854559Ca8759D528bcC648036544fAC,0x07d309C210D61b808a2102DCD1EB12C677Fa797a
11460695,0xdfa66970a8cbe55cd132f17177de2102c8b9eaec27e4c4053a3b58a4655e6e4e,0x564c07255AFe5050D82c8816F78dA13f2B17ac6D,0x0bFbfF3FC69BD69b258C480bCc65C4E0d75A5163,0x4639e2b6fB2E44D920C81A6b1248f7e125C93243
11460713,0x762bd725c526a550e682cd792f115294177fc0f2c984f70320d41cf39e154b58,0xf3aD2cBc4276eb4B0fb627Af0059CfcE094E20a1,0xCbb50B9A3C587FF59B61702A9Bb93b6Ff0220ba9,0xa54a53c9215096Ac2C566Fa9a2C71b6dcE69f3d5
11470334,0x25f9be29b3d61ea47bf0439b603e42e96b68f4f0ecf8dabd4b9d40d54503914c,0xAdAA88CA9913f2d6F8Caa0616Ff01eE8D4223fde,0xB2E1f4E30ceF322ac7a8E612AE2217ED00F7962A,0x83a06A518Acc8cc841B0D7833f9c2f85Fc2D2D2a
11470758,0xff35e4a6cbc57e7bb5e1c88cf5d89387a3d8801d597809418da07a01af19350c,0xED8562cf805936AFdd2A405e7ACe80f78efc4Ed5,0x303D1F3ff37A878d4023702be8d70a82A49D74Eb,0x29b2470E39952B76A4852F8cA83B719658b73E10
11478037,0x6f41bcbcc7c31f073726d7ae5d5449266d57881113f39fc104611d87592324db,0x874d8dE5b26c9D9f6aA8d7bab283F9A9c6f777f4,0x228F9EE87413a1BE69ef780eef2302b680d4863d,0x44360fB15A2f17715E5052cF5994b23978081d9e
11478517,0xb95471ec88d503f8c84c915802c296a09bdc3c432955ac5f67210f9d98bcf446,0x75aB5e15129BBBEcB5C5Fdb71d1ff7D5dA97d56c,0x99049F92Fb57a54E77be1e45E0E6b9Eb2fc5A2EB,0xdF6753B614196aa8b5476fc37BDF1FDd840Ef87b
11483809,0xf9416d122f7e6df0887f953f189a3789cc6dbef137d3b1cdcbcf6fdd60416fc2,0xAeB3a1AeD77b5D6e3feBA0055d79176532e5cEb8,0x9258Af079065857C01466CebDCFA2CFB6AA4983C,0x9C4Ea0BF80C4768314c4F631AC84E274B32385FE
11490739,0x2c488785df7c27be405059ec0c7bd339a52d8257b9fe3b775e3851b302a2efec,0x5a4deB5704C1891dF3575d3EecF9471DA7F61Fa4,0xE3c7239BCcEe98B85a7D7Bc364490440067Afabf,0x60c8FD9B56f602246081Ce7CD74aC1b6F46d4C14
11490783,0x754df11d8fb7106f90a8f9696d900d20983e4bbb453dacd4b90174222e75b63b,0x3E22d87977dA52Accef2Af9Eb50f76bd31b7b6B1,0x15C6aC6Fc9d4179D9b799e709C1AfD726bA97418,0x56312147A6297BeAb6DE7Ed316886A124b699197
11490801,0xc6e221849e069f0064d27306232dcf435eea3af33c6027deb8654362f2a537a6,0x7b86306D72103Ccd5405DF9dBFf4B794C46EBbC9,0x485e61D9549b65AbDb1EAbD15Cc30A1aB00f6cAF,0x088c23d3C655204C9935ea0911e2Ac2807BB1710
11490805,0x030028fe16dcf1cfa37cd4bfa79f8722f34fa4a44d1267cedae578a242418ace,0xB4c5BC0d1d41F3440c580A0F52B6641E4A913Df4,0x7deb97229DBF5aaC741C62b36E8dde9F541F9CC1,0xd3D6C4154A9A7a288aBEef956a34b52685a69E86
11490812,0xf56f70b10b17fa2a522c98f8ef63979f663321cb70cc9845399dc0995e24c7ed,0x8e7970eca4be7F186A5D7acdc8dcF778EA26Ee9b,0x40280D2A19a52E064DF1Cc68F8d4f77856FD6A71,0x286198D27244011E6095E2c55342c0914192B62c
11490816,0x9fe36a4bee23086f73cf462f872319ac844ae4b0bcfe08b23cf5bb80013d3a94,0xe783E81cf1b5bf475aDB76e41a2AB996c6e2ae50,0xcD4B9ef178394B92b90cFD076FDf8C024461ca13,0xadFB1D3F50aC92aB67dF58040DfBDe6B2F411ABa
11490824,0xc72675891a89eaddd46eefca6d61b7714a5860ac21bc3979a72ac74e7db059f1,0xa09B58ECeFA3a5d3736Ba9E2E002ca566Adf08eb,0xEcC601451e84Ea5eFb61e60A3e4e7BbC56E69b79,0x6C870E8E5979d277B163CaD8F8bFee215f99dB24
11490827,0x3fb3c9b393cd370624fd39adbe828d2c3dfdb33a350ee341c6a7465d31702f80,0x5A576922849dF442f1Dc0c3bA7b3c345EdB2bd44,0x17A0edF4E67ED4C7FF3A3D06E0aAF7f38A3537D6,0x038cd9e60dADe4FE7E4eC8905EE71BaB9Bd78778
11490832,0x42c8c5d1bb6de3d01df13a3678a0b08813ebb7ead24002e52923240625835311,0xD6bF84B5D6F4d1288C39f2486688e949B1423E62,0x834d0Af9a86431F3a366f20320c332E95E822E1a,0x0A92DF821509DB21BccbA4d53867E573DB7fb1B8
11490847,0x454f1f61cf144dea91958247235be0e98e9c0f8514fb63a9468d2ab4bdd022e2,0xD6bF84B5D6F4d1288C39f2486688e949B1423E62,0x834d0Af9a86431F3a366f20320c332E95E822E1a,0x000da9c08c45707535b62A1dD05a6ac6896f57C3
11490852,0xd2b276c27a96bedd00147c9f991c45cd3e73ceb4a9cf04281b371aaa214035e4,0xb5faf55A4bD812a918c68F629A00d8F9750a2C4d,0x9d614e61Fda55cdd10d6e73C333E23E41E2B37e2,0xEDC0612754bE676ac568fD2215175a2b5E5462D9
11490862,0x4027544be816c5278b2e5c9ad281d109d9aa0086561666093628ed8358e850ca,0x63bc130401dc9f7F70203B01D1875d0D2779dc96,0xb39c206ec37B1aBCE8602c4f5EaafA99D3c10DDD,0xD2797888d86421B2847579bc219AdcBa90cBba3c
11490878,0xfd1e7f3d807bc9a43318481fc4ae675729c3bebbf4f0b6dba69852d4c56521c6,0xB2145C7f9249d79197fe3cB87333187eB4FC1Eec,0x5820FdDC9Ae2a2b1F8cabdBF7266e0B36DB4E45A,0xEb73deA31126eC00201858B26d35f5E40902fc5c
11490879,0x6ed4a6a11f8a568ca9fd98ef7a7749b4946b1269d48f52b0fe3e1ec66d25c8ee,0xa301Ad444e72F11590e3712bBb7aD0aC959b90C2,0x68eAe22C00Aa8D67ddeD72186354b773dDA03077,0x5A38C32e62E9688d402f2f73b86188bB765CB19B
11490885,0xc4fd0c15ba1e1469e690e5a5462c54945f2ed31dd35f31c3ff5c459011ec527e,0x9Ca631b980DeC1eEba001BBfaC8da5A9e7d744fF,0x2dF5692aCc1E0Fec909870D05789B65C9B10b9a1,0xDC9DF032dEFCC9F072526594537a8C8596980bf4
11490889,0x0b80a4ed8d219506b32957fefa5a721592ac703c969f7f6c4f6cf4e3dcd1d14a,0x0dc75ECCcF5B784b793686e614C2E9dCdda63738,0x868a85285901f4a818CE2e094f2852087c502161,0xDcebe37807A82A3b6443Ef2fFC112a6676FABbF7
11490898,0xceece3cd8e29c3621bdc7a5cd985fa93b51802296b75b12479a0cfad1ea656c1,0x8b3082e273E4B923830c637a203c1C1D963cA307,0x37cDEC400afaaD77278fbc34876e083B520B2D7a,0xc1956f06ffA45A47423aCF4A3422Dc2203645Ba4
11490999,0x7d6c95061bb3cdc5f7ce7a50e7ee78a64176e8f288be5c75d8a09aa3374eea03,0x6c84F4ccC916ACf792538f1293b286b540906A2a,0x52056B47F604216cf99782788922460F4E8E8c71,0x5bEdB6E03fA9aA4A5a35152dab8336bC57376b90
11491001,0x9787f9a96579f083d3b9bc4643ebb0860891096e5afeb2a43d18c33294b8e19b,0x9a88524DBc8C0F1CB67c6F6a695098d5BFCA4476,0xb9545CEf125158796817654605D75a212AD51660,0xD4f0154af767495C7913B59350902EFE58b8410D
11491277,0x5b965a6f8b12bce6214088d52743557b865ba7d1481c33af5ab191eeb5a68f16,0x58239b5529198E0ad76975Bab0842367A4Cc7D5b,0x4571c9937B2CB289c099C4e8daED68827D69f3A2,0xe22B3FF36024F4AcfE6aC1a2480EE139433eF4c1
11491308,0x1c0b8fa5568dddd368f67eb44bd53f7346209bf77ad59275708cb47c9bb94a24,0x5062743A788D271FA247C3dA7Cd5af73Fd687BA8,0x8D30d8184F0469C8a28a753fBf52CadeCE748110,0xab56B87B9288a9a236EF38e762Eb324Dbe5E49f8
11491314,0x930813caa30eaba82a312139a676b853acee5b4721c9c976cdbb02cba3d876d1,0x7d402c5CF587D4dEC6761C51E0aA903956495851,0x7beDCB884146D1D8422E4cE56E7CeE62799A9f84,0xc035d88e6ee710027801422c300c4990Da29dB36
11491315,0x0abfdd81a9c36949eb8d0ad5488b667d8c5962aefb68324b0efc043d16dc48a9,0x3035529E7aE11A3660134c9C875F4faa6514d042,0x1051f6DD42407908372Ba241206EBD33091b1BC5,0x9B3b449257DDF33C96f4C4072FF707F06112f190
11491317,0xe5f7e2ba6ac55fd6567445c333eb0be4f538ad3d92e7fc89b9880dee990a7972,0xff2CCF332A2d6CD645f93c19690104B99943b13D,0xa8BaE685a9213a27bC82ef782d1ba40964497dB1,0x587D316479c669eBaFdc19FE61bD815Bee5A9115
11491321,0x488a9d3cd4637fb7dc7d5af499b3b97cdd3d8deff566fa9177af9f499d735ba4,0xF5A203E16ab9B850b27f1F00C37352b6b7A28339,0xcCD95D042C598fB4AD544dF2b47D6C749d99A83a,0x2C1f93e8d6fD6c0dE9537ca5523945c034F747cD
11491323,0x79bafba17e2487a2b656e2ab468f685a9dad14749cb516d482a0487facd0c834,0x66948fEFCcc464c714574a884c0458981Cbd944C,0xBDfFd4Fa6Fd5C8D3B9AbD81C9f7b71681A96763e,0x34a9661072c2db1c9E7256A45320626981F72aD5
11491327,0xa0b6a3aedcd137a6756202250aa29a50f74e2577322cea66bbfcde7185b55770,0xB3aF30c0c1a9673E14c9B0C56eCd4cBBeB0F6c48,0xAe46E888aF6318aED82FE715b1b98b78F74e7b65,0x610548295d1A53A48A00B5232d1b7F1Aa748ac8A
11491329,0xf64a6e4e069341f3b854acf4985d23271da2169f51556d92ace73d97c9578f54,0xA31BF9E52B92ABF37D1d126ad2D9a6d0Ce9637f0,0x70B4a71Ad893C2E775Cecd8855E7c6F95fB5af21,0x56c118A37D06E32a4C9DAd23b4F26F01D6A3e19f
11491332,0x99048f4897f219f7ef892cb27df83c1bdf7acca41d98d9aa538c0b8cc79c1711,0xFEE7EeaA0c2f3F7C7e6301751a8dE55cE4D059Ec,0xD4c2BD3c4203A16266eced70a3F8cb4999a73E8f,0x934b49574d8daC9753054F8FE57feFBD5D9c968b
11491387,0xfc9083615dd077b4c29ca92b821a68b13c562f9bd0ccb967fa3d325034325b29,0x5365B5BC56493F08A38E5Eb08E36cBbe6fcC8306,0xA2C1dE568B70BC8b3565F1240D43b6949Bfe183A,0x225A6313E0d13d0f8C87A661ddC6923B53D0509a
11504309,0xa36779ad3a52b4e9667d7d8861762b1de0494a8472f1649562decdcdaeb1b49d,0xCDfF066eDf8a770E9b6A7aE12F7CFD3DbA0011B5,0xE9275ab4689B15C4E00de8F9c5e03e00358FC7Ab,0x1d9d70233427EcB3167a302D67Ba0Ae3435Cc87a
11556153,0x57d36301887bbdc1acc216a31dfa5ffb41c90c05dc6e4b3cbeedf498d6427f85,0xFC0e04Eae452c163883AAAd4Ac1AE091Cc87FEf3,0x0D86A7A059f316F81FcEF32495aAe41Cd0C80511,0xd3D6a957b09587F07eBd6449210fe2038076Ee83
11685928,0x0802117ac505aed5fde893321d45c2a34e46c8af86295f7030997dd5f6ca9128,0x2948BD241243Bb6924A0b2f368233DDa525AAB05,0xbE1DAF05Bf9e054b3e28b7E9C318819eF5dAcb58,0x509f085Bf045d8E3364C5Fb1576F91d612e1A37B
