block,timestamp,reserve0,reserve1,totalsupply,reserve0tkn,reserve1tkn,price,sINV
11838000,1613082589,54893.553496518914,6796241.211013017,99999.99999999999,BNT,AMP,0.008077046089471672,6.107944257211174
11839000,1613095108,63456.05543670773,5885024.656368552,99999.99999999999,BNT,AMP,0.01078263204352729,6.11097742460987
11840000,1613109029,59605.32295676272,6267549.731941122,99999.99999999999,BNT,AMP,0.009510147586543739,6.112113594493498
11841000,1613122099,58857.85599585282,6347549.731941121,99999.99999999999,BNT,AMP,0.00927253168252905,6.112308631352843
11842000,1613135673,58629.66701330674,6373730.220004481,99999.99999999999,BNT,AMP,0.009198642708361371,6.113016280294966
11843000,1613148664,63665.549003757566,5872028.993032956,99999.99999999999,BNT,AMP,0.010842172114493212,6.114294314206873
11844000,1613161539,62229.972652377684,6010153.886952132,99999.99999999999,BNT,AMP,0.010354139648150629,6.115649695834555
11845000,1613174936,60191.079655596164,6222224.076635498,99999.99999999999,BNT,AMP,0.009673563490201865,6.119823404574152
11846000,1613188056,60947.72396350874,6147323.854932262,99999.99999999999,BNT,AMP,0.009914513274684197,6.120991728671949
11847000,1613202096,63338.4238072749,5916444.788877448,99999.99999999999,BNT,AMP,0.01070548717472142,6.121587110139519
11848000,1613215266,62832.42021422669,5964332.615068721,99999.99999999999,BNT,AMP,0.010534694201239267,6.121710979517209
11849000,1613228654,62012.65660477124,6043588.037962393,99999.99999999999,BNT,AMP,0.010260900679404833,6.121919222424167
11850000,1613242198,62063.86514853626,6038626.440338881,99999.99999999999,BNT,AMP,0.010277811645035839,6.1219318607411655
11851000,1613255952,60577.175662904134,6187600.672867267,99999.99999999999,BNT,AMP,0.00979009132385289,6.122314700276231
11852000,1613268672,59139.74619629848,6341611.139547813,99999.99999999999,BNT,AMP,0.009325665811876858,6.124061342511822
11853000,1613281191,55726.71486033344,6733673.769170498,99999.99999999999,BNT,AMP,0.00827582635729593,6.125728675815402
11854000,1613294883,57229.34716981769,6557756.253313241,99999.99999999999,BNT,AMP,0.008726970774630902,6.126141601986575
11855000,1613308097,57229.34716981769,6557756.253313241,99999.99999999999,BNT,AMP,0.008726970774630902,6.126141601986575
11856000,1613321565,55558.391125261354,6756006.253313241,99999.99999999999,BNT,AMP,0.008223555313912674,6.12660458872848
11857000,1613334583,55261.50463507631,6794854.430711978,99999.99999999999,BNT,AMP,0.008132845993771481,6.127755540305592
11858000,1613347854,61072.646807190584,6151441.834387813,99999.99999999999,BNT,AMP,0.00992818406666581,6.12931345671392
11859000,1613361379,61160.70507095661,6144540.153699733,99999.99999999999,BNT,AMP,0.009953666757980368,6.1302888034502905
11860000,1613374252,61160.70507095661,6144540.153699733,99999.99999999999,BNT,AMP,0.009953666757980368,6.1302888034502905
11861000,1613387512,60108.235269958925,6252678.615031952,99999.99999999999,BNT,AMP,0.009613197634283296,6.130558516642522
11862000,1613400787,60108.235269958925,6252678.615031952,99999.99999999999,BNT,AMP,0.009613197634283296,6.130558516642522
11863000,1613413713,62368.04726874344,6027255.030621536,99999.99999999999,BNT,AMP,0.010347670200096375,6.131134696372081
11864000,1613427639,62258.422443031515,6043527.974392709,99999.99999999999,BNT,AMP,0.010301668612576849,6.134007806287991
11865000,1613440945,62258.422443031515,6043527.974392709,99999.99999999999,BNT,AMP,0.010301668612576849,6.134007806287991
11866000,1613454603,61021.32383634537,6167010.575289984,99999.99999999999,BNT,AMP,0.009894797988647204,6.1344857112633076
11867000,1613467545,61021.32383634537,6167010.575289984,99999.99999999999,BNT,AMP,0.009894797988647204,6.1344857112633076
11868000,1613480678,61021.32383634537,6167010.575289984,99999.99999999999,BNT,AMP,0.009894797988647204,6.1344857112633076
11869000,1613493695,59614.33809211546,6313309.823289985,99999.99999999999,BNT,AMP,0.009442644153498759,6.134849519636835
11870000,1613507075,59614.33809211546,6313309.823289985,99999.99999999999,BNT,AMP,0.009442644153498759,6.134849519636835
11871000,1613521053,59614.33809211546,6313309.823289985,99999.99999999999,BNT,AMP,0.009442644153498759,6.134849519636835
11872000,1613534269,59614.33809211546,6313309.823289985,99999.99999999999,BNT,AMP,0.009442644153498759,6.134849519636835
11873000,1613547535,56496.33899483194,6668571.827098001,99999.99999999999,BNT,AMP,0.008472029762843203,6.137995556817506
11874000,1613560114,55242.03354275754,6820770.91176942,99999.99999999999,BNT,AMP,0.00809908942219947,6.138348764084942
11875000,1613573596,55242.03354275754,6820770.91176942,99999.99999999999,BNT,AMP,0.00809908942219947,6.138348764084942
11876000,1613586767,55312.38237628773,6817152.8859919105,99999.99999999999,BNT,AMP,0.008113707188516377,6.140626736316075
11877000,1613599998,53641.305977649914,7030626.846995956,99999.99999999999,BNT,AMP,0.007629661927025718,6.141107440147829
11878000,1613613641,53641.305977649914,7030626.846995956,99999.99999999999,BNT,AMP,0.007629661927025718,6.141107440147829
11879000,1613626921,51588.747439754574,7311815.877854035,99999.99999999999,BNT,AMP,0.0070555315261706915,6.141721441490156
11880000,1613640635,48444.49847867652,7788884.661679991,99999.99999999999,BNT,AMP,0.0062196964755448685,6.1427079626443515
11881000,1613653130,49585.36641086886,7610572.814166302,99999.99999999999,BNT,AMP,0.006515326457237329,6.143069603927938
11882000,1613667120,47129.38590129216,8009268.137848565,99999.99999999999,BNT,AMP,0.0058843561097146595,6.1438740942144054
11883000,1613680790,46617.170914711394,8097717.400024036,99999.99999999999,BNT,AMP,0.005756828574256373,6.1440432620217855
11884000,1613693764,45401.57703839611,8315646.656140661,99999.99999999999,BNT,AMP,0.005459777082383542,6.144456625958485
11885000,1613706883,44421.26519415923,8503285.545406708,99999.99999999999,BNT,AMP,0.005224011937145241,6.145947463444285
11886000,1613720092,44421.26519415923,8503285.545406708,99999.99999999999,BNT,AMP,0.005224011937145241,6.145947463444285
11887000,1613733077,45883.5446371156,8233646.204108402,99999.99999999999,BNT,AMP,0.005572688393414421,6.146453230379496
11888000,1613746375,45883.5446371156,8233646.204108402,99999.99999999999,BNT,AMP,0.005572688393414421,6.146453230379496
11889000,1613759580,60588.76168512389,13564501.176633472,147429.94518219525,BNT,AMP,0.004466715059857528,6.149109799701233
11890000,1613772772,64237.53830737601,12803148.419764102,147429.94518219525,BNT,AMP,0.005017323567710354,6.151303153610722
11891000,1613785730,62854.89375108415,13176301.645180386,147872.7450793363,BNT,AMP,0.004770298634903759,6.154293123866799
11892000,1613799340,64987.49949478195,12746064.863820659,147872.7450793363,BNT,AMP,0.005098632416287721,6.154812690116163
11893000,1613812701,65584.1275923394,12630691.565599151,147872.7450793363,BNT,AMP,0.00519244154223224,6.154953877355991
11894000,1613826759,65584.1275923394,12630691.565599151,147872.7450793363,BNT,AMP,0.00519244154223224,6.154953877355991
11895000,1613840165,64840.84465250567,12779701.240468852,147872.7450793363,BNT,AMP,0.005073737126747326,6.155970744869707
11896000,1613853155,64840.84465250567,12779701.240468852,147872.7450793363,BNT,AMP,0.005073737126747326,6.155970744869707
11897000,1613865640,66084.11766109106,12540472.390663164,147872.7450793363,BNT,AMP,0.005269667330099389,6.156265778940234
11898000,1613880066,66084.11766109106,12540472.390663164,147872.7450793363,BNT,AMP,0.005269667330099389,6.156265778940234
11899000,1613893445,66084.11766109106,12540472.390663164,147872.7450793363,BNT,AMP,0.005269667330099389,6.156265778940234
11900000,1613907178,66031.72624901825,12550472.390663162,147872.7450793363,BNT,AMP,0.0052612940926544,6.15627805172281
11901000,1613920024,63856.20439299098,12980259.07364656,147872.7450793363,BNT,AMP,0.0049194861235579155,6.156800701405695
11902000,1613933193,62386.52335527413,13287616.705595883,147872.7450793363,BNT,AMP,0.004695087519269048,6.15716515554833
11903000,1613945917,55826.60341598839,14857408.166774556,147872.7450793363,BNT,AMP,0.003757492746334637,6.158911944394507
11904000,1613958980,57098.085411007225,14540249.421707716,147872.7450793363,BNT,AMP,0.003926898621543811,6.161813736972423
11905000,1613972265,58244.3000436563,14257985.273378272,147872.7450793363,BNT,AMP,0.0040850301726995655,6.162652239345768
11906000,1613986046,58545.84359700056,14184915.926993968,147872.7450793363,BNT,AMP,0.00412733102531736,6.162732002345192
11907000,1613999100,58545.84359700056,14184915.926993968,147872.7450793363,BNT,AMP,0.00412733102531736,6.162732002345192
11908000,1614012304,58586.313103939305,14175166.443872344,147872.7450793363,BNT,AMP,0.004133024704571639,6.162742652226326
11909000,1614025585,59324.01204400546,14002853.241202734,147872.7450793363,BNT,AMP,0.0042365660070939936,6.163613400048503
11910000,1614038768,56152.2080089208,14798526.45970451,147872.7450793363,BNT,AMP,0.0037944458971519803,6.164594587935091
11911000,1614052613,57585.34826620867,14432073.484543202,147872.7450793363,BNT,AMP,0.003990095278262182,6.164987913823356
11912000,1614066081,57585.34826620867,14432073.484543202,147872.7450793363,BNT,AMP,0.003990095278262182,6.164987913823356
11913000,1614079671,59396.27159158073,13994256.414257664,147872.7450793363,BNT,AMP,0.004244332091204679,6.165472580579743
11914000,1614092734,59396.27159158073,13994256.414257664,147872.7450793363,BNT,AMP,0.004244332091204679,6.165472580579743
11915000,1614105044,59396.27159158073,13994256.414257664,147872.7450793363,BNT,AMP,0.004244332091204679,6.165472580579743
11916000,1614118064,56580.74792451579,14694256.414257662,147872.7450793363,BNT,AMP,0.003850534952528538,6.166234174744274
11917000,1614131789,58017.839582480075,14332102.144164875,147872.7450793363,BNT,AMP,0.004048103969598156,6.166625702017121
11918000,1614144701,57072.4442945443,14573352.628194964,147872.7450793363,BNT,AMP,0.003916219263378465,6.167438650490291
11919000,1614158755,58442.943358082746,14233313.246927893,147872.7450793363,BNT,AMP,0.004106067388820873,6.167808891124796
11920000,1614171899,58442.943358082746,14233313.246927893,147872.7450793363,BNT,AMP,0.004106067388820873,6.167808891124796
11921000,1614185477,60317.29102314343,13793227.392392099,147872.7450793363,BNT,AMP,0.004372964303946189,6.168303397138262
11922000,1614198960,60962.34713048588,13648007.942054506,147872.7450793363,BNT,AMP,0.004466757887987344,6.1684683104045215
11923000,1614211964,62778.5941502556,13255131.782343676,147872.7450793363,BNT,AMP,0.004736172765470276,6.168927735177096
11924000,1614225205,61827.962680256496,13459975.088448882,147872.7450793363,BNT,AMP,0.0045934678388310085,6.169166065350542
11925000,1614238568,63305.92143042262,13147304.804459447,147872.7450793363,BNT,AMP,0.004815125409502168,6.169534511120498
11926000,1614251639,63305.92143042262,13147304.804459447,147872.7450793363,BNT,AMP,0.004815125409502168,6.169534511120498
11927000,1614264731,63305.92143042262,13147304.804459447,147872.7450793363,BNT,AMP,0.004815125409502168,6.169534511120498
11928000,1614278463,63306.39326733302,13147207.304563435,147872.7450793363,BNT,AMP,0.004815197007303535,6.169534626078705
11929000,1614291732,63545.12809024113,13098061.086428221,147872.7450793363,BNT,AMP,0.004851491199417637,6.169592790654882
11930000,1614304874,63545.12809024113,13098061.086428221,147872.7450793363,BNT,AMP,0.004851491199417637,6.169592790654882
11931000,1614318381,63545.12809024113,13098061.086428221,147872.7450793363,BNT,AMP,0.004851491199417637,6.169592790654882
11932000,1614331548,63545.12809024113,13098061.086428221,147872.7450793363,BNT,AMP,0.004851491199417637,6.169592790654882
11933000,1614344326,63258.245668018164,13157761.951455282,147872.7450793363,BNT,AMP,0.00480767518833411,6.169663092649486
11934000,1614357856,63258.245668018164,13157761.951455282,147872.7450793363,BNT,AMP,0.00480767518833411,6.169663092649486
11935000,1614371248,61325.56772511989,13574570.706458969,147872.7450793363,BNT,AMP,0.0045176800836832605,6.170149765227171
11936000,1614383915,62695.221845077125,13279499.639860427,147872.7450793363,BNT,AMP,0.004721203625540825,6.170494113928628
11937000,1614397331,63247.4616862006,13165731.574951436,147872.7450793363,BNT,AMP,0.004803945859456268,6.171005214653356
11938000,1614410833,63247.4616862006,13165731.574951436,147872.7450793363,BNT,AMP,0.004803945859456268,6.171005214653356
11939000,1614424280,63247.4616862006,13165731.574951436,147872.7450793363,BNT,AMP,0.004803945859456268,6.171005214653356
11940000,1614437665,63247.4616862006,13165731.574951436,147872.7450793363,BNT,AMP,0.004803945859456268,6.171005214653356
11941000,1614451357,62223.108564740876,13383580.70803499,147872.7450793363,BNT,AMP,0.004649212338771529,6.1712604834783615
11942000,1614464345,62223.108564740876,13383580.70803499,147872.7450793363,BNT,AMP,0.004649212338771529,6.1712604834783615
11943000,1614477321,62506.43625961121,13323219.254054595,147872.7450793363,BNT,AMP,0.004691541516183404,6.171330733868277
11944000,1614490383,62332.98592595159,13360512.0442681,147872.7450793363,BNT,AMP,0.004665463847449886,6.171381325369044
11945000,1614504351,60350.752845614705,13811854.761474675,147872.7450793363,BNT,AMP,0.004369489390661036,6.174178944641252
11946000,1614517674,61508.16986268883,13553252.605125293,147872.7450793363,BNT,AMP,0.004538258944530328,6.174474961183585
11947000,1614530985,62810.897429393306,13273557.273148572,147872.7450793363,BNT,AMP,0.004732031974311447,6.174801887095125
11948000,1614544545,62810.897429393306,13273557.273148572,147872.7450793363,BNT,AMP,0.004732031974311447,6.174801887095125
11949000,1614557402,61783.07986476887,13495503.126797285,147872.7450793363,BNT,AMP,0.004578049390547699,6.175060002347227
11950000,1614570595,61624.06170142876,13530503.126797283,147872.7450793363,BNT,AMP,0.004554454562697063,6.175100039090838
11951000,1614583808,61624.06170142876,13530503.126797283,147872.7450793363,BNT,AMP,0.004554454562697063,6.175100039090838
11952000,1614597137,61624.06170142876,13530503.126797283,147872.7450793363,BNT,AMP,0.004554454562697063,6.175100039090838
11953000,1614610422,61624.06170142876,13530503.126797283,147872.7450793363,BNT,AMP,0.004554454562697063,6.175100039090838
11954000,1614624354,61624.06170142876,13530503.126797283,147872.7450793363,BNT,AMP,0.004554454562697063,6.175100039090838
11955000,1614637089,61624.06170142876,13530503.126797283,147872.7450793363,BNT,AMP,0.004554454562697063,6.175100039090838
11956000,1614650721,61624.06170142876,13530503.126797283,147872.7450793363,BNT,AMP,0.004554454562697063,6.175100039090838
11957000,1614664025,60517.82362501965,13779100.228715418,147872.7450793363,BNT,AMP,0.004392001119122532,6.1753836716921295
11958000,1614676980,60517.82362501965,13779100.228715418,147872.7450793363,BNT,AMP,0.004392001119122532,6.1753836716921295
11959000,1614690945,60517.82362501965,13779100.228715418,147872.7450793363,BNT,AMP,0.004392001119122532,6.1753836716921295
11960000,1614703648,60517.82362501965,13779100.228715418,147872.7450793363,BNT,AMP,0.004392001119122532,6.1753836716921295
11961000,1614716845,59697.941281192805,13969304.353784466,147872.7450793363,BNT,AMP,0.004273508527646895,6.175596777621087
11962000,1614729832,59071.92257366942,14118096.851175372,147872.7450793363,BNT,AMP,0.004184127874767449,6.175761222143567
11963000,1614743952,58031.914876892886,14372399.546123378,147872.7450793363,BNT,AMP,0.004037733204581392,6.176037956948609
11964000,1614757557,58031.914876892886,14372399.546123378,147872.7450793363,BNT,AMP,0.004037733204581392,6.176037956948609
11965000,1614770881,57522.57571296735,14500306.534196371,147872.7450793363,BNT,AMP,0.003966990323777685,6.176175364349368
11966000,1614783673,56487.60260175508,14767342.657176947,147872.7450793363,BNT,AMP,0.0038251704394698283,6.176459707296915
11967000,1614796767,54774.01274229482,15232138.141348066,147872.7450793363,BNT,AMP,0.00359595036717854,6.177028128440498
11968000,1614810639,55424.708977472976,15055746.078904299,147872.7450793363,BNT,AMP,0.003681299398050593,6.1775279126335505
11969000,1614823926,54085.39554760462,15430479.14553846,147872.7450793363,BNT,AMP,0.003505101496685718,6.177909982655203
11970000,1614837041,54085.39554760462,15430479.14553846,147872.7450793363,BNT,AMP,0.003505101496685718,6.177909982655203
11971000,1614849959,54085.39554760462,15430479.14553846,147872.7450793363,BNT,AMP,0.003505101496685718,6.177909982655203
11972000,1614863683,54085.39554760462,15430479.14553846,147872.7450793363,BNT,AMP,0.003505101496685718,6.177909982655203
11973000,1614876823,52540.1811721488,15886623.763809899,147872.7450793363,BNT,AMP,0.0033071961640985395,6.178363457017083
11974000,1614890372,51441.454041086785,16227675.731285589,147872.7450793363,BNT,AMP,0.0031699828671035127,6.178693373134541
11975000,1614903564,52085.05459549412,16028157.453487532,147872.7450793363,BNT,AMP,0.0032495971384509355,6.178886629155668
11976000,1614916853,52356.667582969974,15948340.711004509,147872.7450793363,BNT,AMP,0.0032828912130553724,6.17953243019549
11977000,1614929731,52356.667582969974,15948340.711004509,147872.7450793363,BNT,AMP,0.0032828912130553724,6.17953243019549
11978000,1614943387,52356.667582969974,15948340.711004509,147872.7450793363,BNT,AMP,0.0032828912130553724,6.17953243019549
11979000,1614956279,51145.56717020544,16327932.018161772,147872.7450793363,BNT,AMP,0.003132397116384093,6.179900121582818
11980000,1614969359,51811.129475443624,16125196.865386957,147872.7450793363,BNT,AMP,0.0032130540735696195,6.181244287718046
11981000,1614982621,51144.374846141196,16336486.679968111,147872.7450793363,BNT,AMP,0.0031306838396810686,6.1814467678148315
11982000,1614996100,50571.930021478,16522346.020277696,147872.7450793363,BNT,AMP,0.003060820174048626,6.181622580292595
11983000,1615009401,49969.802929228186,16722449.878442941,147872.7450793363,BNT,AMP,0.0029881867365406014,6.181809743150822
11984000,1615022220,48741.673763724924,17145958.25148237,147872.7450793363,BNT,AMP,0.0028427500550755693,6.1821987807479015
11985000,1615035589,48207.489457799355,17336916.962410633,147872.7450793363,BNT,AMP,0.0027806264263894984,6.182370909983551
11986000,1615048436,47961.51319727659,17427329.327101313,147872.7450793363,BNT,AMP,0.0027520862374874294,6.182636626624602
11987000,1615061973,47217.27529797104,17703420.815107957,147872.7450793363,BNT,AMP,0.0026671272061542027,6.182881491961118
11988000,1615075234,46789.144394679184,17869961.994710222,147872.7450793363,BNT,AMP,0.0026183124736655554,6.183668950737711
11989000,1615088382,45960.41310388737,18200135.58963074,147872.7450793363,BNT,AMP,0.002525278610016105,6.185020428772637
11990000,1615102076,44994.519344089924,18600292.860798668,147872.7450793363,BNT,AMP,0.00241902209179291,6.186593264453823
11991000,1615115515,45491.16925625756,18400195.129554946,147872.7450793363,BNT,AMP,0.0024723199366069918,6.187092785418318
11992000,1615128585,46084.17805342873,18164606.24303956,147872.7450793363,BNT,AMP,0.0025370314906268663,6.187294414697567
11993000,1615142539,46084.17805342873,18164606.24303956,147872.7450793363,BNT,AMP,0.0025370314906268663,6.187294414697567
11994000,1615155228,46325.56588319505,18070429.491563495,147872.7450793363,BNT,AMP,0.0025636117782824683,6.187375436419943
11995000,1615168649,46236.46068783727,18105429.491563495,147872.7450793363,BNT,AMP,0.0025537345418611508,6.187405396639771
11996000,1615181560,46252.973952579996,18111895.811563496,147925.55755138543,BNT,AMP,0.0025537345418611508,6.187405396639772
11997000,1615195306,46252.973952579996,18111895.811563496,147925.55755138543,BNT,AMP,0.0025537345418611508,6.187405396639772
11998000,1615208195,46252.973952579996,18111895.811563496,147925.55755138543,BNT,AMP,0.0025537345418611508,6.187405396639772
11999000,1615222193,45742.198124474984,18315168.254471388,147925.55755138543,BNT,AMP,0.002497503571298488,6.187578999582726
12000000,1615234816,44090.07218499964,19005001.99944861,147925.55755138543,BNT,AMP,0.002319919365769013,6.188154523672845
12001000,1615248474,44090.07218499964,19005001.99944861,147925.55755138543,BNT,AMP,0.002319919365769013,6.188154523672845
12002000,1615261906,43129.18158675027,19430596.64027611,147925.55755138543,BNT,AMP,0.0022196529723308277,6.188500948832964
12003000,1615275372,43129.18158675027,19430596.64027611,147925.55755138543,BNT,AMP,0.0022196529723308277,6.188500948832964
12004000,1615288663,43618.254649313334,19213818.904090263,147925.55755138543,BNT,AMP,0.0022701501907061183,6.188676386094937
12005000,1615302431,45089.26337661076,18593106.686693784,147925.55755138543,BNT,AMP,0.0024250526894937377,6.189696231744827
12006000,1615315501,45813.714468661536,18300564.429052994,147925.55755138543,BNT,AMP,0.0025034044521561392,6.1899448520262395
12007000,1615328768,48106.269172506494,17432724.07416231,147925.55755138543,BNT,AMP,0.002759538266529818,6.190707027735265
12008000,1615342578,48228.39967659417,17392651.480143175,147925.55755138543,BNT,AMP,0.0027729181908609807,6.191432008310216
12009000,1615355495,48228.39967659417,17392651.480143175,147925.55755138543,BNT,AMP,0.0027729181908609807,6.191432008310216
12010000,1615368545,48981.47109072708,17126583.132005893,147925.55755138543,BNT,AMP,0.002859967496913688,6.191673696790795
12011000,1615382097,50269.83843246765,16689825.709484708,147925.55755138543,BNT,AMP,0.0030120049967867347,6.19207817297701
12012000,1615395383,49808.78613276314,16846615.286768857,147925.55755138543,BNT,AMP,0.002956604949118913,6.192501111799555
12013000,1615408718,49047.27350152179,17109512.331341133,147925.55755138543,BNT,AMP,0.002866666948284505,6.192742697194851
12014000,1615421586,49047.27350152179,17109512.331341133,147925.55755138543,BNT,AMP,0.002866666948284505,6.192742697194851
12015000,1615435289,49325.84297697085,17016071.531275515,147925.55755138543,BNT,AMP,0.0028987797145957,6.193322488235978
12016000,1615448752,49325.84297697085,17016071.531275515,147925.55755138543,BNT,AMP,0.0028987797145957,6.193322488235978
12017000,1615462011,49325.84297697085,17016071.531275515,147925.55755138543,BNT,AMP,0.0028987797145957,6.193322488235978
12018000,1615475298,49204.59650723423,17058212.549705327,147925.55755138543,BNT,AMP,0.00288451069324284,6.193360833177802
12019000,1615488663,49204.59650723423,17058212.549705327,147925.55755138543,BNT,AMP,0.00288451069324284,6.193360833177802
12020000,1615502438,49204.59650723423,17058212.549705327,147925.55755138543,BNT,AMP,0.00288451069324284,6.193360833177802
12021000,1615515701,49204.59650723423,17058212.549705327,147925.55755138543,BNT,AMP,0.00288451069324284,6.193360833177802
12022000,1615528853,49204.59650723423,17058212.549705327,147925.55755138543,BNT,AMP,0.00288451069324284,6.193360833177802
12023000,1615542956,49204.59650723423,17058212.549705327,147925.55755138543,BNT,AMP,0.00288451069324284,6.193360833177802
12024000,1615556647,49208.40993504202,17056897.225538924,147925.55755138543,BNT,AMP,0.002884956700176591,6.193362033163871
12025000,1615570022,49917.009429275866,16815975.817366052,147925.55755138543,BNT,AMP,0.0029684277600902586,6.19358498967771
12026000,1615582909,50677.47910210479,16564895.857284484,147925.55755138543,BNT,AMP,0.003059329774163304,6.193820878401473
12027000,1615595793,50677.47910210479,16564895.857284484,147925.55755138543,BNT,AMP,0.003059329774163304,6.193820878401473
12028000,1615609740,50677.47910210479,16564895.857284484,147925.55755138543,BNT,AMP,0.003059329774163304,6.193820878401473
12029000,1615622996,50677.47910210479,16564895.857284484,147925.55755138543,BNT,AMP,0.003059329774163304,6.193820878401473
12030000,1615635600,50287.48261779689,16694013.833997924,147925.55755138543,BNT,AMP,0.0030123062744434018,6.193941758707784
12031000,1615648761,49917.271042177366,16818451.837214652,147925.55755138543,BNT,AMP,0.0029680063019667507,6.194057182501406
12032000,1615662018,49186.0301618624,17069764.32685061,147925.55755138543,BNT,AMP,0.002881470957656582,6.194288567481446
12033000,1615675580,50020.05443190221,16786769.08185464,147925.55755138543,BNT,AMP,0.0029797308933003966,6.194587948743161
12034000,1615688954,51726.63039221062,16235675.607483784,147925.55755138543,BNT,AMP,0.0031859857047382366,6.195110568984957
12035000,1615702536,52557.88184861201,15980177.309662553,147925.55755138543,BNT,AMP,0.0032889423458920216,6.195359453901829
12036000,1615715729,52557.88184861201,15980177.309662553,147925.55755138543,BNT,AMP,0.0032889423458920216,6.195359453901829
12037000,1615729322,51997.391826601146,16153305.728815636,147925.55755138543,BNT,AMP,0.003218993851756535,6.195527252143744
12038000,1615742491,51997.391826601146,16153305.728815636,147925.55755138543,BNT,AMP,0.003218993851756535,6.195527252143744
12039000,1615755782,51030.43100783882,16460957.434959259,147925.55755138543,BNT,AMP,0.0031000888745062916,6.195822241167311
12040000,1615768387,51030.43100783882,16460957.434959259,147925.55755138543,BNT,AMP,0.0031000888745062916,6.195822241167311
12041000,1615782326,51030.43100783882,16460957.434959259,147925.55755138543,BNT,AMP,0.0031000888745062916,6.195822241167311
12042000,1615796022,51030.43100783882,16460957.434959259,147925.55755138543,BNT,AMP,0.0031000888745062916,6.195822241167311
12043000,1615808905,51030.43100783882,16460957.434959259,147925.55755138543,BNT,AMP,0.0031000888745062916,6.195822241167311
12044000,1615822427,51030.43100783882,16460957.434959259,147925.55755138543,BNT,AMP,0.0031000888745062916,6.195822241167311
12045000,1615835686,51030.43100783882,16460957.434959259,147925.55755138543,BNT,AMP,0.0031000888745062916,6.195822241167311
12046000,1615848800,51377.86090022072,16350200.906231219,147925.55755138543,BNT,AMP,0.0031423382009110436,6.195927697631852
12047000,1615861860,51377.86090022072,16350200.906231219,147925.55755138543,BNT,AMP,0.0031423382009110436,6.195927697631852
12048000,1615875416,51377.86090022072,16350200.906231219,147925.55755138543,BNT,AMP,0.0031423382009110436,6.195927697631852
12049000,1615889187,51377.86090022072,16350200.906231219,147925.55755138543,BNT,AMP,0.0031423382009110436,6.195927697631852
12050000,1615902597,51377.86090022072,16350200.906231219,147925.55755138543,BNT,AMP,0.0031423382009110436,6.195927697631852
12051000,1615915827,51377.86090022072,16350200.906231219,147925.55755138543,BNT,AMP,0.0031423382009110436,6.195927697631852
12052000,1615928342,51377.86090022072,16350200.906231219,147925.55755138543,BNT,AMP,0.0031423382009110436,6.195927697631852
12053000,1615942013,50815.029425775894,16532217.247446494,147925.55755138543,BNT,AMP,0.003073697173536998,6.1961001334941965
12054000,1615955255,50815.029425775894,16532217.247446494,147925.55755138543,BNT,AMP,0.003073697173536998,6.1961001334941965
12055000,1615968481,50815.029425775894,16532217.247446494,147925.55755138543,BNT,AMP,0.003073697173536998,6.1961001334941965
12056000,1615981768,50068.58988421049,16779942.24744649,147925.55755138543,BNT,AMP,0.0029838356500797697,6.196332240920218
12057000,1615995062,51274.82736763354,16387168.768413503,147925.55755138543,BNT,AMP,0.0031289619392012662,6.196705430137021
12058000,1616008567,51274.82736763354,16387168.768413503,147925.55755138543,BNT,AMP,0.0031289619392012662,6.196705430137021
12059000,1616021639,51274.82736763354,16387168.768413503,147925.55755138543,BNT,AMP,0.0031289619392012662,6.196705430137021
12060000,1616035126,51956.552175708195,16177889.205885192,147925.55755138543,BNT,AMP,0.003211577945335875,6.197804534324827
12061000,1616048665,53311.524092335996,15768751.066504197,147925.55755138543,BNT,AMP,0.0033808336416432964,6.198205670245002
12062000,1616062109,54760.20687510641,15353660.506896628,147925.55755138543,BNT,AMP,0.003566589664432724,6.198623978531843
12063000,1616075002,56119.72749672973,14983563.64660266,147925.55755138543,BNT,AMP,0.00374541923539359,6.1990069089732245
12064000,1616088354,55051.27362593721,15275859.59840266,147925.55755138543,BNT,AMP,0.003603808562870905,6.1993092236437874
12065000,1616101256,54273.959901446266,15495756.272623902,147925.55755138543,BNT,AMP,0.0035025047468855183,6.199532317955365
12066000,1616114694,52309.970606646006,16082768.5803923,147925.55755138543,BNT,AMP,0.0032525476161126255,6.200538801159019
12067000,1616127809,53480.15957574559,15732616.010155816,147925.55755138543,BNT,AMP,0.0033993176685442996,6.200883953138688
12068000,1616141059,72443.43561558716,19937095.61074278,193793.97871675808,BNT,AMP,0.0036336002510090884,6.201406296253661
12069000,1616154669,74079.10029999651,19915820.64881861,195859.19265815042,BNT,AMP,0.0037196107359196784,6.2015891738128275
12070000,1616167267,74079.10029999651,19915820.64881861,195859.19265815042,BNT,AMP,0.0037196107359196784,6.2015891738128275
12071000,1616180583,73409.31075970433,20098454.91042774,195859.19265815042,BNT,AMP,0.0036524852824192547,6.201731348430773
12072000,1616194609,71292.52010776871,20698278.658243086,195859.19265815042,BNT,AMP,0.003444369519074789,6.202191024317721
12073000,1616207798,70534.08899360598,20921971.298631,195859.19265815042,BNT,AMP,0.0033712926944996467,6.202358594501635
12074000,1616220533,72782.74782097011,20282212.367355477,195859.19265815042,BNT,AMP,0.003588501417040432,6.203373447364875
12075000,1616233930,72782.74782097011,20282212.367355477,195859.19265815042,BNT,AMP,0.003588501417040432,6.203373447364875
12076000,1616247636,71337.90996249863,20695092.548675206,195859.19265815042,BNT,AMP,0.0034470930629911735,6.20368756116924
12077000,1616260973,71446.46745058533,20663805.148384385,195859.19265815042,BNT,AMP,0.003457565871219582,6.20371116206594
12078000,1616273897,72233.18929959476,20439872.11201903,195859.19265815042,BNT,AMP,0.0035339354817743836,6.203881908874458
12079000,1616286993,72359.32029566688,20404421.025989637,195859.19265815042,BNT,AMP,0.0035462569706585134,6.203908979607948
12080000,1616300628,74435.4009273282,19841983.092671517,195859.19265815042,BNT,AMP,0.003751409351559237,6.204950819022464
12081000,1616314784,74503.26392293279,19828651.233620066,195859.19265815042,BNT,AMP,0.003757354095603351,6.205692852999405
12082000,1616327845,74503.26392293279,19828651.233620066,195859.19265815042,BNT,AMP,0.003757354095603351,6.205692852999405
12083000,1616341242,73581.46183278017,20080103.238310914,195859.19265815042,BNT,AMP,0.0036643965899733916,6.206163552997256
12084000,1616354204,72486.69859645722,20384919.201175574,195859.19265815042,BNT,AMP,0.0035558982540522897,6.2063990724318785
12085000,1616367475,71656.42066169497,20622318.584865466,195859.19265815042,BNT,AMP,0.0034747024378860565,6.206579766533749
12086000,1616381123,72203.43822847006,20466863.845364433,195859.19265815042,BNT,AMP,0.003527821300517593,6.206698216343751
12087000,1616394736,71300.42346793028,20727394.361819703,195859.19265815042,BNT,AMP,0.0034399125246184904,6.206895731773449
12088000,1616407743,71300.42346793028,20727394.361819703,195859.19265815042,BNT,AMP,0.0034399125246184904,6.206895731773449
12089000,1616421342,71300.42346793028,20727394.361819703,195859.19265815042,BNT,AMP,0.0034399125246184904,6.206895731773449
12090000,1616434506,72335.36709947966,20432318.422824923,195859.19265815042,BNT,AMP,0.0035402427469353594,6.207120964329844
12091000,1616447432,71410.50057493383,20698292.809641443,195859.19265815042,BNT,AMP,0.0034500671737366768,6.207322961515826
12092000,1616460872,73559.60499465858,20096577.502741843,195859.19265815042,BNT,AMP,0.003660305093472886,6.207786689574508
12093000,1616474434,72414.03684957093,20416122.275488075,195859.19265815042,BNT,AMP,0.003546904543009736,6.208033451288263
12094000,1616487561,71785.33244784115,20595835.516441442,195859.19265815042,BNT,AMP,0.0034854294884291374,6.208170065568004
12095000,1616500799,71785.33244784115,20595835.516441442,195859.19265815042,BNT,AMP,0.0034854294884291374,6.208170065568004
12096000,1616513755,71785.33244784115,20595835.516441442,195859.19265815042,BNT,AMP,0.0034854294884291374,6.208170065568004
12097000,1616527565,70920.21028098797,20848352.377478257,195859.19265815042,BNT,AMP,0.0034017177471348087,6.20836035204504
12098000,1616540812,70920.21028098797,20848352.377478257,195859.19265815042,BNT,AMP,0.0034017177471348087,6.20836035204504
12099000,1616554264,61666.13782595225,18127940.7669529,170302.37108835866,BNT,AMP,0.003401717747134808,6.208360352045041
12100000,1616567660,61666.13782595225,18127940.7669529,170302.37108835866,BNT,AMP,0.003401717747134808,6.208360352045041
12101000,1616581247,61666.13782595225,18127940.7669529,170302.37108835866,BNT,AMP,0.003401717747134808,6.208360352045041
12102000,1616594822,61666.13782595225,18127940.7669529,170302.37108835866,BNT,AMP,0.003401717747134808,6.208360352045041
12103000,1616607811,61662.735528556055,18128946.019075073,170302.37108835866,BNT,AMP,0.003401341449396739,6.208361212728427
12104000,1616621243,61662.735528556055,18128946.019075073,170302.37108835866,BNT,AMP,0.003401341449396739,6.208361212728427
12105000,1616633731,62546.58545170808,17874045.594169106,170302.37108835866,BNT,AMP,0.0034992965147247978,6.208583679394151
12106000,1616647475,44183.1930185937,12626307.268524934,120302.37108835868,BNT,AMP,0.0034992965147247995,6.20858367939415
12107000,1616660403,44183.1930185937,12626307.268524934,120302.37108835868,BNT,AMP,0.0034992965147247995,6.20858367939415
12108000,1616674114,44183.1930185937,12626307.268524934,120302.37108835868,BNT,AMP,0.0034992965147247995,6.20858367939415
12109000,1616687704,44183.1930185937,12626307.268524934,120302.37108835868,BNT,AMP,0.0034992965147247995,6.20858367939415
12110000,1616700664,44183.1930185937,12626307.268524934,120302.37108835868,BNT,AMP,0.0034992965147247995,6.20858367939415
12111000,1616713608,44235.96712127959,12612854.620700147,120302.37108835868,BNT,AMP,0.0035072129546851166,6.208980146444608
12112000,1616727069,44235.96712127959,12612854.620700147,120302.37108835868,BNT,AMP,0.0035072129546851166,6.208980146444608
12113000,1616739941,44235.96712127959,12612854.620700147,120302.37108835868,BNT,AMP,0.0035072129546851166,6.208980146444608
12114000,1616753457,44235.96712127959,12612854.620700147,120302.37108835868,BNT,AMP,0.0035072129546851166,6.208980146444608
12115000,1616766845,44235.96712127959,12612854.620700147,120302.37108835868,BNT,AMP,0.0035072129546851166,6.208980146444608
12116000,1616779887,44235.96712127959,12612854.620700147,120302.37108835868,BNT,AMP,0.0035072129546851166,6.208980146444608
12117000,1616792832,44235.96712127959,12612854.620700147,120302.37108835868,BNT,AMP,0.0035072129546851166,6.208980146444608
12118000,1616806015,44235.96712127959,12612854.620700147,120302.37108835868,BNT,AMP,0.0035072129546851166,6.208980146444608
12119000,1616819146,43633.96941912384,12787754.910963202,120302.37108835868,BNT,AMP,0.003412168103230971,6.20919538986883
12120000,1616832819,43633.96941912384,12787754.910963202,120302.37108835868,BNT,AMP,0.003412168103230971,6.20919538986883
12121000,1616847213,43633.96941912384,12787754.910963202,120302.37108835868,BNT,AMP,0.003412168103230971,6.20919538986883
12122000,1616860253,43547.13030094022,12815186.75671749,120302.37108835868,BNT,AMP,0.003398087841218045,6.209663308216233
12123000,1616873317,44245.785858911964,12613842.509489894,120302.37108835868,BNT,AMP,0.0035077166870938893,6.209912367611872
12124000,1616886218,44245.785858911964,12613842.509489894,120302.37108835868,BNT,AMP,0.0035077166870938893,6.209912367611872
12125000,1616899472,44245.785858911964,12613842.509489894,120302.37108835868,BNT,AMP,0.0035077166870938893,6.209912367611872
12126000,1616913153,44139.01646451135,12646199.416189797,120302.37108835868,BNT,AMP,0.003490298943728826,6.210365372841566
12127000,1616925873,44139.01646451135,12646199.416189797,120302.37108835868,BNT,AMP,0.003490298943728826,6.210365372841566
12128000,1616939693,44139.01646451135,12646199.416189797,120302.37108835868,BNT,AMP,0.003490298943728826,6.210365372841566
12129000,1616952661,44139.01646451135,12646199.416189797,120302.37108835868,BNT,AMP,0.003490298943728826,6.210365372841566
12130000,1616965898,42842.111351235864,13033137.862095946,120302.37108835868,BNT,AMP,0.003287167818260624,6.2113462605521566
12131000,1616979204,42842.111351235864,13033137.862095946,120302.37108835868,BNT,AMP,0.003287167818260624,6.2113462605521566
12132000,1616992612,44635.794645001566,12512969.91873634,120302.37108835868,BNT,AMP,0.0035671623071806477,6.212231745403673
12133000,1617005829,44435.545436489185,12571517.57875997,120302.37108835868,BNT,AMP,0.0035346206341519684,6.2127649642541
12134000,1617018994,44080.45883885997,12673299.438215679,120302.37108835868,BNT,AMP,0.0034782148921643588,6.212890712869385
12135000,1617032146,43315.49301259339,12898258.727421664,120302.37108835868,BNT,AMP,0.003358243459677605,6.2131664138570075
12136000,1617045724,43315.49301259339,12898258.727421664,120302.37108835868,BNT,AMP,0.003358243459677605,6.2131664138570075
12137000,1617059002,43315.49301259339,12898258.727421664,120302.37108835868,BNT,AMP,0.003358243459677605,6.2131664138570075
12138000,1617072527,43328.99578913128,12894259.292617295,120302.37108835868,BNT,AMP,0.003360332284766417,6.213171255944629
12139000,1617085455,43328.99578913128,12894259.292617295,120302.37108835868,BNT,AMP,0.003360332284766417,6.213171255944629
12140000,1617099055,44007.33429474296,12696498.184018042,120302.37108835868,BNT,AMP,0.0034661001527285713,6.213414427448686
12141000,1617112359,44007.33429474296,12696498.184018042,120302.37108835868,BNT,AMP,0.0034661001527285713,6.213414427448686
12142000,1617125858,44007.33429474296,12696498.184018042,120302.37108835868,BNT,AMP,0.0034661001527285713,6.213414427448686
12143000,1617138376,44594.00557069903,12530300.343277032,120302.37108835868,BNT,AMP,0.0035588935898591897,6.213621504921479
12144000,1617151442,45455.49430323776,12294009.017819181,120302.37108835868,BNT,AMP,0.0036973695266819527,6.213921592096231
12145000,1617165393,45455.49430323776,12294009.017819181,120302.37108835868,BNT,AMP,0.0036973695266819527,6.213921592096231
12146000,1617178635,46704.49600535769,11966878.584885372,120302.37108835868,BNT,AMP,0.00390281355944793,6.214348434451047
12147000,1617192122,45684.76809792402,12235363.197176678,120302.37108835868,BNT,AMP,0.0037338301578547194,6.214696981929349
12148000,1617205755,45684.76809792402,12235363.197176678,120302.37108835868,BNT,AMP,0.0037338301578547194,6.214696981929349
12149000,1617218416,45684.76809792402,12235363.197176678,120302.37108835868,BNT,AMP,0.0037338301578547194,6.214696981929349
12150000,1617231494,46517.533719155814,12017418.62715857,120302.37108835868,BNT,AMP,0.0038708424131975623,6.214980187267212
12151000,1617244892,46517.533719155814,12017418.62715857,120302.37108835868,BNT,AMP,0.0038708424131975623,6.214980187267212
12152000,1617258592,46517.533719155814,12017418.62715857,120302.37108835868,BNT,AMP,0.0038708424131975623,6.214980187267212
12153000,1617271890,46517.533719155814,12017418.62715857,120302.37108835868,BNT,AMP,0.0038708424131975623,6.214980187267212
12154000,1617285487,47284.90556610986,11823366.857908944,120302.37108835868,BNT,AMP,0.003999275852163871,6.2152364939812905
12155000,1617298914,47284.90556610986,11823366.857908944,120302.37108835868,BNT,AMP,0.003999275852163871,6.2152364939812905
12156000,1617311813,47284.90556610986,11823366.857908944,120302.37108835868,BNT,AMP,0.003999275852163871,6.2152364939812905
12157000,1617324862,47284.90556610986,11823366.857908944,120302.37108835868,BNT,AMP,0.003999275852163871,6.2152364939812905
12158000,1617338231,47284.90556610986,11823366.857908944,120302.37108835868,BNT,AMP,0.003999275852163871,6.2152364939812905
12159000,1617351842,47352.908954428836,11806472.249313569,120302.37108835868,BNT,AMP,0.004010758502158165,6.215258840244646
12160000,1617365592,47352.908954428836,11806472.249313569,120302.37108835868,BNT,AMP,0.004010758502158165,6.215258840244646
12161000,1617379022,47352.908954428836,11806472.249313569,120302.37108835868,BNT,AMP,0.004010758502158165,6.215258840244646
12162000,1617391685,47352.908954428836,11806472.249313569,120302.37108835868,BNT,AMP,0.004010758502158165,6.215258840244646
12163000,1617404800,47299.03035267343,11819988.730204089,120302.37108835868,BNT,AMP,0.0040016138282609635,6.215276628857821
12164000,1617418094,46734.979567615876,11963369.495585259,120302.37108835868,BNT,AMP,0.003906506405646176,6.2154646339105994
12165000,1617431106,46127.49446988935,12121725.648002557,120302.37108835868,BNT,AMP,0.0038053570761593944,6.215670311913846
12166000,1617444930,46127.49446988935,12121725.648002557,120302.37108835868,BNT,AMP,0.0038053570761593944,6.215670311913846
12167000,1617458370,46127.49446988935,12121725.648002557,120302.37108835868,BNT,AMP,0.0038053570761593944,6.215670311913846
12168000,1617471461,46127.49446988935,12121725.648002557,120302.37108835868,BNT,AMP,0.0038053570761593944,6.215670311913846
12169000,1617484912,46127.49446988935,12121725.648002557,120302.37108835868,BNT,AMP,0.0038053570761593944,6.215670311913846
12170000,1617497679,44822.05748256906,12476582.337294078,120302.37108835868,BNT,AMP,0.0035924948251726176,6.2161219427151995
12171000,1617511290,44204.24700694964,12651846.987266937,120302.37108835868,BNT,AMP,0.003493896744992067,6.2163402411396715
12172000,1617524192,44852.77885238912,12469827.04880641,120302.37108835868,BNT,AMP,0.0035969046464587773,6.2165682407635945
12173000,1617538056,44852.77885238912,12469827.04880641,120302.37108835868,BNT,AMP,0.0035969046464587773,6.2165682407635945
12174000,1617550818,44852.77885238912,12469827.04880641,120302.37108835868,BNT,AMP,0.0035969046464587773,6.2165682407635945
12175000,1617563700,44852.77885238912,12469827.04880641,120302.37108835868,BNT,AMP,0.0035969046464587773,6.2165682407635945
12176000,1617576828,44852.77885238912,12469827.04880641,120302.37108835868,BNT,AMP,0.0035969046464587773,6.2165682407635945
12177000,1617589945,43857.357608572,12755973.987045491,120302.37108835868,BNT,AMP,0.0034381818003950113,6.2173291001670865
12178000,1617603757,44557.63864915757,12556499.70669531,120302.37108835868,BNT,AMP,0.003548571631423587,6.2175772792089585
12179000,1617616703,44557.63864915757,12556499.70669531,120302.37108835868,BNT,AMP,0.003548571631423587,6.2175772792089585
12180000,1617630151,44557.63864915757,12556499.70669531,120302.37108835868,BNT,AMP,0.003548571631423587,6.2175772792089585
12181000,1617643647,46511.28178191552,12031718.107667536,120302.37108835868,BNT,AMP,0.0038657223653099848,6.218258770747953
12182000,1617656884,46511.28178191552,12031718.107667536,120302.37108835868,BNT,AMP,0.0038657223653099848,6.218258770747953
12183000,1617669897,45804.013997353126,12218450.04605186,120302.37108835868,BNT,AMP,0.0037487581341918035,6.2185000340858005
12184000,1617683681,45184.74534354288,12386760.157069402,120302.37108835868,BNT,AMP,0.0036478259666435,6.218714181216964
12185000,1617697097,45184.74534354288,12386760.157069402,120302.37108835868,BNT,AMP,0.0036478259666435,6.218714181216964
12186000,1617710007,45184.74534354288,12386760.157069402,120302.37108835868,BNT,AMP,0.0036478259666435,6.218714181216964
12187000,1617723173,45184.74534354288,12386760.157069402,120302.37108835868,BNT,AMP,0.0036478259666435,6.218714181216964
12188000,1617736185,45184.74534354288,12386760.157069402,120302.37108835868,BNT,AMP,0.0036478259666435,6.218714181216964
12189000,1617749591,46020.55533417552,12162920.767766232,120302.37108835868,BNT,AMP,0.0037836763235470274,6.219001753008458
12190000,1617762714,46020.55533417552,12162920.767766232,120302.37108835868,BNT,AMP,0.0037836763235470274,6.219001753008458
12191000,1617775753,46020.55533417552,12162920.767766232,120302.37108835868,BNT,AMP,0.0037836763235470274,6.219001753008458
12192000,1617789475,46020.55533417552,12162920.767766232,120302.37108835868,BNT,AMP,0.0037836763235470274,6.219001753008458
12193000,1617802798,47321.66879443944,11832284.508507457,120302.37108835868,BNT,AMP,0.0039993687407038755,6.219996503618001
12194000,1617816175,47321.66879443944,11832284.508507457,120302.37108835868,BNT,AMP,0.0039993687407038755,6.219996503618001
12195000,1617829118,47321.66879443944,11832284.508507457,120302.37108835868,BNT,AMP,0.0039993687407038755,6.219996503618001
12196000,1617842205,46512.38857847193,12039209.896127293,120302.37108835868,BNT,AMP,0.0038634087269658604,6.220268439069693
12197000,1617855865,45755.86436345953,12239282.239998426,120302.37108835868,BNT,AMP,0.003738443436979309,6.220526860894269
12198000,1617869409,45755.86436345953,12239282.239998426,120302.37108835868,BNT,AMP,0.003738443436979309,6.220526860894269
12199000,1617883043,45755.86436345953,12239282.239998426,120302.37108835868,BNT,AMP,0.003738443436979309,6.220526860894269
12200000,1617895961,45755.86436345953,12239282.239998426,120302.37108835868,BNT,AMP,0.003738443436979309,6.220526860894269
12201000,1617909299,45755.86436345953,12239282.239998426,120302.37108835868,BNT,AMP,0.003738443436979309,6.220526860894269
12202000,1617922578,45755.86436345953,12239282.239998426,120302.37108835868,BNT,AMP,0.003738443436979309,6.220526860894269
12203000,1617935829,45755.86436345953,12239282.239998426,120302.37108835868,BNT,AMP,0.003738443436979309,6.220526860894269
12204000,1617949347,45755.86436345953,12239282.239998426,120302.37108835868,BNT,AMP,0.003738443436979309,6.220526860894269
12205000,1617962716,46351.32840242052,12082833.38676445,120302.37108835868,BNT,AMP,0.003836130725198431,6.220729241498721
12206000,1617976422,47322.723424455064,11836048.81187414,120302.37108835868,BNT,AMP,0.0039981858960382154,6.221055155951186
12207000,1617989361,47322.723424455064,11836048.81187414,120302.37108835868,BNT,AMP,0.0039981858960382154,6.221055155951186
12208000,1618002651,46697.85652330543,11995234.289496122,120302.37108835868,BNT,AMP,0.003893034133080451,6.221264323090522
12209000,1618015773,46841.58087695505,11958613.162504725,120302.37108835868,BNT,AMP,0.003916974338113309,6.221312168204008
12210000,1618029001,46841.58087695505,11958613.162504725,120302.37108835868,BNT,AMP,0.003916974338113309,6.221312168204008
12211000,1618042709,46841.58087695505,11958613.162504725,120302.37108835868,BNT,AMP,0.003916974338113309,6.221312168204008
12212000,1618055656,46841.58087695505,11958613.162504725,120302.37108835868,BNT,AMP,0.003916974338113309,6.221312168204008
12213000,1618069143,46841.58087695505,11958613.162504725,120302.37108835868,BNT,AMP,0.003916974338113309,6.221312168204008
12214000,1618081973,46292.15505886142,12101267.606004719,120302.37108835868,BNT,AMP,0.003825397186976593,6.221497700710955
12215000,1618095148,47065.30669015246,11903468.712951012,120302.37108835868,BNT,AMP,0.003953915268323867,6.221756737879304
12216000,1618108685,47489.861637868846,11799420.60496986,120302.37108835868,BNT,AMP,0.0040247621665309855,6.222381093356958
12217000,1618122473,47335.192780786245,11760991.288979765,119910.56050818787,BNT,AMP,0.0040247621665309855,6.22238109335696
12218000,1618135759,47335.192780786245,11760991.288979765,119910.56050818787,BNT,AMP,0.0040247621665309855,6.22238109335696
12219000,1618149132,47335.192780786245,11760991.288979765,119910.56050818787,BNT,AMP,0.0040247621665309855,6.22238109335696
12220000,1618161781,47335.192780786245,11760991.288979765,119910.56050818787,BNT,AMP,0.0040247621665309855,6.22238109335696
12221000,1618174388,46981.3035545611,11850030.143740684,119910.56050818787,BNT,AMP,0.0039646568814322505,6.222498861585399
12222000,1618187326,45395.44549376173,12266138.09904353,119910.56050818787,BNT,AMP,0.0037008751350436453,6.223040582036588
12223000,1618200508,46694.65233126215,11926546.814385457,119910.56050818787,BNT,AMP,0.003915186269586466,6.223482872203328
12224000,1618213992,46694.65233126215,11926546.814385457,119910.56050818787,BNT,AMP,0.003915186269586466,6.223482872203328
12225000,1618227009,47282.1700538832,11779091.180960422,119910.56050818787,BNT,AMP,0.004014076241324077,6.223678630646555
12226000,1618240679,47282.1700538832,11779091.180960422,119910.56050818787,BNT,AMP,0.004014076241324077,6.223678630646555
12227000,1618253975,47282.1700538832,11779091.180960422,119910.56050818787,BNT,AMP,0.004014076241324077,6.223678630646555
12228000,1618266748,48257.16400840037,11548803.414283434,119910.56050818787,BNT,AMP,0.004178542337010987,6.22575404079858
12229000,1618280268,48257.16400840037,11548803.414283434,119910.56050818787,BNT,AMP,0.004178542337010987,6.22575404079858
12230000,1618293615,48257.16400840037,11548803.414283434,119910.56050818787,BNT,AMP,0.004178542337010987,6.22575404079858
12231000,1618307078,48257.16400840037,11548803.414283434,119910.56050818787,BNT,AMP,0.004178542337010987,6.22575404079858
12232000,1618320308,48257.16400840037,11548803.414283434,119910.56050818787,BNT,AMP,0.004178542337010987,6.22575404079858
12233000,1618333738,48257.16400840037,11548803.414283434,119910.56050818787,BNT,AMP,0.004178542337010987,6.22575404079858
12234000,1618347015,48257.16400840037,11548803.414283434,119910.56050818787,BNT,AMP,0.004178542337010987,6.22575404079858
12235000,1618360409,40445.60852352716,9346659.465586424,98753.55421137004,BNT,AMP,0.00432727956682752,6.226029323795128
12236000,1618373704,40727.21158311404,9282356.323752886,98753.55421137004,BNT,AMP,0.004387594072304251,6.226137694871246
12237000,1618386999,41828.637189527966,9040678.954297632,98753.55421137004,BNT,AMP,0.004626714144034951,6.227082879552219
12238000,1618400612,44601.651914196395,8481337.85470309,98753.55421137004,BNT,AMP,0.005258799104372878,6.22809055815656
12239000,1618414031,45751.254226049525,8271708.461171456,98753.55421137004,BNT,AMP,0.005531052555927502,6.229402267343021
12240000,1618427325,44479.15121939477,8511411.860504268,98753.55421137004,BNT,AMP,0.0052258252741584,6.230548966392318
12241000,1618440629,44205.585519877735,8564350.957281962,98753.55421137004,BNT,AMP,0.005161580339289027,6.23064584722588
12242000,1618454280,43488.024385115285,8706386.362892918,98753.55421137004,BNT,AMP,0.004994956871023271,6.230904172103412
12243000,1618467669,43488.024385115285,8706386.362892918,98753.55421137004,BNT,AMP,0.004994956871023271,6.230904172103412
12244000,1618481223,43488.024385115285,8706386.362892918,98753.55421137004,BNT,AMP,0.004994956871023271,6.230904172103412
12245000,1618494390,42665.53771196825,8875083.834895253,98753.55421137004,BNT,AMP,0.004807339119909486,6.2312059943177625
12246000,1618507547,42264.66585029698,8959689.260903316,98753.55421137004,BNT,AMP,0.004717202195250671,6.231354496451806
12247000,1618520504,42807.47232422855,8846646.836629683,98753.55421137004,BNT,AMP,0.004838835901867759,6.231554566959587
12248000,1618533802,42380.32147210415,8940674.657218978,98753.55421137004,BNT,AMP,0.0047401704118474955,6.233249831949019
12249000,1618547516,44611.568313580035,8495702.159113497,98753.55421137004,BNT,AMP,0.005251074893877298,6.234055289285375
12250000,1618562162,46179.24158527818,8208723.441213516,98753.55421137004,BNT,AMP,0.005625630089256776,6.234598274110271
12251000,1618574773,46179.24158527818,8208723.441213516,98753.55421137004,BNT,AMP,0.005625630089256776,6.234598274110271
12252000,1618588542,47886.4475755377,7917893.34648736,98753.55421137004,BNT,AMP,0.0060478773178703794,6.2353150064840746
12253000,1618601170,47886.4475755377,7917893.34648736,98753.55421137004,BNT,AMP,0.0060478773178703794,6.2353150064840746
12254000,1618614264,48900.36443411218,7757044.982353724,98753.55421137004,BNT,AMP,0.0063039939236338325,6.236651371178647
12255000,1618627591,50318.928392067246,7540437.228177253,98753.55421137004,BNT,AMP,0.006673210965013341,6.237509515291384
12256000,1618641234,49084.462083668084,7732800.148287134,98753.55421137004,BNT,AMP,0.006347566359197918,6.238607685065674
12257000,1618654387,49084.462083668084,7732800.148287134,98753.55421137004,BNT,AMP,0.006347566359197918,6.238607685065674
12258000,1618667479,49930.538055605444,7602422.548270019,98753.55421137004,BNT,AMP,0.006567714138300227,6.23887651873076
12259000,1618681226,49930.538055605444,7602422.548270019,98753.55421137004,BNT,AMP,0.006567714138300227,6.23887651873076
12260000,1618694542,52410.149003237835,7244509.060584953,98753.55421137004,BNT,AMP,0.007234465243253628,6.239638685531942
12261000,1618707769,54090.030586837885,7022875.893375877,98753.55421137004,BNT,AMP,0.007701977282249388,6.241132103751085
12262000,1618720436,55044.457672290126,6903448.161873085,98753.55421137004,BNT,AMP,0.00797347302124959,6.242191636723576
12263000,1618734160,55285.59008432337,6876743.815064196,98753.55421137004,BNT,AMP,0.008039501189969408,6.243737876243038
12264000,1618747840,53849.0014148081,7061148.849376157,98753.55421137004,BNT,AMP,0.007626096342603738,6.244156438478692
12265000,1618761280,55541.5924530424,6847033.030830555,98753.55421137004,BNT,AMP,0.008111775159102034,6.244643356491544
12266000,1618774176,58559.687910475564,6495876.230914544,98753.55421137004,BNT,AMP,0.009014902043820352,6.245475547778712
12267000,1618787456,57907.78181991563,6569376.230914543,98753.55421137004,BNT,AMP,0.008814806731179424,6.24565221215166
12268000,1618801482,55546.044773185604,6850303.572342472,98753.55421137004,BNT,AMP,0.008108552297951892,6.2463849270319125
12269000,1618815056,55546.044773185604,6850303.572342472,98753.55421137004,BNT,AMP,0.008108552297951892,6.2463849270319125
12270000,1618828663,56371.1490143473,6750537.050700351,98753.55421137004,BNT,AMP,0.008350616934766537,6.24661688877742
12271000,1618841918,58528.23877250302,6504975.796936844,98753.55421137004,BNT,AMP,0.008997456808381,6.248169968882406
12272000,1618855651,55268.44846891093,6891473.874869731,98753.55421137004,BNT,AMP,0.008019829933688265,6.249452311552714
12273000,1618868713,55268.44846891093,6891473.874869731,98753.55421137004,BNT,AMP,0.008019829933688265,6.249452311552714
12274000,1618881921,55268.44846891093,6891473.874869731,98753.55421137004,BNT,AMP,0.008019829933688265,6.249452311552714
12275000,1618894723,54363.69701318214,7008505.617804825,98753.55421137004,BNT,AMP,0.0077568172129409965,6.250495824854784
12276000,1618908317,54363.69701318214,7008505.617804825,98753.55421137004,BNT,AMP,0.0077568172129409965,6.250495824854784
12277000,1618921543,53863.2701362056,7075079.831312091,98753.55421137004,BNT,AMP,0.007613097155147792,6.251141008085447
12278000,1618934589,53863.2701362056,7075079.831312091,98753.55421137004,BNT,AMP,0.007613097155147792,6.251141008085447
12279000,1618947642,53863.2701362056,7075079.831312091,98753.55421137004,BNT,AMP,0.007613097155147792,6.251141008085447
12280000,1618960424,52651.26426513728,7238781.996566252,98753.55421137004,BNT,AMP,0.007273497708607973,6.2515025926002155
12281000,1618974270,52925.64309321066,7201442.106811649,98753.55421137004,BNT,AMP,0.007349311750093739,6.251584037405279
12282000,1618986883,52925.64309321066,7201442.106811649,98753.55421137004,BNT,AMP,0.007349311750093739,6.251584037405279
12283000,1619000459,53845.56451608249,7079024.650062534,98753.55421137004,BNT,AMP,0.007606353583696991,6.251855684607016
12284000,1619013925,53845.56451608249,7079024.650062534,98753.55421137004,BNT,AMP,0.007606353583696991,6.251855684607016
12285000,1619027540,55020.62096677817,6928596.280364767,98753.55421137004,BNT,AMP,0.007941092068346279,6.252196756477706
12286000,1619040762,55020.62096677817,6928596.280364767,98753.55421137004,BNT,AMP,0.007941092068346279,6.252196756477706
12287000,1619053360,53063.24110878777,7185497.079904912,98753.55421137004,BNT,AMP,0.00738476969911871,6.252771526902701
12288000,1619067552,53063.24110878777,7185497.079904912,98753.55421137004,BNT,AMP,0.00738476969911871,6.252771526902701
12289000,1619081142,54065.45058387977,7052962.755795908,98753.55421137004,BNT,AMP,0.007665636762288365,6.253065436696869
12290000,1619094585,54065.45058387977,7052962.755795908,98753.55421137004,BNT,AMP,0.007665636762288365,6.253065436696869
12291000,1619107029,54065.45058387977,7052962.755795908,98753.55421137004,BNT,AMP,0.007665636762288365,6.253065436696869
12292000,1619121145,53313.38284188631,7152962.7598533435,98753.55421137004,BNT,AMP,0.0074533287298953295,6.253287079540008
12293000,1619134162,267153.44625006185,35236605.277784616,490653.60831442487,BNT,AMP,0.007581702157287333,6.253201511043857
12294000,1619147820,260328.05484769508,36183798.16688236,490653.60831442487,BNT,AMP,0.007194602779040575,6.255219669691547
12295000,1619161116,245501.73798752073,38720176.389735796,492619.61387678573,BNT,AMP,0.006340408564166561,6.258701652235919
12296000,1619174795,278680.35045839363,34137047.38499782,492619.61387678573,BNT,AMP,0.008163575112851295,6.261154953617698
12297000,1619188421,280189.24155409535,33958535.679533735,492619.61387678573,BNT,AMP,0.008250922365977074,6.261645920214124
12298000,1619200964,279003.3827958793,34106700.21894789,492619.61387678573,BNT,AMP,0.008180310056523138,6.261997457961335
12299000,1619214456,286818.9682442164,35937774.89320175,512705.3256098293,BNT,AMP,0.00798098850294911,6.261980314629129
12300000,1619228194,908047.6822447148,113776342.6058283,1623188.3604455984,BNT,AMP,0.00798098850294911,6.261975900015771
12301000,1619241519,888139.669286581,116339662.53989784,1623188.3604455984,BNT,AMP,0.007634023082901757,6.262325167149107
12302000,1619254859,972215.9991013588,127297655.45508082,1776448.4622899846,BNT,AMP,0.007637344109958271,6.262373582358732
12303000,1619268248,1031051.521091083,133419669.982971,1872819.8425171804,BNT,AMP,0.0077278824121112056,6.262591909723371
12304000,1619281634,1013814.1630326995,135699669.98297104,1872819.8425171804,BNT,AMP,0.007471014212193169,6.262858083596935
12305000,1619294781,1015617.9680284199,135459904.98799512,1872819.8425171804,BNT,AMP,0.007497554114765008,6.262886902295912
12306000,1619307662,1017321.8683575848,135234159.2009859,1872819.8425171804,BNT,AMP,0.007522669378567543,6.262913170324374
12307000,1619321691,1020113.5988828845,134865914.9950141,1872819.8425171804,BNT,AMP,0.007563909672214787,6.262956107726999
12308000,1619334613,1025236.452068273,134195386.52363835,1872819.8425171804,BNT,AMP,0.007639878528072043,6.263034589647267
12309000,1619347521,1025236.452068273,134195386.52363835,1872819.8425171804,BNT,AMP,0.007639878528072043,6.263034589647267
12310000,1619361061,1022593.8117921427,134543928.45559287,1872819.8425171804,BNT,AMP,0.007600445620477454,6.263075256527576
12311000,1619374210,1026163.3800323124,134080043.10997447,1872819.8425171804,BNT,AMP,0.007653364037112053,6.263171798164065
12312000,1619387837,1039812.1290904643,132328835.56101562,1872819.8425171804,BNT,AMP,0.007857789458224443,6.263378870941667
12313000,1619400875,1037790.3989604658,132587924.69337064,1872819.8425171804,BNT,AMP,0.007827186384887696,6.263409528836806
12314000,1619414288,1134778.5459507043,121387649.30842602,1872819.8425171804,BNT,AMP,0.009348385543470068,6.266814026883961
12315000,1619428033,1120418.6412234802,122951297.7257939,1872819.8425171804,BNT,AMP,0.009112702850215041,6.267014786406463
12316000,1619441230,1115723.9707786192,123474747.33802322,1872819.8425171804,BNT,AMP,0.009036049838791931,6.267169676752191
12317000,1619453774,1109634.607643742,124158077.06746659,1872819.8425171804,BNT,AMP,0.008937272820686284,6.267314425253293
12318000,1619467047,1109051.235213691,124227933.62127905,1872819.8425171804,BNT,AMP,0.00892755117858389,6.2674291550097285
12319000,1619480631,1118300.5694813596,123206565.24352893,1872819.8425171804,BNT,AMP,0.009076631324564054,6.267584476102664
12320000,1619494666,1120648.3945363266,122956837.18153471,1872819.8425171804,BNT,AMP,0.009114160873232207,6.2677985013690245
12321000,1619508315,1128378.4091419547,122118717.25357775,1872819.8425171804,BNT,AMP,0.00924001196965485,6.267906345075025
12322000,1619521244,1123294.0987277247,122674244.23367754,1872819.8425171804,BNT,AMP,0.009156723204163412,6.267977547736209
12323000,1619534274,1115690.5441067975,123514508.62766512,1872819.8425171804,BNT,AMP,0.00903287036076102,6.2680847744439845
12324000,1619547158,1107699.6989277997,124410035.8879744,1872819.8425171804,BNT,AMP,0.00890362012213575,6.268198258890291
12325000,1619560375,1094510.7054029389,125916779.12924217,1872819.8425171804,BNT,AMP,0.008692334039767033,6.26838709598688
12326000,1619574017,1091773.1785160024,126234094.12924212,1872819.8425171804,BNT,AMP,0.00864879798161512,6.268426562600806
12327000,1619587356,1093570.4167579098,126034732.62208533,1872819.8425171804,BNT,AMP,0.008676738499037218,6.268627978603884
12328000,1619600728,1093570.4167579098,126034732.62208533,1872819.8425171804,BNT,AMP,0.008676738499037218,6.268627978603884
12329000,1619613730,1089994.7360411666,126450268.62192352,1872819.8425171804,BNT,AMP,0.008619947967846285,6.268679647493191
12330000,1619627316,1091912.3592992388,126229306.23958252,1872819.8425171804,BNT,AMP,0.008650228634123958,6.268707218588392
12331000,1619640482,1082245.5303051723,127362509.61542788,1872819.8425171804,BNT,AMP,0.008497363420154183,6.268847461572662
12332000,1619654270,1071841.556194464,128605025.59699811,1872819.8425171804,BNT,AMP,0.008334367581817758,6.268999908862329
12333000,1619667548,1065627.2874597185,129358784.2029733,1872819.8425171804,BNT,AMP,0.00823776517401147,6.269091765265137
12334000,1619680951,1060114.3543119328,130034885.64789256,1872819.8425171804,BNT,AMP,0.008152538059536594,6.2691735917959255
12335000,1619694477,1070386.6385538508,128799011.41464955,1872819.8425171804,BNT,AMP,0.008310519054435115,6.269466734583802
12336000,1619707703,1057329.4727381323,130397844.0737523,1872819.8425171804,BNT,AMP,0.008108488911366608,6.269665523981244
12337000,1619721198,1062127.8850215287,129838217.8852968,1872819.8425171804,BNT,AMP,0.008180394819958529,6.2703773351703305
12338000,1619734035,1038145.9256536269,132855512.91231951,1872819.8425171804,BNT,AMP,0.007814097457429342,6.270800583318439
12339000,1619747642,1041534.7112427372,132436025.84695625,1872819.8425171804,BNT,AMP,0.007864436467206741,6.271103117121801
12340000,1619760845,1040716.1703578207,132540712.8699275,1872819.8425171804,BNT,AMP,0.00785204898799025,6.271115509944358
12341000,1619774391,1040716.1703578207,132540712.8699275,1872819.8425171804,BNT,AMP,0.00785204898799025,6.271115509944358
12342000,1619788113,1037304.6996852835,132978805.86992748,1872819.8425171804,BNT,AMP,0.007800526504200358,6.27116727389558
12343000,1619801394,1028631.7199821855,134105701.11386693,1872819.8425171804,BNT,AMP,0.007670305672603668,6.271299972832868
12344000,1619815125,1036253.5163276067,133124255.95582762,1872819.8425171804,BNT,AMP,0.007784107478290427,6.271415908241454
12345000,1619827904,1065478.4401639814,129500676.06334816,1872819.8425171804,BNT,AMP,0.008227589789900238,6.272090972816386
12346000,1619841369,1063390.226652414,129763741.43990098,1872819.8425171804,BNT,AMP,0.00819481786555079,6.2723027074707645
12347000,1619854818,1063390.226652414,129763741.43990098,1872819.8425171804,BNT,AMP,0.00819481786555079,6.2723027074707645
12348000,1619868373,1064688.9823709987,129606241.06447865,1872819.8425171804,BNT,AMP,0.008214797170464343,6.272321855031136
12349000,1619881525,1064688.9823709987,129606241.06447865,1872819.8425171804,BNT,AMP,0.008214797170464343,6.272321855031136
12350000,1619894405,1058780.253940012,130335910.54980019,1872819.8425171804,BNT,AMP,0.008123473028068205,6.272475298562145
12351000,1619907381,1054368.2673841228,130886162.42336337,1872819.8425171804,BNT,AMP,0.008055612968265288,6.272591836835446
12352000,1619921265,1060682.4407779633,130110902.95881519,1872819.8425171804,BNT,AMP,0.008152141109294336,6.2726857831242055
12353000,1619934736,1061054.3068288579,130070515.87608162,1872819.8425171804,BNT,AMP,0.008157531318163802,6.2728114784218505
12354000,1619948407,1061511.4780902448,130014777.2613568,1872819.8425171804,BNT,AMP,0.008164544834441284,6.272818235256946
12355000,1619961519,1059008.5318220488,130323611.59165014,1872819.8425171804,BNT,AMP,0.008125991283454422,6.272855463972407
12356000,1619975215,1057576.1713802158,130502734.79288138,1872819.8425171804,BNT,AMP,0.008103862137898309,6.272918323273275
12357000,1619988384,1054062.714136096,130939924.9179996,1872819.8425171804,BNT,AMP,0.008049971884405744,6.272970819047708
12358000,1620001966,1051404.8282965105,131274483.32641912,1872819.8425171804,BNT,AMP,0.00800920941872726,6.273055650010856
12359000,1620015322,1053388.8616075937,131028467.1660809,1872819.8425171804,BNT,AMP,0.00803938933569607,6.273085243564356
12360000,1620028837,1047788.9656375675,131732281.28289504,1872819.8425171804,BNT,AMP,0.0079539271273033,6.273169389580953
12361000,1620041798,1043846.8494965816,132232281.28289507,1872819.8425171804,BNT,AMP,0.007894039483924479,6.2732289150401455
12362000,1620054973,1049382.958009708,131538160.65042469,1872819.8425171804,BNT,AMP,0.00797778342665551,6.273311946012779
12363000,1620068285,1047180.8613462334,131818379.42547818,1872819.8425171804,BNT,AMP,0.007944118763334089,6.273397841273185
12364000,1620081723,1044111.7170729632,132207809.63393416,1872819.8425171804,BNT,AMP,0.007897504088177316,6.273444174751448
12365000,1620094483,1028354.6250170585,134257510.58602273,1872819.8425171804,BNT,AMP,0.007659568693984992,6.274003344312899
12366000,1620107642,1034814.0424527414,133423641.67086494,1872819.8425171804,BNT,AMP,0.007755852182519979,6.274101636853803
12367000,1620121064,1034814.0424527414,133423641.67086494,1872819.8425171804,BNT,AMP,0.007755852182519979,6.274101636853803
12368000,1620134547,1031690.6838907234,133829605.19276994,1872819.8425171804,BNT,AMP,0.00770898697941059,6.274149325896932
12369000,1620147864,1031690.6838907234,133829605.19276994,1872819.8425171804,BNT,AMP,0.00770898697941059,6.274149325896932
12370000,1620161141,1021969.8273966326,135109010.8896964,1872819.8425171804,BNT,AMP,0.007564038998338708,6.274298727587985
12371000,1620174669,1025276.2245856231,134675476.7774863,1872819.8425171804,BNT,AMP,0.007612939260498082,6.274349435220583
12372000,1620187673,1020846.5368051922,135264383.3110812,1872819.8425171804,BNT,AMP,0.007547046101984201,6.274454239247712
12373000,1620201196,1027619.1330155069,134377359.8499618,1872819.8425171804,BNT,AMP,0.00764726390042853,6.274558039335493
12374000,1620214837,1028801.9910409648,134223632.90034178,1872819.8425171804,BNT,AMP,0.0076648349386045055,6.2745760953944325
12375000,1620228309,1028801.9910409648,134223632.90034178,1872819.8425171804,BNT,AMP,0.0076648349386045055,6.2745760953944325
12376000,1620241332,1035187.2972520384,133423703.05035055,1872819.8425171804,BNT,AMP,0.007758646129476607,6.275234504519411
12377000,1620254186,1048649.451178075,131721513.61351246,1872819.8425171804,BNT,AMP,0.007961109938767823,6.2754882558560245
12378000,1620267455,1083066.614225101,127561918.34432653,1872819.8425171804,BNT,AMP,0.008490516827299436,6.276132492977984
12379000,1620280246,1075368.276326276,128479717.22352506,1872819.8425171804,BNT,AMP,0.008369945852662356,6.276245084360555
12380000,1620294307,1083153.500880873,127560869.08070529,1872819.8425171804,BNT,AMP,0.008491267805611945,6.276358419118678
12381000,1620307956,1080077.2099586483,127926020.67922914,1872819.8425171804,BNT,AMP,0.008442982938294557,6.2764033352070845
12382000,1620321174,1106000.0336236798,124947837.47500259,1872819.8425171804,BNT,AMP,0.008851694082700305,6.276910554476844
12383000,1620334154,1114184.903383696,124042097.49761628,1872819.8425171804,BNT,AMP,0.008982312665303869,6.277217595977938
12384000,1620347640,1152429.2669368074,119959783.17374569,1872819.8425171804,BNT,AMP,0.009606796848471023,6.27811076208182
12385000,1620361080,1167322.0217918975,118447148.20425081,1872819.8425171804,BNT,AMP,0.009855214241029779,6.278583027630074
12386000,1620375085,1166121.3715869982,118860016.97396426,1875347.5801025939,BNT,AMP,0.009810880069472241,6.27780756370551
12387000,1620388683,1166323.984076813,118839471.98673451,1875347.5801025939,BNT,AMP,0.009814281101880058,6.277810290612795
12388000,1620402037,1169812.3041742463,118489137.06872508,1875347.5801025939,BNT,AMP,0.009872738827490502,6.277917271544398
12389000,1620414713,1149210.0756896418,120641560.98298791,1875347.5801025939,BNT,AMP,0.009525822331258595,6.278652021665425
12390000,1620428162,1144636.132263153,121132800.7128533,1875347.5801025939,BNT,AMP,0.009449431743731628,6.27888938864574
12391000,1620441540,1141916.5616166452,121422741.85726576,1875347.5801025939,BNT,AMP,0.00940447023473564,6.278926961105831
12392000,1620454633,1129517.5906904335,122762377.14895007,1875347.5801025939,BNT,AMP,0.009200844891753497,6.279099596976894
12393000,1620468280,1124167.0277272332,123350052.19158761,1875347.5801025939,BNT,AMP,0.00911363236378023,6.279185568689154
12394000,1620481634,1128678.8896576408,122859426.96510996,1875347.5801025939,BNT,AMP,0.009186750398715167,6.279248513002321
12395000,1620494629,1143557.230032382,121268909.35042293,1875347.5801025939,BNT,AMP,0.009429929205744885,6.279454463969078
12396000,1620507893,1132664.7444573308,122441017.68231976,1875347.5801025939,BNT,AMP,0.009250696914297906,6.279605834621244
12397000,1620521549,1122886.2905159944,123514753.21331076,1875347.5801025939,BNT,AMP,0.00909111066737722,6.279795985329998
12398000,1620534522,1119343.3909205287,123907667.81382766,1875347.5801025939,BNT,AMP,0.009033689445292052,6.279845927010148
12399000,1620547697,1122649.2658889873,123544620.19644387,1875347.5801025939,BNT,AMP,0.009086994351546048,6.279892294168302
12400000,1620561103,1113586.158530832,124557694.13587646,1875347.5801025939,BNT,AMP,0.008940324130567579,6.280083520677778
12401000,1620574669,1106589.5681759987,125349204.58970271,1875347.5801025939,BNT,AMP,0.008828054169135938,6.2801830836262535
12402000,1620588111,1097875.175205259,126349204.58970273,1875347.5801025939,BNT,AMP,0.00868921319109542,6.280308336125433
12403000,1620601491,1097875.175205259,126349204.58970273,1875347.5801025939,BNT,AMP,0.00868921319109542,6.280308336125433
12404000,1620614854,1093651.792455126,126839589.54801495,1875347.5801025939,BNT,AMP,0.008622322071147397,6.280369215291542
12405000,1620627835,1096150.473842064,126551903.62309122,1875347.5801025939,BNT,AMP,0.008661667208947899,6.280405087305271
12406000,1620640942,1093387.8762617423,126873265.59881154,1875347.5801025939,BNT,AMP,0.008617953286700807,6.280444957843031
12407000,1620655168,1102106.0911097017,125874639.27466366,1875347.5801025939,BNT,AMP,0.008755584901457876,6.280569826764135
12408000,1620667872,1101888.3647012126,125904130.10238482,1875347.5801025939,BNT,AMP,0.008751804756564861,6.280685030663897
12409000,1620680768,1114283.6236548154,124520408.77332222,1875347.5801025939,BNT,AMP,0.008948602358696595,6.281109583217418
12410000,1620694380,1119498.1865951032,123943299.3870897,1875347.5801025939,BNT,AMP,0.00903234133778202,6.281183067761585
12411000,1620707881,1119498.1865951032,123943299.3870897,1875347.5801025939,BNT,AMP,0.00903234133778202,6.281183067761585
12412000,1620720615,1119646.3582106393,123935869.781395,1875347.5801025939,BNT,AMP,0.009034078351856763,6.2814104546206835
12413000,1620734100,1119646.3582106393,123935869.781395,1875347.5801025939,BNT,AMP,0.009034078351856763,6.2814104546206835
12414000,1620748143,1109511.8618965729,125076667.3125537,1875347.5801025939,BNT,AMP,0.008870654181439109,6.281630012098915
12415000,1620761335,1114014.6000012562,124583619.37506077,1875347.5801025939,BNT,AMP,0.008941902680219133,6.281945160072803
12416000,1620774735,1114014.6000012562,124583619.37506077,1875347.5801025939,BNT,AMP,0.008941902680219133,6.281945160072803
12417000,1620787779,1111371.601545991,124881389.18732779,1875347.5801025939,BNT,AMP,0.008899417349360863,6.28198269646908
12418000,1620801090,1111371.601545991,124881389.18732779,1875347.5801025939,BNT,AMP,0.008899417349360863,6.28198269646908
12419000,1620814141,1108768.3886617515,125176067.79818447,1875347.5801025939,BNT,AMP,0.008857670704669899,6.282019754842755
12420000,1620828079,1091473.474753285,127169667.79818442,1875347.5801025939,BNT,AMP,0.008582812974595722,6.28226987424436
12421000,1620842043,1089415.131406344,127429717.11249124,1875347.5801025939,BNT,AMP,0.00854914501963965,6.282757375275164
12422000,1620855245,1092307.9017612531,127093931.03709435,1875347.5801025939,BNT,AMP,0.008594493008816022,6.282799082319234
12423000,1620868590,1085528.844003547,127902340.11972016,1875347.5801025939,BNT,AMP,0.008487169530967625,6.283160543803556
12424000,1620881913,1105843.4531649244,125568659.84230131,1875347.5801025939,BNT,AMP,0.008806683567012079,6.283558790085037
12425000,1620894917,1099743.602528264,126268659.84230134,1875347.5801025939,BNT,AMP,0.008709553137744148,6.283646360911012
12426000,1620908553,1095555.7282876687,126753769.57781377,1875347.5801025939,BNT,AMP,0.00864318064809197,6.283706713246049
12427000,1620922127,1088973.7807849306,127528572.74998905,1875347.5801025939,BNT,AMP,0.008539057226961902,6.2839206001432695
12428000,1620934810,1093955.8260349203,126950688.45117103,1875347.5801025939,BNT,AMP,0.008617171276354975,6.2839923918218545
12429000,1620947504,1104906.1079782248,125698802.17022428,1875347.5801025939,BNT,AMP,0.008790108488718413,6.284149152823413
12430000,1620961302,1104906.1079782248,125698802.17022428,1875347.5801025939,BNT,AMP,0.008790108488718413,6.284149152823413
12431000,1620975243,1104906.1079782248,125698802.17022428,1875347.5801025939,BNT,AMP,0.008790108488718413,6.284149152823413
12432000,1620989024,1114002.8845344998,124677497.23201874,1875347.5801025939,BNT,AMP,0.008935075769618593,6.284278496194714
12433000,1621002123,1114002.8845344998,124677497.23201874,1875347.5801025939,BNT,AMP,0.008935075769618593,6.284278496194714
12434000,1621014871,1114033.6071815859,124681644.51385747,1875347.5801025939,BNT,AMP,0.008935024971199903,6.284469672352068
12435000,1621027968,1114033.6071815859,124681644.51385747,1875347.5801025939,BNT,AMP,0.008935024971199903,6.284469672352068
12436000,1621041414,1111574.3230845134,124958883.60391876,1875347.5801025939,BNT,AMP,0.008895520598662375,6.284504607241994
12437000,1621055525,1111574.3230845134,124958883.60391876,1875347.5801025939,BNT,AMP,0.008895520598662375,6.284504607241994
12438000,1621068895,1112212.374502776,124887555.91168836,1875347.5801025939,BNT,AMP,0.008905710151692406,6.284513625609273
12439000,1621082144,1076788.9088196808,120923240.02446969,1815815.091455176,BNT,AMP,0.008904730873914598,6.284179087282386
12440000,1621095283,1075739.82529396,121041760.02446967,1815815.091455176,BNT,AMP,0.008887344541887773,6.284194485480299
12441000,1621108096,1075045.560339813,121120321.91604586,1815815.091455176,BNT,AMP,0.008875847944698968,6.2842046823289985
12442000,1621121344,1075655.0158559843,121058155.37704565,1815815.091455176,BNT,AMP,0.00888544032829319,6.284372335445263
12443000,1621134530,1074358.0914408735,121207597.10203761,1815815.091455176,BNT,AMP,0.00886378508548795,6.284458013509567
12444000,1621147972,1074358.0914408735,121207597.10203761,1815815.091455176,BNT,AMP,0.00886378508548795,6.284458013509567
12445000,1621161788,1074358.0914408735,121207597.10203761,1815815.091455176,BNT,AMP,0.00886378508548795,6.284458013509567
12446000,1621175043,1109658.8705966887,125190182.28605908,1875482.5090776207,BNT,AMP,0.008863785085487954,6.28444402389812
12447000,1621188337,1109883.9724729513,125167268.22580129,1875482.5090776207,BNT,AMP,0.008867206165039287,6.28450619462969
12448000,1621201665,1113067.6038693145,124811050.85740626,1875482.5090776207,BNT,AMP,0.008918021250706145,6.284551261231223
12449000,1621214986,1107749.2113921407,125413300.76949635,1875482.5090776207,BNT,AMP,0.008832788903532096,6.284626982009267
12450000,1621228726,1104587.8283611299,125774048.51707149,1875482.5090776207,BNT,AMP,0.00878231909829318,6.284672175718038
12451000,1621242670,1110208.4620919148,125142468.6737052,1875482.5090776207,BNT,AMP,0.008871556345805016,6.284802107262096
12452000,1621256137,1114927.34979971,124615456.22669034,1875482.5090776207,BNT,AMP,0.00894694272732529,6.284868890030497
12453000,1621268747,1117986.684826334,124276155.0229363,1875482.5090776207,BNT,AMP,0.008995987079098154,6.284912003722137
12454000,1621282000,1111145.822599893,125048247.85754928,1875482.5090776207,BNT,AMP,0.00888573683867744,6.285087324815165
12455000,1621295540,1107923.9375059074,125413725.63778082,1875482.5090776207,BNT,AMP,0.008834152178094181,6.285133248117
12456000,1621309002,1108433.266344611,125360562.33478,1875482.5090776207,BNT,AMP,0.008841961504484155,6.285245173920711
12457000,1621322434,1116881.2070101025,124417083.83989742,1875482.5090776207,BNT,AMP,0.008976911952439982,6.285364704329297
12458000,1621335639,1119505.8516378663,124126850.54002362,1875482.5090776207,BNT,AMP,0.009019046618579043,6.285401630369736
12459000,1621349019,1128612.7964891305,123133605.45342208,1875482.5090776207,BNT,AMP,0.00916575773391166,6.285614831452184
12460000,1621362530,1126481.780628558,123381176.38339426,1875482.5090776207,BNT,AMP,0.009130094343793029,6.285987616484709
12461000,1621375809,1126906.7152570658,123340516.32904655,1875482.5090776207,BNT,AMP,0.009136549357801583,6.286137064764455
12462000,1621388863,1123470.0960959876,123719706.94514138,1875482.5090776207,BNT,AMP,0.009080769134008264,6.28618534210574
12463000,1621402653,1112512.2885028396,124956322.19396132,1875482.5090776207,BNT,AMP,0.008903209289210364,6.2866387808895405
12464000,1621416851,1106023.052861219,125693163.81086887,1875482.5090776207,BNT,AMP,0.00879938907835479,6.286731323608299
12465000,1621429721,1122621.1097296183,123846974.2868811,1875482.5090776207,BNT,AMP,0.00906458245099441,6.287040881527641
12466000,1621442784,1145426.1066798307,121400052.82239738,1875482.5090776207,BNT,AMP,0.009435136806369728,6.287528379482591
12467000,1621456241,1148372.398282446,121093831.0889876,1875482.5090776207,BNT,AMP,0.009483327003161271,6.287664554936862
12468000,1621470097,1146416.2719693999,121304209.45125292,1875482.5090776207,BNT,AMP,0.009450754241385964,6.28776191041803
12469000,1621483912,1134079.7296697025,122650972.3853778,1875482.5090776207,BNT,AMP,0.009246398194922956,6.288459577642312
12470000,1621496657,1108945.6872350888,125461263.33718663,1875482.5090776207,BNT,AMP,0.008838948833591077,6.289222335119022
12471000,1621510038,1114082.934935004,124885626.96088587,1875482.5090776207,BNT,AMP,0.008920825895232399,6.289295088819565
12472000,1621523304,1118605.6421758216,124385164.7263097,1875482.5090776207,BNT,AMP,0.008993079236074014,6.289408124788346
12473000,1621536824,1122493.6947917626,123956478.14481208,1875482.5090776207,BNT,AMP,0.009055546846695742,6.289462776406722
12474000,1621550021,1123363.976068386,123865868.39552717,1875482.5090776207,BNT,AMP,0.00906919711313267,6.289600399453664
12475000,1621563413,1121989.5357387047,124021279.3430196,1875482.5090776207,BNT,AMP,0.009046750216432553,6.289693586027411
12476000,1621577180,1117426.9780139292,124548054.05328292,1875482.5090776207,BNT,AMP,0.008971854169121603,6.290208355520356
12477000,1621590639,1092768.4565023992,123059785.64017294,1843606.676348781,BNT,AMP,0.008879980172382685,6.290046848424039
12478000,1621604820,1090559.0113477055,123310357.06917909,1843606.676348781,BNT,AMP,0.008844017950056574,6.2900788674546195
12479000,1621617868,1092562.7762155256,123097846.16214976,1843606.676348781,BNT,AMP,0.008875563710321586,6.290427407185026
12480000,1621630968,1095176.4352085737,122813780.18121217,1843606.676348781,BNT,AMP,0.008917374203388553,6.290676074018415
12481000,1621644346,1119029.8812915161,124399540.20578557,1875434.4544143283,BNT,AMP,0.008995450300221225,6.291125356853183
12482000,1621658054,1100153.1031135682,126582257.2982152,1875434.4544143283,BNT,AMP,0.008691210969020065,6.292324214144056
12483000,1621671526,1095917.4037475623,127080092.22343227,1875434.4544143283,BNT,AMP,0.008623832297986689,6.292537062914914
12484000,1621685181,1091614.7768280613,127583506.1067221,1875434.4544143283,BNT,AMP,0.008556080720300462,6.292599319783047
12485000,1621698457,1093063.9798140568,127415199.4372735,1875434.4544143283,BNT,AMP,0.008578756574110079,6.292620203807305
12486000,1621711735,1092838.1685095709,127446378.50158024,1875434.4544143283,BNT,AMP,0.008574886013697287,6.2927399772115225
12487000,1621724862,1115944.345907502,124833185.46850726,1875434.4544143283,BNT,AMP,0.008939484654815854,6.2933864994592055
12488000,1621738173,1111461.9172769687,125339163.47926323,1875434.4544143283,BNT,AMP,0.00886763471547227,6.293450185361033
12489000,1621751573,1116128.8791537057,124822085.43240912,1875434.4544143283,BNT,AMP,0.008941757985273262,6.293626987067566
12490000,1621765477,1137551.640025238,122483055.63703841,1875434.4544143283,BNT,AMP,0.009287420485297288,6.293926635152224
12491000,1621778924,1149561.2558303976,121240946.81520304,1875434.4544143283,BNT,AMP,0.009481625523615988,6.294899898649405
12492000,1621792056,1040879.5225987287,134087331.54779333,1875434.4544143283,BNT,AMP,0.007762698463633184,6.299298900036424
12493000,1621805271,1047610.4259451424,133296528.29712735,1875434.4544143283,BNT,AMP,0.007859247643794181,6.300970332625821
12494000,1621818592,1053753.1302152607,132581890.69083415,1875434.4544143283,BNT,AMP,0.007947941643647946,6.302453534920992
12495000,1621831846,1055270.2490832263,132397317.77004912,1875434.4544143283,BNT,AMP,0.007970480572091689,6.3025971720341705
12496000,1621846049,1051434.2270965818,132882817.58134347,1875434.4544143283,BNT,AMP,0.007912491970250046,6.302655637025898
12497000,1621859470,1069429.2777517042,130660679.98754497,1875434.4544143283,BNT,AMP,0.008184782735354246,6.302989758507973
12498000,1621872496,1102754.5748424914,126731590.27808952,1875434.4544143283,BNT,AMP,0.008701497175429554,6.303474292974615
12499000,1621885629,1100038.1623808115,127046115.26667845,1875434.4544143283,BNT,AMP,0.008658573779070351,6.303513403073863
12500000,1621898262,1104614.0879638065,126525236.30274947,1875434.4544143283,BNT,AMP,0.008730385496539891,6.303648337156711
12501000,1621912250,1103747.0393173825,126631654.08086513,1875434.4544143283,BNT,AMP,0.008716201705874787,6.3038232160081895
12502000,1621925689,1094821.2153684113,127669268.8335729,1875434.4544143283,BNT,AMP,0.008575448307733307,6.303951997737621
12503000,1621939189,1093621.9404689062,127812434.41322435,1875434.4544143283,BNT,AMP,0.00855645967068563,6.304029986959407
12504000,1621952603,1106494.552518347,126332911.37274754,1875434.4544143283,BNT,AMP,0.008758561332079294,6.304214797854503
12505000,1621965779,1099291.1990680762,127164913.41845874,1875434.4544143283,BNT,AMP,0.008644610919135086,6.3043183419521105
12506000,1621979304,1103724.3389253938,126656702.36623682,1875434.4544143283,BNT,AMP,0.008714298716967198,6.304381815797549
12507000,1621992735,1137485.3668498537,122916026.7780415,1875434.4544143283,BNT,AMP,0.009254166414798735,6.3048575039178445
12508000,1622005956,1160519.7622029164,120488446.06804657,1875434.4544143283,BNT,AMP,0.009631792923509911,6.305174079261177
12509000,1622019168,1163961.1880546834,120136336.42946807,1875434.4544143283,BNT,AMP,0.009688668912740185,6.305282526750688
12510000,1622032864,1176554.474520662,118858400.40457907,1875434.4544143283,BNT,AMP,0.009898791086837938,6.305493323430478
12511000,1622046244,1207426.6061723817,115837222.07409988,1875434.4544143283,BNT,AMP,0.010423476880341651,6.305979395947432
12512000,1622059779,1081193.0842357052,129504114.46332559,1875434.4544143283,BNT,AMP,0.008348716090729994,6.309450281797108
12513000,1622073150,1090349.9663109109,128424532.57994647,1875434.4544143283,BNT,AMP,0.00849019999844772,6.309647013074696
12514000,1622086473,1085074.0466280787,129058040.7567483,1875434.4544143283,BNT,AMP,0.008407643880734656,6.309868834172112
12515000,1622099480,1083408.720157281,129257416.5370483,1875434.4544143283,BNT,AMP,0.008381791538025596,6.309893203684188
12516000,1622113180,1083408.720157281,129257416.5370483,1875434.4544143283,BNT,AMP,0.008381791538025596,6.309893203684188
12517000,1622126954,1092976.3970014744,128131564.36737834,1875434.4544143283,BNT,AMP,0.008530110456371988,6.310032056850215
12518000,1622140739,1089231.0451741265,128580202.94363084,1875434.4544143283,BNT,AMP,0.008471218898695019,6.310229703599986
12519000,1622154090,1063399.8927094045,131719608.22108036,1875434.4544143283,BNT,AMP,0.008073208742957819,6.31061420760294
12520000,1622166930,1066875.4966217235,131297926.64618751,1875434.4544143283,BNT,AMP,0.008125608102682879,6.310792692944787
12521000,1622180260,1059320.3991046448,132239088.38437782,1875434.4544143283,BNT,AMP,0.008010645052433592,6.310905843813795
12522000,1622193864,1063351.3350672077,131742770.87653802,1875434.4544143283,BNT,AMP,0.00807142075418864,6.311024944321797
12523000,1622207373,1072847.5861633958,130582467.81514564,1875434.4544143283,BNT,AMP,0.008215862390364178,6.311165366214405
12524000,1622220821,1072847.5861633958,130582467.81514564,1875434.4544143283,BNT,AMP,0.008215862390364178,6.311165366214405
12525000,1622234394,1071070.9925709185,130800156.19386719,1875434.4544143283,BNT,AMP,0.008188606372789162,6.311191668835971
12526000,1622247515,1069399.5123493453,131005626.82961857,1875434.4544143283,BNT,AMP,0.008163004431406367,6.311216453009208
12527000,1622261105,1064078.7463642734,131664002.97825596,1875434.4544143283,BNT,AMP,0.00808177423057693,6.311295598369468
12528000,1622274724,1059027.3136042284,132295189.75430852,1875434.4544143283,BNT,AMP,0.008005032651383597,6.311371102751613
12529000,1622288050,1057856.3592032741,132442365.64425826,1875434.4544143283,BNT,AMP,0.007987295863052527,6.311388655928886
12530000,1622301541,1066267.7116810954,131402788.75792818,1875434.4544143283,BNT,AMP,0.008114498343299142,6.311513710162843
12531000,1622314413,1071042.0680461347,130819963.55297016,1875434.4544143283,BNT,AMP,0.00818714543986599,6.311584285017782
12532000,1622327835,1071042.0680461347,130819963.55297016,1875434.4544143283,BNT,AMP,0.00818714543986599,6.311584285017782
12533000,1622340972,1070396.7386838638,130899862.30848329,1875434.4544143283,BNT,AMP,0.008177218217092762,6.311609091975414
12534000,1622354432,1067358.018969752,131274405.01549146,1875434.4544143283,BNT,AMP,0.008130739719169132,6.311654209192025
12535000,1622368198,1069044.310937883,131068370.37247117,1875434.4544143283,BNT,AMP,0.008156386685055016,6.3116791376811605
12536000,1622381260,1098654.7568790496,127553318.31529933,1875434.4544143283,BNT,AMP,0.008613298120267497,6.312110754029842
12537000,1622395019,1106919.315544906,126605719.42829868,1875434.4544143283,BNT,AMP,0.008743043525547785,6.312229132721936
12538000,1622408409,1111548.933175939,126082371.22436284,1875434.4544143283,BNT,AMP,0.00881605352423095,6.312328424562365
12539000,1622421779,1106613.4244926604,126647534.5988017,1875434.4544143283,BNT,AMP,0.00873774154386998,6.312399064875893
12540000,1622435873,1105725.9623850032,126752877.35139371,1875434.4544143283,BNT,AMP,0.008723478200180244,6.312491066521662
12541000,1622448997,1086877.2840195314,128962219.99934271,1875434.4544143283,BNT,AMP,0.00842787355882266,6.312764904621702
12542000,1622462501,1084759.925587771,129218692.92244196,1875434.4544143283,BNT,AMP,0.008394760085050947,6.312880927647565
12543000,1622475953,1083564.3259665763,129361989.47473277,1875434.4544143283,BNT,AMP,0.008376218782397592,6.312898429233393
12544000,1622489305,1064618.2299971848,131675830.54100314,1875434.4544143283,BNT,AMP,0.008085145357527617,6.313178838110679
12545000,1622502453,1056877.391676295,132645134.62112251,1875434.4544143283,BNT,AMP,0.007967705673450289,6.313294897389571
12546000,1622515593,1062212.5123251826,131982229.59606375,1875434.4544143283,BNT,AMP,0.008048147963374472,6.313374422012737
12547000,1622529459,1062212.5123251826,131982229.59606375,1875434.4544143283,BNT,AMP,0.008048147963374472,6.313374422012737
12548000,1622543046,1067677.6314776854,131310024.71758047,1875434.4544143283,BNT,AMP,0.008130968170739664,6.313455492818669
12549000,1622556449,1067677.6314776854,131310024.71758047,1875434.4544143283,BNT,AMP,0.008130968170739664,6.313455492818669
12550000,1622569624,1065786.952423844,131544138.01798806,1875434.4544143283,BNT,AMP,0.008102124264010172,6.313483633484461
12551000,1622582566,1068839.0181119444,131170391.97995448,1875434.4544143283,BNT,AMP,0.008148477731737547,6.313528823591752
12552000,1622596190,1068839.0181119444,131170391.97995448,1875434.4544143283,BNT,AMP,0.008148477731737547,6.313528823591752
12553000,1622609616,1071833.0387775954,130807147.54682676,1875434.4544143283,BNT,AMP,0.00819399443286459,6.3136051411509895
12554000,1622623463,1068643.83459776,131199487.56762648,1875434.4544143283,BNT,AMP,0.008145182991259246,6.313652447783515
12555000,1622635675,1067462.2339308625,131345446.16534731,1875434.4544143283,BNT,AMP,0.008127135466783238,6.313670007504853
12556000,1622649073,1057855.320190108,129653880.90028945,1855235.8607521157,BNT,AMP,0.008159071775133777,6.31257814426546
12557000,1622662442,1072869.748448938,127848449.65683681,1855235.8607521157,BNT,AMP,0.0083917306101769,6.312801047584807
12558000,1622675821,1069940.349073093,128200249.74619393,1855235.8607521157,BNT,AMP,0.008345852298972278,6.31284444625585
12559000,1622689170,1065315.9443298667,129259820.42853084,1858831.2998321983,BNT,AMP,0.008241663502224123,6.312930540683742
12560000,1622702828,1061903.379900539,129677305.56206466,1858831.2998321983,BNT,AMP,0.008188814344174533,6.312981460381819
12561000,1622715857,1065298.1360535068,131575181.16849469,1875350.4679762726,BNT,AMP,0.008096497581023961,6.313063107942786
12562000,1622729349,1069341.5543112878,131080151.42184798,1875350.4679762726,BNT,AMP,0.008157921262006214,6.31312295659318
12563000,1622743033,1071320.4356389025,130839238.34377782,1875350.4679762726,BNT,AMP,0.008188066891860274,6.313152163566829
12564000,1622756675,1067173.8311319584,131350188.91529065,1875350.4679762726,BNT,AMP,0.008124646336216478,6.313213742935688
12565000,1622770114,1065352.8117494194,131575837.07541026,1875350.4679762726,BNT,AMP,0.008096872765011042,6.313240848485612
12566000,1622783435,1060355.0985468032,132201280.2625986,1875350.4679762726,BNT,AMP,0.008020762706991659,6.313367260365715
12567000,1622796844,1063227.9338415843,131845858.05494958,1875350.4679762726,BNT,AMP,0.008064173949237459,6.31340999368254
12568000,1622810185,1067852.893120105,131277680.44205528,1875350.4679762726,BNT,AMP,0.00813430652891102,6.313478711406056
12569000,1622822825,1062626.331973507,131926628.9410318,1875350.4679762726,BNT,AMP,0.008054676607013712,6.313556600497414
12570000,1622835774,1110210.234193875,126315486.6451484,1875350.4679762726,BNT,AMP,0.008789185425162724,6.314638190276446
12571000,1622849624,1110318.5187547437,126318461.05018917,1875350.4679762726,BNT,AMP,0.00878983570195325,6.315020482408042
12572000,1622862428,1175185.7788005741,119389996.12914966,1875350.4679762726,BNT,AMP,0.00984325167017613,6.316184267076564
12573000,1622876353,1172544.533490342,119683823.18577,1875350.4679762726,BNT,AMP,0.0097970176944494,6.316841195154079
12574000,1622889608,1165654.4348480736,120395302.32159372,1875350.4679762726,BNT,AMP,0.009681893000562743,6.316947097071807
12575000,1622903774,1164125.8755277442,120560879.82147585,1875350.4679762726,BNT,AMP,0.009655917220009995,6.317143384193852
