Block,Timestamp,Reserve0,Reserve1,totalSupply,Reserve0TKN,Reserve1TKN,price,sINV
10518278,1595541693,4122356.1213439684,22384.096773256926,12787806.567560477,BNT,ETH,184.16450585886912,0.023754532208923918
10519778,1595561071,4159242.319544346,22187.516960973964,12787806.567560477,BNT,ETH,187.45866546761923,0.023755567209080286
10521278,1595581417,4263064.552433425,21650.049766921806,12787806.567560477,BNT,ETH,196.90784078227756,0.0237571503170738
10522778,1595601530,4248124.852269657,20696.40274202992,12480376.397560475,BNT,ETH,205.25909285881036,0.02375846543669658
10524278,1595621109,4313997.437074343,20381.778116837893,12480376.397560475,BNT,ETH,211.65952314584575,0.023759280925011835
10525778,1595641649,4233947.439611069,20771.5854403234,12480928.809524594,BNT,ETH,203.83361933421818,0.02376077754545187
10527278,1595662185,4209557.410916588,20896.859504029773,12480928.809524594,BNT,ETH,201.4444998352414,0.02376357758446367
10528778,1595682626,4212248.48452127,20884.228188711197,12480928.809524594,BNT,ETH,201.69519536269803,0.023763986679116243
10530278,1595702740,4250451.298837398,20367.19048187216,12380928.809524594,BNT,ETH,208.6910957414827,0.0237645644110516
10531778,1595722729,4306927.620756679,19683.51732837978,12251549.919823166,BNT,ETH,218.80884137241733,0.02376534406428255
10533278,1595742358,4315593.801167564,19569.82526696648,12228207.819823168,BNT,ETH,220.52285813978165,0.023765718205043824
10534778,1595762402,4593497.031948915,18200.1320678903,12165164.01241902,BNT,ETH,252.38811536170232,0.023767911474519832
10536278,1595782261,4167667.395468361,20076.87409159322,12165164.01241902,BNT,ETH,207.58547254193752,0.023778070226903463
10537778,1595802767,4291181.138933522,19502.749444919686,12165155.6674559,BNT,ETH,220.02954768263922,0.023780373623414362
10539278,1595822225,4418200.8182424465,18944.510659986514,12165155.6674559,BNT,ETH,233.21799636526436,0.023781911092601943
10540778,1595842578,4310012.46714786,19422.258473603622,12165155.6674559,BNT,ETH,221.91098285534125,0.02378326403573745
10542278,1595862553,4491425.589253904,18782.10240100054,12211567.44792723,BNT,ETH,239.13327131123737,0.023784432522884934
10543778,1595883363,4427006.492194642,19057.15866340267,12211567.44792723,BNT,ETH,232.3014973211225,0.023785525003872213
10545278,1595902950,4476234.204427153,18848.93548295382,12211567.44792723,BNT,ETH,237.47941672755312,0.0237863827102759
10546778,1595922904,4292591.561413886,19657.63243651114,12211567.44792723,BNT,ETH,218.3676785735923,0.02378778345262445
10548278,1595942719,4287688.397933855,19682.606092627953,12211567.44792723,BNT,ETH,217.84149811034385,0.02378929084681102
10549778,1595963182,4169645.1661631563,20235.875543053244,12209581.305130206,BNT,ETH,206.05212545866593,0.02379084008553992
10551278,1595983044,4213370.866157938,19988.40871786097,12197102.042012671,BNT,ETH,210.79071003751346,0.02379289551363769
10552778,1596003026,4251065.5561356535,19812.222973329328,12197197.46439679,BNT,ETH,214.5678231997652,0.023793342152130168
10554278,1596022780,4286463.878092312,19651.70010224573,12197823.765665535,BNT,ETH,218.12178365181086,0.023793991040574378
10555778,1596042329,4183495.4186413805,19940.29071772728,12137823.765665537,BNT,ETH,209.80112466074416,0.023795485177502292
10557278,1596062467,4233515.734712314,19724.151868523135,12143613.428953722,BNT,ETH,214.63613558301518,0.023795882964338173
10558778,1596082358,4248851.318521911,19659.01886400451,12145183.765731826,BNT,ETH,216.1273331041724,0.02379647319280944
10560278,1596103248,4255322.518660903,19630.061108643178,12145183.765731826,BNT,ETH,216.7758161887367,0.02379704195118831
10561778,1596123585,4071110.0990605927,20517.4696546345,12143736.413682127,BNT,ETH,198.42164592362428,0.023799399085208492
10563278,1596143802,4118017.5776534025,20288.44021933052,12143982.069408115,BNT,ETH,202.97359151985557,0.02380166347506499
10564778,1596164401,3989385.20582361,20946.178415915572,12143982.069408115,BNT,ETH,190.4588572964865,0.023803689045601352
10566278,1596184359,3885458.3497593584,21510.507834757187,12143982.069408115,BNT,ETH,180.6307121899346,0.02380594048067294
10567778,1596204045,3931055.9954125197,21260.485845839485,12142940.705905532,BNT,ETH,184.89963135916753,0.023807694065296012
10569278,1596224289,4171080.7247250066,20043.049703783723,12142912.948572813,BNT,ETH,208.1060909576845,0.02381131156122705
10570778,1596244143,4156066.735671268,20117.526729590172,12142490.938562816,BNT,ETH,206.58934826010463,0.023813364620625936
10572278,1596264510,4286045.926198645,19509.655840306958,12142490.938562816,BNT,ETH,219.68844357283186,0.02381471707020116
10573778,1596283654,4232439.733166568,19758.778836859587,12142490.938562816,BNT,ETH,214.20553203779176,0.023815935936392203
10575278,1596303225,4232868.185140206,19758.17679075868,12142490.938562816,BNT,ETH,214.23374383004852,0.02381677850082296
10576778,1596323323,4252058.908784637,19477.44948048481,12082490.938562814,BNT,ETH,218.30676100815637,0.023818214469924087
10578278,1596343583,4066480.56762946,20373.711955219776,12082490.938562814,BNT,ETH,199.59448609891734,0.023822533889057286
10579778,1596363225,4058101.0060359533,20418.924695405152,12082490.938562814,BNT,ETH,198.7421505574749,0.023824367621560188
10581278,1596383029,4093383.0377182695,20245.093870368462,12082393.216964321,BNT,ETH,202.19135875233013,0.023825834712682868
10582778,1596403390,4080135.567298356,20306.404418927963,12080568.216964325,BNT,ETH,200.9285092093994,0.023826840093629537
10584278,1596423653,3989073.604663502,20772.54217052746,12080597.997554699,BNT,ETH,192.03588910380392,0.02382826475436187
10585778,1596443620,3926935.9522463866,21106.443321720388,12080597.997554699,BNT,ETH,186.05389323009356,0.023831205094724313
10587278,1596464106,4021943.391139571,20607.021218572547,12079847.997554703,BNT,ETH,195.17344833491524,0.02383219898966433
10588778,1596483788,3996935.4177324437,20737.601677084956,12079847.997554703,BNT,ETH,192.73855675167374,0.023833145271240332
10590278,1596503435,4065609.990548189,20391.848130079255,12078611.435310232,BNT,ETH,199.37427763357843,0.023838237431439143
10591778,1596524006,4043514.1139786053,20536.500226745797,12088127.049342154,BNT,ETH,196.8940213441294,0.023838761185428905
10593278,1596544472,4094552.4144394766,20280.36986531635,12087651.291604578,BNT,ETH,201.89732443894,0.0238396146029114
10594778,1596563757,4084236.4589913287,20330.70456038823,12087221.324850745,BNT,ETH,200.8900600006229,0.02383994116214768
10596278,1596584160,4036195.05465749,20559.204207318795,12082793.879788676,BNT,ETH,196.3205877988536,0.023840856636370464
10597778,1596603951,3955069.7705906844,20983.61289312053,12083087.545645894,BNT,ETH,188.4837368443521,0.023841813442937614
10599278,1596624124,3895246.1485088654,21306.758611193825,12082759.516450562,BNT,ETH,182.81739703299775,0.023842951450579002
10600778,1596644744,3805171.843525097,21818.79674494343,12083743.096433558,BNT,ETH,174.39879421430317,0.023845204539090822
10602278,1596664377,3794579.1847007824,21884.161860807788,12083517.243162261,BNT,ETH,173.39385482687692,0.023848079072459113
10603778,1596684677,3511033.890781274,23661.84500425763,12084442.757569984,BNT,ETH,148.3837752360186,0.023851471875707995
10605278,1596704543,3527514.1757876417,23554.68526145523,12084412.307841271,BNT,ETH,149.7584933372066,0.023853246822857926
10606778,1596723959,3618751.586892091,22961.993607913057,12083320.669265175,BNT,ETH,157.59744770789473,0.023856013979002885
10608278,1596744085,3608022.8148681493,23047.590325527668,12087461.34098385,BNT,ETH,156.54663953618956,0.023856806182942513
10609778,1596764440,3660094.0221075253,22723.031559307165,12087461.34098385,BNT,ETH,161.07419525227834,0.023858556192351513
10611278,1596784158,3641665.988520422,22839.39871887745,12087461.34098385,BNT,ETH,159.44666640941276,0.023859277594137304
10612778,1596804378,3594842.8064521947,22679.290446675677,11967005.127201414,BNT,ETH,158.50772822476577,0.023859932275070845
10614278,1596823999,3614701.829454272,22556.68154665568,11967005.127201414,BNT,ETH,160.24971678470135,0.023860984931869254
10615778,1596844221,3594286.202175745,22689.796021377682,11967621.49755441,BNT,ETH,158.40980671616924,0.023862381156628518
10617278,1596864695,3559444.242037838,22916.550429209397,11968458.176518733,BNT,ETH,155.3219911100135,0.023863135819103785
10618778,1596884454,3568598.8858524724,22858.770650527564,11968458.176518733,BNT,ETH,156.11508337042227,0.023863662398820356
10620278,1596904195,3502855.6776735554,23290.45455013174,11968458.176518733,BNT,ETH,150.39876830801234,0.023865025231736333
10621778,1596924482,3490328.0299547133,23386.3529048989,11968962.488460736,BNT,ETH,149.24635936814116,0.023870299389574023
10623278,1596944014,3534372.6127440506,23100.838574213434,11970018.011521615,BNT,ETH,152.99758930350401,0.023871254083552527
10624778,1596963615,3570639.737047527,22871.402991854862,11970018.011521615,BNT,ETH,156.1180894026978,0.02387396847899327
10626278,1596983575,3616896.2525863037,22582.549966992552,11970364.059978701,BNT,ETH,160.16332335687892,0.02387520760909078
10627778,1597003654,3578785.7093875706,22824.754694069918,11970364.059978701,BNT,ETH,156.79404915214147,0.02387610870945209
10629278,1597023425,3568004.5960905887,22649.554328597664,11905796.973905273,BNT,ETH,157.5308963843749,0.023877236476790277
10630778,1597043727,3601071.4418998114,22444.661255569612,11905796.973905273,BNT,ETH,160.4422272582176,0.023878878400051536
10632278,1597064228,3592586.0751245636,22272.65234483872,11845796.97390527,BNT,ETH,161.30032559669885,0.023879502538022235
10633778,1597083955,3594287.030501487,22263.25424475725,11845796.97390527,BNT,ETH,161.4448180390296,0.023880115110454566
10635278,1597103766,3633626.282984858,22023.410509208326,11845796.97390527,BNT,ETH,164.98926365040433,0.023880759293410082
10636778,1597123973,3724435.6137068793,21489.69566897789,11845796.97390527,BNT,ETH,173.3126271808215,0.023882571302622273
10638278,1597144384,3744727.7392061865,21374.971865035535,11845796.97390527,BNT,ETH,175.1921716131794,0.023883535423174895
10639778,1597164337,3754058.2860762877,21318.16676069004,11844231.083727699,BNT,ETH,176.0966751136707,0.023884632378902804
10641278,1597183971,3762190.408183035,21271.72433371492,11843402.073375203,BNT,ETH,176.86344318688344,0.023886100792689782
10642778,1597204127,3736862.831125074,21417.76715015416,11843402.073375203,BNT,ETH,174.47490230549906,0.023887142542658526
10644278,1597224388,3736868.5304725957,21418.987192664412,11843402.073375203,BNT,ETH,174.46523016514996,0.023887841103499417
10645778,1597243766,3675692.7819285947,21777.66900626455,11843402.073375203,BNT,ETH,168.78265441867296,0.023889047042664372
10647278,1597263665,3643061.296871385,21975.79070734852,11843402.073375203,BNT,ETH,165.77611906602186,0.023890708041506732
10648778,1597283685,3667920.489963965,21828.196118749067,11843402.073375203,BNT,ETH,168.03589586651407,0.023891444395891727
10650278,1597303852,3548565.428611093,22529.58416564584,11833886.459343279,BNT,ETH,157.50692079004776,0.02389327042241037
10651778,1597324319,3643058.5802169987,21937.831792506015,11831392.45934328,BNT,ETH,166.0628367777654,0.023894286564583013
10653278,1597343667,3673114.668417224,21758.332358991072,11830888.147401273,BNT,ETH,168.81416313596313,0.023895311588396754
10654778,1597363719,3871360.0713872644,20646.21889078994,11830888.147401273,BNT,ETH,187.50939781589923,0.02389652211071207
10656278,1597383248,3877983.9588367855,20611.685552251798,11830888.147401273,BNT,ETH,188.1449214333236,0.023896946422637476
10657778,1597403532,3869798.2415991398,20650.653475823492,11829306.714546422,BNT,ETH,187.39350045893997,0.023897461387654632
10659278,1597423213,3931494.3110530614,20121.870490845726,11769306.714546422,BNT,ETH,195.38413751552875,0.023898030967653815
10660778,1597443388,3979905.381036768,19888.225857752677,11772252.844453285,BNT,ETH,200.11364560631998,0.023898729515685092
10662278,1597462810,3976742.5654166676,19904.571428256182,11772252.844453285,BNT,ETH,199.79041396346537,0.023899046439450577
10663778,1597482749,4037814.3737222664,19605.43768546381,11772252.844453285,BNT,ETH,205.953799068513,0.023900218131173667
10665278,1597502633,3961242.6783468183,19998.022580905086,11775579.200234747,BNT,ETH,198.08171844596134,0.023901600005309068
10666778,1597523084,4002700.7147579724,19789.569039375798,11774598.615297684,BNT,ETH,202.2631572619747,0.023902791119876674
10668278,1597543100,4089892.9410857423,19358.31930684299,11771392.733106144,BNT,ETH,211.2731418599962,0.02390352471863793
10669778,1597562961,4053633.1401248155,19532.111302297577,11771392.733106144,BNT,ETH,207.53686467309777,0.02390391119290434
10671278,1597583232,3983263.800297574,19866.465432932106,11767703.111413414,BNT,ETH,200.5018866463596,0.023904966240162178
10672778,1597603296,3970510.8835498514,19931.972285057273,11767703.111413414,BNT,ETH,199.2031107993507,0.023905984287027192
10674278,1597623098,3951958.710170534,20029.69204619988,11768376.295972828,BNT,ETH,197.30501602596115,0.023907093975748934
10675778,1597643127,3959673.055446599,19982.341335589976,11765430.16606597,BNT,ETH,198.15861359520161,0.023908098716977563
10677278,1597663467,3990878.1871139253,19813.370057724238,11761315.198122812,BNT,ETH,201.4234920907906,0.02390878587410276
10678778,1597683973,4050229.341481292,19329.33769690341,11702407.050241668,BNT,ETH,209.5379264924398,0.023909643144530677
10680278,1597703949,4069115.3764175978,19241.392540418958,11702407.050241668,BNT,ETH,211.4771770218767,0.02391074189997368
10681778,1597724421,4052098.0034278394,19311.57873333514,11698262.299560206,BNT,ETH,209.82738176828673,0.023912638855892187
10683278,1597744618,4057141.7984665227,19028.719763333407,11619153.315524071,BNT,ETH,213.21149551449392,0.02391334867325045
10684778,1597764194,4091435.470255722,18870.710643073457,11619153.315524071,BNT,ETH,216.81406427359394,0.023914290378559896
10686278,1597783209,4054201.8202165836,18838.837420305543,11556131.305870969,BNT,ETH,215.2044592649194,0.023914828093184754
10687778,1597803206,4056342.2378805815,18828.896695874784,11556131.305870969,BNT,ETH,215.43175383023288,0.02391482809318475
10689278,1597823243,4123983.1868095594,18514.934652166066,11554529.651396872,BNT,ETH,222.7381983401758,0.023914828093184754
10690778,1597843098,4105136.9402437573,18599.934745630348,11554529.651396872,BNT,ETH,220.7070614163402,0.023914828093184744
10692278,1597863361,4163688.441889158,18338.374803030758,11554529.651396872,BNT,ETH,227.04784293104484,0.02391482809318475
10693778,1597882875,4174156.9800174255,18292.383246710524,11554529.651396872,BNT,ETH,228.19098658279282,0.023914828093184754
10695278,1597903117,4133553.336568025,18472.068216689855,11554529.651396872,BNT,ETH,223.77317407442678,0.02391482809318475
10696778,1597923092,3838851.505340039,19890.136178541,11554529.651396872,BNT,ETH,193.00277639535145,0.023914828093184744
10698278,1597942645,3786610.698998469,20162.10948710619,11553464.949557565,BNT,ETH,187.80825991546334,0.023915587943200214
10699778,1597962283,3702340.8946251115,20626.401250355106,11553464.949557565,BNT,ETH,179.4952425140751,0.02391870606751704
10701278,1597981857,3719650.871697155,20535.20531627172,11553464.949557565,BNT,ETH,181.13531442267936,0.02392149748070963
10702778,1598002240,3752000.825226864,20361.910155463116,11553464.949557565,BNT,ETH,184.26566056820553,0.023923706726994478
10704278,1598022216,3860454.0958130136,19792.746043648032,11553464.949557565,BNT,ETH,195.0438856386947,0.02392544209243794
10705778,1598042261,3834553.664120134,19929.062381557334,11553464.949557565,BNT,ETH,192.4101390574546,0.023927018874522022
10707278,1598061854,3886851.012624342,19680.996621453556,11558818.45918219,BNT,ETH,197.49259081663698,0.023928145868728646
10708778,1598082259,3838770.085820884,19929.10524970456,11558818.45918219,BNT,ETH,192.62129622592022,0.023929107925887108
10710278,1598102510,3828499.997450296,19776.635807252635,11498818.459182192,BNT,ETH,193.58702029827944,0.023929703418571653
10711778,1598122053,3816672.42673824,19839.268824876002,11498818.459182192,BNT,ETH,192.37969203545455,0.02393051567829941
10713278,1598142139,3827531.822319673,19783.847577366327,11498818.459182192,BNT,ETH,193.46751471632612,0.023931039647221597
10714778,1598161884,3861404.7534107654,19611.106094724677,11498818.459182192,BNT,ETH,196.8988763183261,0.023931531408542744
10716278,1598181914,3892438.863047014,19455.375746596135,11498818.459182192,BNT,ETH,200.07009444307573,0.023931917329885387
10717778,1598201690,3897075.4321440905,19432.712887559446,11498818.459182192,BNT,ETH,200.54201668563448,0.023932215544932172
10719278,1598221092,3931370.1419865605,19251.987941685653,11495163.633254154,BNT,ETH,204.2059320780117,0.023932859990600706
10720778,1598241301,3932749.431784335,19245.60199892497,11495163.633254154,BNT,ETH,204.34535807214618,0.023933087622153335
10722278,1598261707,4028325.3680284494,18790.766503122268,11495163.633254154,BNT,ETH,214.37791626856222,0.023934224526097097
10723778,1598281108,3984257.054390271,18984.31659975351,11490514.175473517,BNT,ETH,209.8709760477763,0.023934904349176448
10725278,1598301407,3990323.7882027132,18955.991282908057,11490514.175473517,BNT,ETH,210.504622451512,0.023935243823590743
10726778,1598320339,4033778.3521982487,18752.555802459483,11490514.175473517,BNT,ETH,215.10552453171212,0.023935735984113575
10728278,1598341179,3899853.9307363075,19399.356793825005,11490514.175473517,BNT,ETH,201.03006363477303,0.023937476937107325
10729778,1598361434,3902117.4454031996,19424.339728454368,11500990.140536403,BNT,ETH,200.88803531823825,0.023938011415811686
10731278,1598380912,4039521.475308068,18765.830043207206,11500990.140536403,BNT,ETH,215.25940851043148,0.023939419707265146
10732778,1598401075,3995421.425996438,18973.721567168985,11500990.140536403,BNT,ETH,210.57658150259152,0.023939899757199793
10734278,1598421004,4043946.399985697,18748.972661386524,11501604.254061585,BNT,ETH,215.68895923104083,0.02394048877745918
10735778,1598440887,4055612.4121733536,18696.129776825175,11501574.473471211,BNT,ETH,216.92256421970797,0.02394124786291125
10737278,1598460417,4062988.2468857863,18664.160781400613,11501574.473471211,BNT,ETH,217.68930810619003,0.02394251238032508
10738778,1598480106,4015595.995520976,18689.02600350908,11441574.47347121,BNT,ETH,214.86384548702546,0.02394321959143945
10740278,1598500270,3993912.528865748,18791.184463065107,11441574.47347121,BNT,ETH,212.54181910224753,0.023943661311652046
10741778,1598520510,3978504.249741278,18864.789397239685,11441574.47347121,BNT,ETH,210.89576808757892,0.023944187350645598
10743278,1598540352,3995602.6108554523,18785.937517952723,11441574.47347121,BNT,ETH,212.69114767559867,0.023945383069366222
10744778,1598560184,4015094.101125382,18695.247903963445,11441574.47347121,BNT,ETH,214.76549130296212,0.02394570823327295
10746278,1598579722,4031292.8589272066,18620.949754835554,11441574.47347121,BNT,ETH,216.49233320552548,0.023946238129743856
10747778,1598599504,3830164.9297355264,19564.30424052985,11430484.394883135,BNT,ETH,195.7731224502669,0.02394838914599089
10749278,1598619368,3930434.640905325,19066.971831987357,11430484.394883135,BNT,ETH,206.13837768992258,0.023949503630866772
10750778,1598638772,3819395.3955490296,19623.96309768559,11430484.394883135,BNT,ETH,194.62915704318058,0.02395113144990144
10752278,1598658985,3852201.8042783234,19457.524716179192,11430484.394883135,BNT,ETH,197.98005452744798,0.023951552861768408
10753778,1598679058,3868939.5920283506,19374.257549135807,11430484.394883135,BNT,ETH,199.6948570656802,0.02395211530554062
10755278,1598699420,3952815.879352982,18964.14432343753,11430484.394883135,BNT,ETH,208.43628965994267,0.023952744589246313
10756778,1598719076,3983245.3911480373,18820.12074303782,11430484.394883135,BNT,ETH,211.64823783723972,0.023953285934087142
10758278,1598738521,4046136.78810976,18529.22222610832,11430484.394883135,BNT,ETH,218.36517144300922,0.023954341702187493
10759778,1598758353,4036954.6283117277,18572.097638902575,11430484.394883135,BNT,ETH,217.36664898075946,0.023954812628222362
10761278,1598777986,4026140.4719590014,18622.70070605082,11430484.394883135,BNT,ETH,216.19530569219978,0.02395527486617336
10762778,1598798522,3996755.9601050997,18433.909060455844,11330484.394883135,BNT,ETH,216.81543220145764,0.02395598646168875
10764278,1598818099,4062530.0712797847,17464.44173932519,11116430.400257353,BNT,ETH,232.61723059444083,0.02396129549533028
10765778,1598838176,4040894.0916842897,17579.112706487696,11122754.148825238,BNT,ETH,229.8690587604555,0.023962099733190863
10767278,1598858514,4032709.077045081,17615.72378353149,11122754.148825238,BNT,ETH,228.92667520225095,0.02396273331300265
10768778,1598877969,4087545.8504469325,17380.565262217144,11122754.148825238,BNT,ETH,235.17910889427003,0.023963537500942062
10770278,1598897963,4118300.540293932,17251.478408572704,11122754.148825238,BNT,ETH,238.72160070915675,0.023964029193111292
10771778,1598916557,4168081.2064255276,17045.075270434565,11122080.964265825,BNT,ETH,244.53287182927542,0.02396522414705406
10773278,1598936725,4232662.798465781,16786.13550401403,11122080.964265825,BNT,ETH,252.1523073284875,0.02396603259308452
10774778,1598956659,4294223.503079711,16546.22464550363,11122080.964265825,BNT,ETH,259.5289013102242,0.02396656140507075
10776278,1598976487,4424068.395034612,16061.810091750094,11122080.964265825,BNT,ETH,275.44021313681003,0.02396746530242581
10777778,1598996336,4388547.78137829,16192.828446114596,11122080.964265825,BNT,ETH,271.01798774576065,0.02396821660097237
10779278,1599015816,4409160.053646083,16115.287531664995,11121292.52651029,BNT,ETH,273.60107878823175,0.02396854643189235
10780778,1599035843,4491373.22720036,15821.657751203982,11121292.52651029,BNT,ETH,283.87500841108636,0.02396957322474771
10782278,1599055626,4512773.481151024,15747.436564845117,11121292.52651029,BNT,ETH,286.5719422058462,0.023970187811182053
10783778,1599075728,4481431.629215879,15857.900355781172,11121292.52651029,BNT,ETH,282.5993056251059,0.023970437767256332
10785278,1599095629,4455220.524276647,15951.683313829171,11121292.52651029,BNT,ETH,279.2946948999566,0.02397080384542847
10786778,1599115204,4464151.387625673,15919.945781792705,11121292.52651029,BNT,ETH,280.412474314531,0.02397093558418462
10788278,1599135591,4514734.0859159315,15741.947324981362,11121292.52651029,BNT,ETH,286.7964167782068,0.023971215215858672
10789778,1599155670,4321359.835449063,16450.833867405734,11121292.52651029,BNT,ETH,262.6833308438567,0.02397446417569087
10791278,1599175622,4390418.302448598,16192.619326310758,11121292.52651029,BNT,ETH,271.1370047040368,0.023974868780814448
10792778,1599195203,4597344.532671415,15465.194488365054,11121292.52651029,BNT,ETH,297.27039877384925,0.02397595719585561
10794278,1599215070,4594438.332848589,15475.973778375797,11121292.52651029,BNT,ETH,296.87555682397743,0.023976729390205443
10795778,1599234528,4599237.287045529,15461.096752642126,11121292.52651029,BNT,ETH,297.4716063567464,0.023977714951407807
10797278,1599254539,4596812.590064041,15469.60452077205,11121292.52651029,BNT,ETH,297.15126743489793,0.02397798810192603
10798778,1599273883,4575179.447564803,15543.0410882391,11121292.52651029,BNT,ETH,294.35548819507966,0.023978212217824976
10800278,1599294355,4582948.710031335,15516.88000761603,11121292.52651029,BNT,ETH,295.352461821057,0.02397835772684627
10801778,1599314065,4702260.960133474,15125.116036029704,11121292.52651029,BNT,ETH,310.89090152645224,0.023979904930707816
10803278,1599333396,4723612.989180723,15059.191754530975,11121292.52651029,BNT,ETH,313.6697550689926,0.023981852166990014
10804778,1599353406,4835931.939917217,14709.666017086105,11120761.752693778,BNT,ETH,328.758785841909,0.02398319062951334
10806278,1599373143,4864822.150063277,14624.034027853264,11120761.752693778,BNT,ETH,332.6593839153839,0.023984603408223584
10807778,1599392708,4748251.306322777,14983.675637885284,11120362.929166982,BNT,ETH,316.89496096118904,0.023985957972443184
10809278,1599412138,4740958.139260845,15007.079692611325,11120362.929166982,BNT,ETH,315.914770652883,0.023986241029088095
10810778,1599431474,4673771.336457758,15223.451996390531,11120362.929166982,BNT,ETH,307.0112703456421,0.023986746210474988
10812278,1599452263,4638244.741400796,15341.804992258623,11120254.02277712,BNT,ETH,302.3271866472833,0.023988348603573316
10813778,1599472213,4702820.328704476,15131.468483304421,11120254.02277712,BNT,ETH,310.7973514859723,0.023988606702458014
10815278,1599491353,4835974.8817795385,14716.634983823951,11120254.02277712,BNT,ETH,328.6060221711747,0.02399007298803746
10816778,1599511707,4846268.288550978,14685.623424136113,11120254.02277712,BNT,ETH,330.0008551619293,0.0239902742220115
10818278,1599532058,4770031.29936376,14921.284161686785,11120254.02277712,BNT,ETH,319.6796768747101,0.023991036247473885
10819778,1599551710,4779837.434571685,14890.871982667348,11120254.02277712,BNT,ETH,320.9911038208718,0.023991197174511394
10821278,1599571951,4763167.23434947,14676.050444429691,11020254.022777123,BNT,ETH,324.55375186839416,0.023991693660895923
10822778,1599591374,4695785.4633821305,14874.18246287357,11015267.122777123,BNT,ETH,315.7004074074632,0.023992507681895415
10824278,1599611327,4726269.89621034,14778.632463503054,11015267.122777123,BNT,ETH,319.8042787708686,0.023992823006377638
10825778,1599631180,4763879.205800936,14664.133451247095,11015963.99028369,BNT,ETH,324.86605646621393,0.023993083474441936
10827278,1599651436,4719164.141899687,14803.640821765344,11015963.99028369,BNT,ETH,318.7840206823475,0.023993538635669276
10828778,1599671628,4638898.920705056,15060.40683484006,11015873.997723762,BNT,ETH,308.01949585941054,0.023994231628193054
10830278,1599690963,4549191.138341527,15358.402064056503,11015873.997723762,BNT,ETH,296.202112652596,0.0239950218025437
10831778,1599711119,4547566.649960403,15364.456174879966,11015873.997723762,BNT,ETH,295.97966880177785,0.02399546515676136
10833278,1599731936,4599996.243433087,15190.13636799914,11015873.997723762,BNT,ETH,302.82784380552624,0.023996097349702705
10834778,1599751304,4563873.836964104,15311.037884808802,11015873.997723762,BNT,ETH,298.07736557769584,0.023996625345284458
10836278,1599770304,4611761.483412997,15152.54736035696,11015846.213684643,BNT,ETH,304.3555234467423,0.023997078911387876
10837778,1599790358,4691342.316965623,14896.324365591647,11015846.213684643,BNT,ETH,314.9328788652014,0.023997735246396555
10839278,1599810309,4706330.748884193,14849.234246804688,11015846.213684643,BNT,ETH,316.9409728920478,0.023998018694931643
10840778,1599829893,4724274.62134764,14793.122311395906,11015846.213684643,BNT,ETH,319.3561522646431,0.023998252984835135
10842278,1599849904,4741820.025869523,14738.56577170735,11015846.213684643,BNT,ETH,321.72872851523186,0.023998399614794625
10843778,1599869312,4742064.261300346,14729.875811115295,11012848.965684643,BNT,ETH,321.9351148719083,0.023998471236325987
10845278,1599889323,4726766.531399116,14777.521353412383,11012724.228581628,BNT,ETH,319.8619320761546,0.023998721703831945
10846778,1599909088,4736509.183627007,14747.39265352069,11012724.228581628,BNT,ETH,321.17604073532584,0.02399893942459777
10848278,1599929041,4731681.012750444,14738.041350184549,11003471.75221275,BNT,ETH,321.0522280622584,0.023999261721123367
10849778,1599948930,4730679.2642325135,14741.44538236146,11003471.75221275,BNT,ETH,320.9101374749114,0.02399949222438306
10851278,1599968937,4730697.692375932,14741.562553674497,11003471.75221275,BNT,ETH,320.90883684489427,0.02399963434790723
10852778,1599988843,4669173.954629469,14862.093980711426,10976097.445221826,BNT,ETH,314.16662824830036,0.024000046035348346
10854278,1600008479,4713075.483854355,14724.048388473253,10976097.445221826,BNT,ETH,320.09372419232164,0.024000365836363367
10855778,1600028270,4738595.284307821,14645.317133485034,10976097.445221826,BNT,ETH,323.55702789620733,0.024000829134897483
10857278,1600048408,4772350.816990068,14491.246936102847,10956895.039577328,BNT,ETH,329.32644361338197,0.024001122733746355
10858778,1600068628,4779275.398128904,14470.540531292983,10956895.039577328,BNT,ETH,330.27621793350266,0.024001362927333632
10860278,1600088561,4749333.807879574,14562.293209854128,10956895.039577328,BNT,ETH,326.13914164739913,0.02400179553618534
10861778,1600108523,4690885.3655150235,14459.530864718827,10850571.291009441,BNT,ETH,324.41476901306373,0.024002247326871524
10863278,1600128550,4683935.249339072,14481.358439257476,10850571.291009441,BNT,ETH,323.445847223932,0.02400255581512558
10864778,1600148476,4695820.3918880215,14445.055411284648,10850571.291009441,BNT,ETH,325.08150769844684,0.024002846072755716
10866278,1600168211,4646528.1273802165,14599.194156440128,10850571.291009441,BNT,ETH,318.2729181891521,0.024003585722227813
10867778,1600187860,4818367.363798569,14079.557627315953,10850571.291009441,BNT,ETH,342.22434335936697,0.024004455235738284
10869278,1600207764,4810540.160868052,14103.089280683462,10850571.291009441,BNT,ETH,341.098327120207,0.024004985349668745
10870778,1600227590,4928337.772264696,13766.798077339567,10850571.291009441,BNT,ETH,357.9872200186361,0.024005684786864996
10872278,1600247746,4930085.057840407,13762.215385890375,10850571.291009441,BNT,ETH,358.23338900036003,0.024005943332960952
10873778,1600267655,4944280.039158506,13722.928268186624,10850571.291009441,BNT,ETH,360.2933676058524,0.024006139324063532
10875278,1600287738,4952743.515050497,13699.709980705022,10850571.291009441,BNT,ETH,361.52177834611473,0.024006342667728203
10876778,1600307393,4963375.180321198,13670.954459858305,10850571.291009441,BNT,ETH,363.05988692267516,0.024006860336329195
10878278,1600327272,5007431.971076055,13550.83582248479,10850571.291009441,BNT,ETH,369.52938081998343,0.024007004063245987
10879778,1600346790,5042389.375926193,13457.027258807786,10850571.291009441,BNT,ETH,374.70306620846657,0.024007124840969646
10881278,1600366296,5103624.085767856,13295.869771385578,10850571.291009441,BNT,ETH,383.8503364970911,0.02400739901914353
10882778,1600386485,5139466.017093792,13203.324541173226,10850571.291009441,BNT,ETH,389.2554485854596,0.024007561159536412
10884278,1600406876,5160457.8638662975,13149.898059248962,10850571.291009441,BNT,ETH,392.4332980084737,0.024007818904936317
10885778,1600427190,5052370.538952451,13432.253850587014,10850571.291009441,BNT,ETH,376.13721384007744,0.024008743824335002
10887278,1600447244,5072709.501976709,13379.161491258892,10850571.291009441,BNT,ETH,379.15003158388515,0.024009429427454574
10888778,1600466905,5111558.815989882,13278.41063325619,10850571.291009441,BNT,ETH,384.9526089506394,0.024010274431323017
10890278,1600486831,5128032.304029898,13236.143694163928,10850571.291009441,BNT,ETH,387.42646064585614,0.024010627385496853
10891778,1600506779,5183777.827388685,13094.178086425074,10850571.291009441,BNT,ETH,395.88417029112986,0.024010970089822784
10893278,1600526498,5396009.000596365,12582.627527951581,10850571.291009441,BNT,ETH,428.84596151395584,0.0240142705046162
10894778,1600546583,5360552.433335118,12666.391081972413,10850571.291009441,BNT,ETH,423.21071555769237,0.02401478019503857
10896278,1600566354,5378026.6467565065,12625.495090075112,10850571.291009441,BNT,ETH,425.96560438918294,0.024015026974893144
10897778,1600586074,5355436.407889899,12678.952245849261,10850571.291009441,BNT,ETH,422.3879311197123,0.024015216803286974
10899278,1600605712,5308966.893318792,12790.31870558898,10850571.291009441,BNT,ETH,415.07698248355103,0.02401558039792064
10900778,1600625332,5381245.071554921,12619.092313445679,10850571.291009441,BNT,ETH,426.4367783268523,0.024016119699836108
10902278,1600644812,5386632.163409596,12606.643701187644,10850571.291009441,BNT,ETH,427.2851911331589,0.024016283112661355
10903778,1600664989,5406844.617657996,12559.623354246647,10850571.291009441,BNT,ETH,430.4941689059361,0.02401638558601695
10905278,1600685050,5559991.989722816,12214.52493933964,10850571.291009441,BNT,ETH,455.1951072460955,0.024017221783085057
10906778,1600704523,5580025.521714752,12171.047603132543,10850571.291009441,BNT,ETH,458.46715119893076,0.024017592303323305
10908278,1600723470,5439668.6884144405,12485.811981844145,10850541.291009441,BNT,ETH,435.66799630847925,0.02401835258962613
10909778,1600744082,5457196.170447185,12446.135125354129,10850541.291009441,BNT,ETH,438.46512314736833,0.024018762882134354
10911278,1600763674,5404000.56197837,12338.491011266115,10750541.291009441,BNT,ETH,437.97904922441876,0.024019191554630285
10912778,1600783954,5352374.626949528,12457.867297955248,10750541.291009441,BNT,ETH,429.6381153319904,0.024019544663435467
10914278,1600804189,5347130.271399633,12470.21562975554,10750541.291009441,BNT,ETH,428.7921259870352,0.02401966977905255
10915778,1600824083,5355973.130558902,12441.42693808205,10746893.0302652,BNT,ETH,430.4950836599592,0.024019909426089014
10917278,1600843303,5396738.32506889,12347.724032452485,10746893.0302652,BNT,ETH,437.0634062508278,0.024020177453036716
10918778,1600862820,5390243.102569089,12362.733937729538,10746893.0302652,BNT,ETH,436.0073693828137,0.024020304663508463
10920278,1600882880,5381285.508610692,12383.824808186391,10746893.0302652,BNT,ETH,434.5414758333278,0.024020801306573518
10921778,1600903880,5425180.265500733,12283.996800370236,10746893.0302652,BNT,ETH,441.64618028370205,0.02402116176267635
10923278,1600923835,5476794.60702648,12168.452857091524,10746893.0302652,BNT,ETH,450.08142541594486,0.0240213816266175
10924778,1600943281,5456083.9162643785,12215.04986690698,10746893.0302652,BNT,ETH,446.66898422134193,0.024021781738339732
10926278,1600962921,5441911.213598029,12247.065029280882,10746893.0302652,BNT,ETH,444.3441102490467,0.02402198059064629
10927778,1600983350,5356308.87918238,12443.378728090584,10746893.0302652,BNT,ETH,430.45454102354535,0.024022546366026007
10929278,1601003117,5316472.9447899265,12536.91402907082,10746893.0302652,BNT,ETH,424.0655182337531,0.024022831871234347
10930778,1601022825,5358419.782622778,12438.97172284881,10746893.0302652,BNT,ETH,430.7767476293914,0.0240230243187231
10932278,1601042969,5332940.459062247,12499.13376140066,10746893.0302652,BNT,ETH,426.6648042067704,0.024023727841502404
10933778,1601063518,5120269.148595948,13021.187129753436,10746893.0302652,BNT,ETH,393.2259860467041,0.02402640310494929
10935278,1601083456,5134405.567227198,12986.250848524198,10747126.103037974,BNT,ETH,395.3724309746172,0.024026728138654443
10936778,1601103835,5119674.137608999,13023.957825572948,10747126.103037974,BNT,ETH,393.0966459025504,0.024027041889636776
10938278,1601123870,5155688.02357723,12933.744956470251,10747178.401461432,BNT,ETH,398.62298513919893,0.02402763373328547
10939778,1601143790,5083747.061075534,13117.352140695077,10747178.401461432,BNT,ETH,387.55893769930844,0.02402816456917394
10941278,1601164393,5130777.323529545,12996.732636434492,10746907.54161691,BNT,ETH,394.77439961688066,0.024028417162075006
10942778,1601184718,5111572.800469628,13045.665848153325,10746907.54161691,BNT,ETH,391.8215336776539,0.02402851258293642
10944278,1601205041,5163022.717858243,12916.189338079645,10746907.54161691,BNT,ETH,399.73265974327006,0.024029000519312442
10945778,1601225633,5121515.784231107,13021.432020416882,10746907.54161691,BNT,ETH,393.31432796338026,0.024029521302978606
10947278,1601245381,5045185.368055349,13219.341213554892,10746907.54161691,BNT,ETH,381.65179993100566,0.024030342320359187
10948778,1601265657,4990189.0087207835,13365.384970654419,10746907.54161691,BNT,ETH,373.366649720711,0.024030661246365277
10950278,1601286213,4947491.976905882,13482.124474068443,10746907.54161691,BNT,ETH,366.9667926907145,0.024031905246617663
10951778,1601307470,4845107.001481993,13768.026640849283,10746907.54161691,BNT,ETH,351.9100542053514,0.024032780649599395
10953278,1601327568,4870122.534897641,13697.519910575284,10746907.54161691,BNT,ETH,355.54776095909324,0.02403296765000033
10954778,1601347310,4921323.085248664,13555.553984602595,10746907.54161691,BNT,ETH,363.04846639529956,0.024033446868014806
10956278,1601367509,4859769.089358057,13727.878864201695,10746907.54161691,BNT,ETH,354.00728236544376,0.024033998170282636
10957778,1601387334,4921217.6170657445,13557.340262574146,10746907.54161691,BNT,ETH,362.9928527095438,0.02403477276795581
10959278,1601408397,4865720.597408514,13459.320724472956,10646907.541616905,BNT,ETH,361.5130879941972,0.024035971030409806
10960778,1601428233,4834977.7052623555,13545.389002448712,10646907.541616905,BNT,ETH,356.94638997730493,0.02403640406764791
10962278,1601448838,4756742.431525003,13769.068042824247,10646907.541616905,BNT,ETH,345.46582359319376,0.024037185129529105
10963778,1601469350,4768983.993109965,13733.980850366748,10646907.541616905,BNT,ETH,347.23974389279965,0.024037409850781375
10965278,1601489644,4580673.388655615,14300.507706767065,10646907.541616905,BNT,ETH,320.31543792588707,0.024039028311325733
10966778,1601509178,4492742.606864305,14581.498267306293,10646907.541616905,BNT,ETH,308.1125495133546,0.024039939022676104
10968278,1601529738,4531066.285169869,14458.541425591138,10646907.541616905,BNT,ETH,313.3833594825846,0.02404024929498025
10969778,1601550099,4606736.538252371,14221.551808771903,10646907.541616905,BNT,ETH,323.92643223441485,0.024040677301729936
10971278,1601570605,4804965.29168051,13631.883490929991,10645129.788390482,BNT,ETH,352.4799265543537,0.02404208340374759
10972778,1601589789,4715760.206469089,13890.534268972333,10645129.788390482,BNT,ETH,339.49451584470813,0.024042762753131122
10974278,1601610116,4717470.830197591,13885.934189770305,10645129.788390482,BNT,ETH,339.7301734061888,0.024043140937078294
10975778,1601630360,4836348.614541178,13545.280011534765,10645129.788390482,BNT,ETH,357.05047148694484,0.024043729419593825
10977278,1601650758,4816215.53417896,13602.868583020689,10645129.788390482,BNT,ETH,354.05881522597633,0.024044582878508438
10978778,1601671350,4798580.270968917,13653.390224495644,10645129.788390482,BNT,ETH,351.4570514772038,0.02404504934393848
10980278,1601691810,4805044.7449024,13635.07786350967,10645129.788390482,BNT,ETH,352.403176058254,0.024045098939392762
10981778,1601712272,4819246.793860806,13595.029144257165,10645129.788390482,BNT,ETH,354.4859479684573,0.024045216634088196
10983278,1601732367,4826965.330273494,13573.463534153278,10645129.788390482,BNT,ETH,355.6178066215731,0.024045370274768045
10984778,1601752827,4745465.292872,13807.234495700346,10645129.788390482,BNT,ETH,343.69411878604404,0.024045941724174746
10986278,1601772913,4717972.7693006145,13888.24847379412,10645129.788390482,BNT,ETH,339.70970336561925,0.02404642358367429
10987778,1601792936,4753163.768690361,13785.958065068584,10645129.788390482,BNT,ETH,344.7829847048584,0.02404688933352892
10989278,1601813326,4692487.246251742,13966.664475400356,10645129.788390482,BNT,ETH,335.9776598425969,0.02404899542149427
10990778,1601833464,4605053.340524976,14233.241862896542,10645129.788390482,BNT,ETH,323.54212658533595,0.024050177517900916
10992278,1601854436,4439233.281985202,14766.707833765151,10645129.788390482,BNT,ETH,300.6244405970146,0.024051649381446424
10993778,1601874984,4409760.79766677,14866.38501283195,10645129.788390482,BNT,ETH,296.62630113914554,0.024052445725924534
10995278,1601894778,4442607.192683416,14481.532732523558,10545129.788390482,BNT,ETH,306.77741608841745,0.024053279258061736
10996778,1601914821,4431578.457457258,14517.865527946507,10545129.788390482,BNT,ETH,305.2500003479566,0.024053522019413087
10998278,1601934424,4430976.645816663,14520.291755802215,10545129.788390482,BNT,ETH,305.15754919635646,0.024053898414553684
10999778,1601955083,4464169.01203715,14412.592287312953,10545129.788390482,BNT,ETH,309.74087957562267,0.02405411790979615
11001278,1601974886,4544611.656996235,14158.023165710414,10545129.788390482,BNT,ETH,320.9919636240543,0.024054579479224868
11002778,1601995210,4708294.382980419,13667.388737221452,10545129.788390482,BNT,ETH,344.49114410260086,0.024055957547924427
11004278,1602015508,4812436.915222159,13372.512695435813,10545129.788390482,BNT,ETH,359.87529231246845,0.024056758300294422
11005778,1602035271,4839042.758411406,13299.389793962784,10545129.788390482,BNT,ETH,363.85449508428377,0.024057121297959554
11007278,1602055644,4554607.902423173,14132.53873708536,10545129.788390482,BNT,ETH,322.2781120331461,0.024059337287789143
11008778,1602076173,4545786.0534913195,14160.461265546552,10545129.788390482,BNT,ETH,321.0196312285076,0.024059758665003452
11010278,1602096670,4446391.129191425,14479.064573233652,10545129.788390482,BNT,ETH,307.0910490592832,0.024061469901616034
11011778,1602116902,4466663.426550486,14414.507920524436,10545129.788390482,BNT,ETH,309.8727650765325,0.024062436208541337
11013278,1602137661,4474704.279535789,14389.504809537782,10545129.788390482,BNT,ETH,310.96999783966334,0.024063188029100995
11014778,1602158311,4527753.852561319,14221.647901416782,10545129.788390482,BNT,ETH,318.3705491759684,0.024063812562779296
11016278,1602178609,4488995.768690976,14074.020512881169,10445129.78839048,BNT,ETH,318.9561763521979,0.024064112379863906
11017778,1602199214,4469894.719707277,14134.822084822279,10445129.78839048,BNT,ETH,316.2328250673187,0.024064673822285006
11019278,1602219667,4474899.137569489,14119.15827585286,10445129.78839048,BNT,ETH,316.9380957519711,0.024064796198154693
11020778,1602240593,4450749.145264685,14196.556795754494,10445129.78839048,BNT,ETH,313.50905781574374,0.024065463461795687
11022278,1602260183,4414370.834402619,14314.398427175114,10445129.78839048,BNT,ETH,308.3867517633276,0.02406617756644559
11023778,1602280753,4431470.242530035,14259.359148632273,10445129.78839048,BNT,ETH,310.7762555342532,0.02406634187183109
11025278,1602300706,4512105.4446284035,14006.567658133776,10445129.78839048,BNT,ETH,322.14212323517904,0.024068090789765663
11026778,1602320148,4497463.119780519,14052.58173152098,10445129.78839048,BNT,ETH,320.045327307535,0.02406844455583569
11028278,1602340790,4532832.663112324,13943.22245984414,10445129.78839048,BNT,ETH,325.0921855522767,0.024068697063626042
11029778,1602360528,4589766.565489174,13771.02926190094,10445129.78839048,BNT,ETH,333.29146850244996,0.02406936643753773
11031278,1602380181,4609822.221515303,13711.345776562977,10445129.78839048,BNT,ETH,336.2049427266976,0.024069567650487397
11032778,1602400476,4676140.519465706,13517.643196255714,10445129.78839048,BNT,ETH,345.92868383750226,0.024070240264823357
11034278,1602420138,4605153.26622712,13726.69990019195,10445129.78839048,BNT,ETH,335.48874089996843,0.024070841495866285
11035778,1602439637,4605591.176850342,13725.52487618986,10445129.78839048,BNT,ETH,335.54936648286724,0.024070955614805132
11037278,1602458843,4602730.325585024,13732.55295014187,10444493.314886501,BNT,ETH,335.16931209338424,0.02407110514990198
11038778,1602479175,4535537.297711686,13936.578574071531,10444493.314886501,BNT,ETH,325.44123176328793,0.02407160669819306
11040278,1602499099,4498310.773092643,14052.169645972383,10444493.314886501,BNT,ETH,320.11503464747483,0.02407182646455184
11041778,1602519168,4516416.591407026,13996.384002990371,10444564.935051473,BNT,ETH,322.68452983585473,0.024072132620048165
11043278,1602538888,4232463.711383437,14989.695968254508,10462140.590927007,BNT,ETH,282.3582092890368,0.024075342929110753
11044778,1602559001,4265937.4285669895,14841.269114263012,10450834.133025138,BNT,ETH,287.437509267133,0.024076414169245015
11046278,1602578701,4302388.44574504,14835.689336645668,10493308.283987822,BNT,ETH,290.0025976627659,0.02407666013393306
11047778,1602598188,4298497.613620612,14849.933512221203,10493378.738350153,BNT,ETH,289.4624147699404,0.024077159590827797
11049278,1602618177,4303773.560887221,14836.957353910972,10494772.04926274,BNT,ETH,290.0711687866893,0.02407820573019681
11050778,1602638400,4336521.753336013,14810.339369833338,10524977.306713486,BNT,ETH,292.80367215412514,0.024078648206309824
11052278,1602658120,4311392.561441958,14892.99192217257,10523587.306713484,BNT,ETH,289.4913650643421,0.02407886171481786
11053778,1602678908,4328131.157673418,14835.575186702074,10523587.306713484,BNT,ETH,291.7400305148233,0.024079008081744582
11055278,1602697689,4320474.920762856,14911.919539204224,10541189.138655772,BNT,ETH,289.73298235710695,0.024079247697043435
11056778,1602717366,4395923.667589614,14796.147974773594,10591309.636610506,BNT,ETH,297.0991960261792,0.02407962612277825
11058278,1602736806,4414187.787534221,14741.086419811407,10593453.351639342,BNT,ETH,299.4479281799567,0.02407978417527202
11059778,1602757220,4436987.213328544,14665.556591342462,10593453.351639342,BNT,ETH,302.54475414508556,0.02407996243679649
11061278,1602776877,4425991.767871555,14711.893143997499,10596923.870230207,BNT,ETH,300.8444749122838,0.024080182138311045
11062778,1602796437,4488340.008889298,14554.305865331728,10613745.697309203,BNT,ETH,308.3857141947592,0.024080746476170097
11064278,1602816399,4484325.061290633,14567.487562287,10613745.697309203,BNT,ETH,307.83105474549126,0.024080871117349748
11065778,1602835979,4562161.409570069,14321.140078917177,10614341.12849741,BNT,ETH,318.56132852762477,0.024081363793988033
11067278,1602855833,4489606.293720825,14279.883399423265,10514341.12849741,BNT,ETH,314.4007670190186,0.024081547772042015
11068778,1602875698,4577591.144783098,14006.270698208175,10514341.12849741,BNT,ETH,326.8244091104644,0.02408228517059909
11070278,1602895889,4603370.319223751,13928.39205636268,10514338.514020232,BNT,ETH,330.5026381075243,0.02408277303799595
11071778,1602915424,4641503.073850434,13874.01444869366,10537071.936900638,BNT,ETH,334.5465071421679,0.02408299233367953
11073278,1602935599,4629597.676880351,13909.921814990237,10537071.936900638,BNT,ETH,332.8270092712668,0.02408319073171109
11074778,1602955343,4660404.579430938,13818.213423924068,10537090.700788671,BNT,ETH,337.2653494671155,0.024083357907845847
11076278,1602975254,4619253.81038732,13937.365033931857,10535481.597718637,BNT,ETH,331.4294918114939,0.024083625061665646
11077778,1602995644,4591032.726830645,14024.036678707304,10535783.394333672,BNT,ETH,327.36884764435985,0.02408379270176207
11079278,1603016068,4573038.260599862,14079.145444332504,10535669.454919348,BNT,ETH,324.80936280409816,0.02408398946330304
11080778,1603035829,4580984.452465368,14069.823043777342,10541296.829456775,BNT,ETH,325.589343818464,0.024084059080240763
11082278,1603055492,4654297.630164876,14016.344066364849,10604984.26609135,BNT,ETH,332.06217028688934,0.024084321852610335
11083778,1603075346,4689958.255065154,13898.005267280148,10600419.937471867,BNT,ETH,337.45549558156006,0.024084501085995542
11085278,1603094870,4807216.862431111,13700.760171750755,10655428.486196088,BNT,ETH,350.8722729373066,0.024085089840382087
11086778,1603115448,4741699.351112792,13891.178112424142,10655737.671528334,BNT,ETH,341.3460912197116,0.02408535360026375
11088278,1603134207,4793174.388515852,13764.958960501062,10664489.192990022,BNT,ETH,348.21566866054604,0.024085685820687684
11089778,1603154168,4865175.994707873,13561.757044318274,10664489.192990022,BNT,ETH,358.74230594229294,0.024086139595167852
11091278,1603173593,5051540.314561152,13063.227589091613,10664489.192990022,BNT,ETH,386.6992502510954,0.02408779795902939
11092778,1603193894,5073441.735894098,13011.925716259906,10666440.536187468,BNT,ETH,389.9070626843685,0.02408810356260134
11094278,1603213906,5162558.574722421,12788.856935929318,10666440.536187468,BNT,ETH,403.6763098208259,0.024089558695602017
11095778,1603233321,5218173.936723834,12655.219662105901,10667284.817117432,BNT,ETH,412.33373074896906,0.024090190183293086
11097278,1603253837,5217606.300636054,12656.770169900174,10667284.817117432,BNT,ETH,412.2383697101775,0.02409035550533068
11098778,1603273659,5206208.348836538,12684.805539961058,10667284.817117432,BNT,ETH,410.4287079873139,0.02409066498116747
11100278,1603293537,5184067.25766648,12750.84394119526,10672009.168652046,BNT,ETH,406.56659916586875,0.024091208662387724
11101778,1603313866,5154209.971200989,12825.042683494481,10671938.714289725,BNT,ETH,401.88637951547184,0.024091683019999595
11103278,1603333532,5182867.318520246,12758.134279032589,10673546.943456804,BNT,ETH,406.2402233089874,0.024091834183853404
11104778,1603353329,5197946.296763441,12741.373750366218,10681923.050952313,BNT,ETH,407.9580741137932,0.024092095533987352
11106278,1603373254,5159536.38318619,12617.322503106552,10590331.258906687,BNT,ETH,408.92482394072465,0.024092362930941257
11107778,1603393029,5204210.9929778455,12444.474754371764,10562547.801443215,BNT,ETH,418.1945076588787,0.024093342032852728
11109278,1603412429,5246687.289940631,12340.0830383068,10560843.686765084,BNT,ETH,425.17439093833974,0.02409367327148062
11110778,1603432240,5252666.657977048,12326.18182367935,10560843.686765084,BNT,ETH,426.13898878940387,0.024093816068589523
11112278,1603453168,5251599.414375246,12328.8213829505,10560843.686765084,BNT,ETH,425.9611889290302,0.024093947592611326
11113778,1603472249,5271755.355415923,12291.27909057474,10564856.208542535,BNT,ETH,428.90209526349753,0.02409420346477135
11115278,1603492543,5308831.474497695,12206.580239976221,10565115.746499939,BNT,ETH,434.91554310284346,0.024094738395677696
11116778,1603512244,5332405.01860059,12152.785631655961,10565115.746499939,BNT,ETH,438.78047224914195,0.02409490528856238
11118278,1603531796,5321186.278190563,12178.631245904107,10565115.746499939,BNT,ETH,436.9281055274725,0.024095126587902294
11119778,1603552040,5325443.796609563,12169.003078688578,10565115.746499939,BNT,ETH,437.6236707455474,0.024095233759121582
11121278,1603571616,5317584.688836003,12186.681702675447,10564921.171199936,BNT,ETH,436.34393829032126,0.02409537450520122
11122778,1603591429,5385263.680568061,12339.352695601761,10698295.932196002,BNT,ETH,436.4299986730734,0.024095451484897407
11124278,1603611526,5391546.909892376,12325.090212813082,10698295.932196002,BNT,ETH,437.44482326688035,0.024095566455883035
11125778,1603631262,5408181.429178195,12287.527580137934,10698382.91749595,BNT,ETH,440.1358527097186,0.024095710736219352
11127278,1603651838,5413709.601651068,12275.339758155304,10698456.98231036,BNT,ETH,441.0231984051105,0.02409589676867168
11128778,1603671230,5428156.252231325,12242.37840555085,10698271.959546994,BNT,ETH,443.39066090051017,0.024096026715160455
11130278,1603691939,5432188.61669668,12233.394723225952,10698271.959546994,BNT,ETH,444.04588747416864,0.024096129090364196
11131778,1603711814,5407085.001665339,12292.273211439639,10699055.075789038,BNT,ETH,439.8767346493168,0.02409640630650464
11133278,1603731879,5494151.927306935,12098.328174484699,10699055.075789038,BNT,ETH,454.12488800676346,0.02409725589482611
11134778,1603751616,5471146.217992619,12149.48233944817,10699055.075789038,BNT,ETH,450.31928646279414,0.024097535274509804
11136278,1603771695,5488932.695007908,12116.202732828946,10701690.07447745,BNT,ETH,453.02417069463536,0.024097658697560035
11137778,1603791132,5510662.840608076,12068.611077897363,10701690.07447745,BNT,ETH,456.611187902176,0.024097844449522236
11139278,1603810490,5532762.067457819,12020.617702663656,10701690.07447745,BNT,ETH,460.27269182945656,0.024098056607735736
11140778,1603830319,5584093.454850032,11908.009529730092,10700588.948162766,BNT,ETH,468.9359242540513,0.024098401972953
11142278,1603850395,5631725.028599687,11807.596944798177,10700588.948162766,BNT,ETH,476.9577632882139,0.024098710228152357
11143778,1603870230,6005903.337504608,11077.621272722941,10701525.177565867,BNT,ETH,542.1654333221597,0.02410275843000345
11145278,1603890309,5966487.975422312,11152.835976240323,10701525.177565867,BNT,ETH,534.9749595648267,0.02410495720661372
11146778,1603909421,6004729.329210932,10877.23720628187,10601525.177565867,BNT,ETH,552.0454519225759,0.024106694744659447
11148278,1603929679,6039123.667292672,10816.378459621024,10601912.873540306,BNT,ETH,558.3313943606469,0.02410702775797288
11149778,1603949620,6041554.972828745,10828.103880021645,10609739.734765502,BNT,ETH,557.9513310705944,0.024107148441587737
11151278,1603969567,6207184.335874844,10490.651575604144,10584932.127119957,BNT,ETH,591.6872075238454,0.024107960733734685
11152778,1603989351,6226120.161298645,10458.969186768298,10584932.127119957,BNT,ETH,595.2900376812798,0.024108218182998995
11154278,1604008898,6263129.862494524,10397.522305940627,10584932.127119957,BNT,ETH,602.3675331685591,0.024108631627130016
11155778,1604028976,6376321.955369371,10213.302903771628,10584932.127119957,BNT,ETH,624.3153674620465,0.02410905275737494
11157278,1604048922,6609720.474019032,9854.37963932952,10584932.127119957,BNT,ETH,670.7393784220749,0.024111160493275312
11158778,1604069475,6605664.352835298,9863.084124001221,10586014.73271025,BNT,ETH,669.7361869560466,0.024111938422066995
11160278,1604089187,6578166.445405916,9946.532572357779,10608423.870263005,BNT,ETH,661.3527274506871,0.024112232329315416
11161778,1604109103,6539845.397381,10004.96954686539,10608423.870263005,BNT,ETH,653.6597004865415,0.024112417920044815
11163278,1604129197,6525550.305617273,10027.118003660602,10608423.870263005,BNT,ETH,650.7902174119213,0.02411269594815302
11164778,1604148966,6501335.289597611,10064.662893151859,10608423.870263005,BNT,ETH,645.9565867845621,0.02411293273335719
11166278,1604168462,6775432.389386978,10347.838764141732,10980891.092470782,BNT,ETH,654.7678741251574,0.024113250078056685
11167778,1604188287,6770086.744186262,10355.826581453364,10980732.364804365,BNT,ETH,653.7466315157365,0.024113385800192413
11169278,1604208693,6809093.8571194,10297.624906018127,10981265.68081737,BNT,ETH,661.2295475182862,0.024113530208848134
11170778,1604228400,6814074.009898517,10298.153287840849,10985528.032198254,BNT,ETH,661.6792175684523,0.024113606108549693
11172278,1604248303,6805153.583161739,10312.105180274886,10985739.250907172,BNT,ETH,659.9189461506575,0.024113671811266297
11173778,1604268195,6801313.201194517,10318.132681658715,10985820.927242327,BNT,ETH,659.1612466162973,0.024113731775836433
11175278,1604288539,6684386.001587589,10499.144410697021,10985820.927242327,BNT,ETH,636.6600686792367,0.024114329984172633
11176778,1604308628,6714508.6891861465,10462.958688992041,10991461.12456088,BNT,ETH,641.7409156217356,0.024114538072819606
11178278,1604328272,6780929.499608168,10360.748999273423,10991461.12456088,BNT,ETH,654.4825572054395,0.024114860982041703
11179778,1604348004,6763129.1433992805,10388.30094512355,10991461.12456088,BNT,ETH,651.0332323953332,0.0241151891813872
11181278,1604367796,7082286.289191829,10883.957728037325,11512969.79373931,BNT,ETH,650.7087280344444,0.0241153071152275
11182778,1604387570,7169285.243708417,10752.197761538548,11512969.79373931,BNT,ETH,666.7739380086098,0.024115661906504007
11184278,1604407517,7139192.483812229,10798.703873936438,11513503.437911438,BNT,ETH,661.1156826925552,0.024115866257931513
11185778,1604428204,7204828.850294493,10700.515678626849,11513503.437911438,BNT,ETH,673.3160407105779,0.024116078740604303
11187278,1604447552,7250216.846203641,10633.895624683066,11513593.822342506,BNT,ETH,681.802521116971,0.02411630625338621
11188778,1604467199,7431429.277302564,10383.341646431263,11518038.149143081,BNT,ETH,715.7069015307546,0.024117163847423222
11190278,1604487674,7408631.868986868,10235.385602005965,11418038.14914308,BNT,ETH,723.8253796256489,0.02411735201480203
11191778,1604507712,7505831.937640308,10125.632347498238,11430766.884795206,BNT,ETH,741.2704392229676,0.024117657715164387
11193278,1604526953,7518186.644353627,10107.121501658748,11429639.602001198,BNT,ETH,743.8504269608085,0.02411780383086261
11194778,1604547081,7484467.662399745,10151.899438019387,11429124.84813356,BNT,ETH,737.2480103939985,0.024117991339092187
11196278,1604567128,7453229.359439349,10194.69698932339,11429124.84813356,BNT,ETH,731.0888560243526,0.024118285244376193
11197778,1604586756,7460405.460246195,10184.894973769227,11429021.609633328,BNT,ETH,732.4970438536832,0.024118508050995874
11199278,1604606615,7427866.753175881,10229.786261507248,11429021.609633328,BNT,ETH,726.1018523060975,0.02411883232132163
11200778,1604626297,7431685.500462539,10225.194675362362,11429021.609633328,BNT,ETH,726.801370185079,0.02411961659715341
11202278,1604645903,7273942.143444378,10447.69205132844,11429021.609633328,BNT,ETH,696.2247841636455,0.02412048571207713
11203778,1604665315,7171069.519928963,10597.99332466119,11429021.609633328,BNT,ETH,676.6440872577372,0.024120968045984268
11205278,1604685347,7022975.811648955,10802.084933375567,11418446.739030095,BNT,ETH,650.1500270517064,0.024121668774498888
11206778,1604705581,7043592.263403538,10776.884990853354,11421675.421286961,BNT,ETH,653.5833192412866,0.024122033354593255
11208278,1604725284,7021507.6247939225,10811.490056146626,11421675.421286961,BNT,ETH,649.4486503090297,0.024122823997068273
11209778,1604744882,6934481.049228969,10947.584150568438,11421675.421286961,BNT,ETH,633.4256904404709,0.024123277602794084
11211278,1604765426,7161835.70357395,10601.84242235035,11421675.421286961,BNT,ETH,675.5274619509223,0.024125317360971055
11212778,1604785327,7217470.1951709725,10520.487943000857,11421675.421286961,BNT,ETH,686.0394911599763,0.024125739086496574
11214278,1604805230,7209324.020976829,10532.459028658219,11421675.421286961,BNT,ETH,684.4863104960267,0.024125834676982913
11215778,1604825457,7208738.52134998,10532.128774743007,11421004.991781073,BNT,ETH,684.452182035334,0.024125892888034395
11217278,1604845769,7141367.110404255,10635.553870509966,11423100.001088563,BNT,ETH,671.4617026392658,0.024126079614484496
11218778,1604865265,7141051.6424035225,10636.218228751133,11423100.001088563,BNT,ETH,671.3901020853724,0.024126300225873785
11220278,1604884527,7182464.7219742285,10575.071172243177,11423100.001088563,BNT,ETH,679.1883104131099,0.0241265054194638
11221778,1604904838,7174969.648426156,10586.221843080186,11423100.001088563,BNT,ETH,677.7649056274182,0.024126623707162613
11223278,1604924746,7154324.947131607,10616.905000389517,11423100.001088563,BNT,ETH,673.861633580514,0.02412677742707152
11224778,1604944201,7160011.771407108,10608.78691771584,11423100.001088563,BNT,ETH,674.913336175171,0.024127134911220545
11226278,1604964083,7107429.219837578,10692.578089369788,11425678.596708922,BNT,ETH,664.7067863739571,0.024127675528971652
11227778,1604983735,7049839.271702251,10780.535821373294,11425785.150358206,BNT,ETH,653.941454164585,0.024128133546864477
11229278,1605004366,7042385.06876665,10792.253297604402,11425786.770872338,BNT,ETH,652.5407507188397,0.02412847278119733
11230778,1605024791,6938097.677647678,10764.075528942,11325786.770872338,BNT,ETH,644.5604788811459,0.024129048264698853
11232278,1605044718,6836216.405560949,10949.428824398574,11338379.267323634,BNT,ETH,624.3445676661994,0.024129740619514548
11233778,1605064317,6797610.932360378,11012.24303231003,11338379.267323634,BNT,ETH,617.277598434408,0.024130430251675057
11235278,1605084170,6811392.375387773,10990.428482637812,11338379.267323634,BNT,ETH,619.7567625455283,0.02413094232845637
11236778,1605103847,6936566.953622385,10792.662884121002,11338482.447842233,BNT,ETH,642.7113519711615,0.02413135257792592
11238278,1605123903,6936754.506805047,10792.661363885361,11338482.447842233,BNT,ETH,642.7288203461072,0.024131677111878358
11239778,1605143840,6987279.78992789,10714.633735975824,11338367.245164596,BNT,ETH,652.1249313886632,0.02413193864300405
11241278,1605163481,7018342.419004302,10667.532840120452,11338367.245164596,BNT,ETH,657.9161765135053,0.024132301988264545
11242778,1605183757,7104049.974202278,10539.067522365305,11338364.787749216,BNT,ETH,674.0681715082039,0.02413257541510818
11244278,1605203950,7180816.355986441,10426.36193940688,11338184.066678163,BNT,ETH,688.7173491307873,0.0241329162288689
11245778,1605223486,7193662.227703718,10407.59023226133,11338027.104536055,BNT,ETH,691.1938371098514,0.02413307277623149
11247278,1605243080,7154806.485617921,10464.374842833548,11338027.104536055,BNT,ETH,683.7299497654978,0.024133377103622237
11248778,1605262886,7117427.941346383,10519.546571519408,11338027.104536055,BNT,ETH,676.5907535041565,0.02413362493010635
11250278,1605282976,7061890.717125366,10602.653046860782,11338081.019298788,BNT,ETH,666.0494015897503,0.024133939256466244
11251778,1605302792,7067504.684729872,10560.489669281567,11319857.648478942,BNT,ETH,669.240244161015,0.02413426711144555
11253278,1605322735,7060517.3394685965,10571.409760483186,11319857.648478942,BNT,ETH,667.8879638041656,0.024134802539217202
11254778,1605342958,7085585.027553382,10534.101814211235,11319857.648478942,BNT,ETH,672.6330495490784,0.024134907980052918
11256278,1605362681,7154861.4513439,10432.789705111636,11319880.564969191,BNT,ETH,685.8052020197736,0.024135649824566303
11257778,1605382632,7145722.34759443,10446.2498864319,11319850.56496919,BNT,ETH,684.0466603116247,0.024135849004558403
11259278,1605401830,7139096.900714176,10456.208894134323,11319882.311975235,BNT,ETH,682.7615030452419,0.024136086420822746
11260778,1605421810,7069496.409266078,10559.464792496652,11319866.801016662,BNT,ETH,669.4938188808133,0.02413647676120777
11262278,1605441613,6863010.898095789,10878.279107796467,11319866.801016662,BNT,ETH,630.891231056672,0.02413771340062073
11263778,1605461269,6740161.449502186,11078.159368365563,11319866.801016662,BNT,ETH,608.4188921084829,0.024139464818766405
11265278,1605480641,6794872.807400255,10989.318025029153,11319866.801016662,BNT,ETH,618.3161495485275,0.0241398585019198
11266778,1605501015,6710424.543375171,11128.11763119145,11319866.801016662,BNT,ETH,603.0152417302143,0.024140404108886734
11268278,1605521920,6773505.177570069,11024.882119772035,11319866.801016662,BNT,ETH,614.3834558940506,0.02414084092233945
11269778,1605541760,6823035.587745116,10945.78538194362,11319969.27454436,BNT,ETH,623.3481974715609,0.024141654731089465
11271278,1605561265,6818582.795338169,10953.815661466642,11319969.27454436,BNT,ETH,622.4847127311623,0.02414262702654413
11272778,1605580977,6580277.4422321655,11845.15218944284,11562771.518220415,BNT,ETH,555.5249385564612,0.024145181869920422
11274278,1605601179,8404245.000150392,15319.772960313096,14860377.737733763,BNT,ETH,548.5880908236796,0.024146026215749242
11275778,1605620554,8226899.410087597,15844.179036818688,14951199.330694625,BNT,ETH,519.2379731994909,0.02414776454943244
11277278,1605640154,8240032.789582486,15519.829612197556,14808560.904317876,BNT,ETH,530.9357767115154,0.024148774081449133
11278778,1605660296,8038481.676482326,16079.776120076618,14886884.200835124,BNT,ETH,499.9125371183355,0.024150337354462228
11280278,1605680429,8038494.776432154,16081.492297634493,14886543.482837573,BNT,ETH,499.8600022719643,0.024152198543917307
11281778,1605700408,8040452.845276326,16087.079192289411,14890433.001639102,BNT,ETH,499.8081223551222,0.02415302481958499
11283278,1605720584,8058074.924754338,16054.830555878438,14890431.124774415,BNT,ETH,501.90968361256813,0.024155233590488354
11284778,1605740605,8059199.818071972,16261.863908283494,14986613.03516288,BNT,ETH,495.5889351630082,0.024156145081240674
11286278,1605760349,8134415.006981549,16143.105571672002,15001038.91229526,BNT,ETH,503.89405996674265,0.02415657556496116
11287778,1605780239,8100507.969708906,16211.635540578793,15001038.91229526,BNT,ETH,499.67246977843786,0.02415728956306234
11289278,1605799581,8046263.429666591,16331.804230109332,15005787.406818384,BNT,ETH,492.6744967241581,0.02415769071835187
11290778,1605819421,7889671.933788285,16717.941126955317,15032963.987660278,BNT,ETH,471.92844345332117,0.024158849653750827
11292278,1605839377,7946579.260498356,16659.843851975656,15060345.736836417,BNT,ETH,476.99002050106174,0.024159649591704132
11293778,1605859474,8083207.551033856,16379.322131444125,15060345.736836417,BNT,ETH,493.5007374643519,0.024160442562044228
11295278,1605879489,8141058.0317290565,16282.612218710914,15069115.543562647,BNT,ETH,499.98476426122124,0.024160988708589067
11296778,1605899437,8166565.222561224,16240.694432470065,15072693.448632015,BNT,ETH,502.8458146613354,0.024161903673826854
11298278,1605919489,8198050.946704023,16180.684812029243,15073524.483624931,BNT,ETH,506.65661200008833,0.02416233742227861
11299778,1605939336,8039100.475856251,16518.416113525196,15080918.749553736,BNT,ETH,486.67501899736476,0.02416351606418048
11301278,1605959077,7768808.008821585,17204.058864813313,15128174.782808322,BNT,ETH,451.5683229095884,0.024166075104248924
11302778,1605979261,7848574.326062381,17130.810556887103,15172369.893861387,BNT,ETH,458.15545621727847,0.024167455182863524
11304278,1605998135,7936616.642412591,16950.471852797218,15176288.111812621,BNT,ETH,468.22393567190676,0.02416812925988044
11305778,1606017941,8096740.539736015,16615.71315165639,15175815.411484644,BNT,ETH,487.29419350434955,0.02416921632512091
11307278,1606038677,8116693.943786656,16576.053520323843,15175815.411484644,BNT,ETH,489.6638354741558,0.024170081781121913
11308778,1606058242,8053562.708809242,16708.83870646257,15176015.308075069,BNT,ETH,481.994161909907,0.02417182268250127
11310278,1606077966,8207552.874749317,16387.81648522904,15172063.759750463,BNT,ETH,500.83260830673174,0.024172564707398658
11311778,1606098406,8246543.779191151,16317.557937346068,15174983.86601559,BNT,ETH,505.3785505683574,0.024173265840335655
11313278,1606118428,8353361.378425299,16130.057640123365,15184271.405105127,BNT,ETH,517.8754822082218,0.024174340609407294
11314778,1606138448,8408481.432234958,16237.012243054227,15284056.139177997,BNT,ETH,517.8589081764035,0.024175375010366276
11316278,1606158679,8521567.845906802,16107.02931444471,15324252.441542674,BNT,ETH,529.0589393951558,0.024176207802996702
11317778,1606178569,8590990.35643733,15977.883830092542,15324252.441542674,BNT,ETH,537.6801113209477,0.024176974238167188
11319278,1606197907,8587797.742315015,15839.389453813272,15254409.296660373,BNT,ETH,542.179846474293,0.024177685689085376
11320778,1606217538,8794267.87185252,16039.722023206403,15533176.513851259,BNT,ETH,548.2805661550058,0.024178980571462564
11322278,1606237776,8840088.475965153,16139.17812648965,15621291.057534939,BNT,ETH,547.7409324490748,0.024179765739987796
11323778,1606257190,8893445.010422619,16213.29291544699,15703929.065137539,BNT,ETH,548.5279922346627,0.02418033434484168
11325278,1606276900,8951947.712548083,16141.05914846898,15719402.082129547,BNT,ETH,554.607205772937,0.024181807527684132
11326778,1606296976,8984617.136044187,16144.85134163499,15749588.918622486,BNT,ETH,556.5004561469264,0.02418229919073999
11328278,1606317726,8807723.602986993,16470.474851603652,15749540.343754834,BNT,ETH,534.7583286057734,0.024183380863267157
11329778,1606337273,8768943.105009617,16703.158787764514,15824741.07687844,BNT,ETH,524.9871127030829,0.02418445573509666
11331278,1606357275,8765614.227086538,16717.46794072185,15827693.248896869,BNT,ETH,524.3386294005984,0.024185707793193838
11332778,1606377065,8803887.366553923,16648.71940199616,15827693.248896869,BNT,ETH,528.802675687978,0.0241885609125723
11334278,1606397481,8858648.280772472,16548.9836553667,15827693.248896869,BNT,ETH,535.2986301306597,0.02419088563325327
11335778,1606416874,8854026.547046844,16559.39991508758,15827479.161991972,BNT,ETH,534.6828141386799,0.02419251153511633
11337278,1606436266,8948268.648822974,16386.466402916885,15827479.161991972,BNT,ETH,546.0767702321796,0.02419359535274947
11338778,1606456410,8929443.764550438,16422.012177486107,15827479.161991972,BNT,ETH,543.7484559165248,0.024194332107767596
11340278,1606475989,8904661.314092955,16468.46104207022,15827479.161991972,BNT,ETH,540.7099844572706,0.024194879355619914
11341778,1606496686,8864529.065204524,16543.715771490974,15827479.161991972,BNT,ETH,535.824550399999,0.024195389276065862
11343278,1606517048,8897841.95449918,16486.675030578623,15829635.370357435,BNT,ETH,539.6989955825494,0.02419568775831143
11344778,1606536627,8931104.58708941,16621.53901362721,15923818.672275878,BNT,ETH,537.3211577921408,0.02419585541637531
11346278,1606556806,8903730.406774087,16607.71363465044,15892538.242784712,BNT,ETH,536.1201790111124,0.024196227517599294
11347778,1606576578,8911898.521277538,16598.559427321743,15895167.611568755,BNT,ETH,536.9079503735894,0.024196647814346828
11349278,1606595755,8957356.763311842,16514.922535860474,15895167.611568755,BNT,ETH,542.3795808827957,0.024197087485828557
11350778,1606615366,8966078.481215259,16563.43590341945,15925973.746086886,BNT,ETH,541.317546280615,0.024197499427047884
11352278,1606634980,9050390.200403772,16410.185938023933,15925973.746086886,BNT,ETH,551.5105212448065,0.024198274972217104
11353778,1606654576,9090684.53566795,16338.764575122717,15926323.728858154,BNT,ETH,556.3875098310284,0.024198718187183825
11355278,1606675197,9152370.251540512,16231.423659656335,15927494.691930696,BNT,ETH,563.8673750035241,0.024199011622721357
11356778,1606695466,9265822.167762784,15771.946119161652,15796971.195395872,BNT,ETH,587.4875616335991,0.024199745381128047
11358278,1606715448,9242467.095906865,15815.75508210486,15798676.032535836,BNT,ETH,584.3835496899221,0.02420015950835344
11359778,1606734334,9250562.344582155,15820.372361915697,15807672.980366176,BNT,ETH,584.7246912374192,0.024200507578286623
11361278,1606754504,9325318.66379264,15690.077930607587,15805360.942945579,BNT,ETH,594.3449551388891,0.024201371198174264
11362778,1606774144,9304480.120990047,15684.485336728001,15784620.274091933,BNT,ETH,593.2282712013482,0.024201765789829126
11364278,1606794097,9374356.128896229,15554.0252598347,15777300.779854424,BNT,ETH,602.6964706752608,0.02420245487280178
11365778,1606814595,9356116.468493247,15584.97474708351,15777300.779854424,BNT,ETH,600.3292671516264,0.02420294178109939
11367278,1606833787,9447614.308523854,15434.257573567022,15776384.140319891,BNT,ETH,612.1197772871177,0.024204520138901953
11368778,1606853767,9319650.012438556,15252.680555562807,15576384.140319888,BNT,ETH,611.0171899613794,0.024205064257647957
11370278,1606874290,9312051.88194675,15266.31930744165,15576682.305422708,BNT,ETH,609.9736088585242,0.024205547039584017
11371778,1606895321,9325800.921450814,15244.637621568007,15576682.305422708,BNT,ETH,611.743037319348,0.02420620240748699
11373278,1606914619,9316522.056373606,15260.396110004964,15576682.305422708,BNT,ETH,610.5032916062737,0.024206658827901104
11374778,1606934488,9284177.121460095,15314.066751295486,15576687.333623422,BNT,ETH,606.2515772092155,0.024207050376531376
11376278,1606954275,9238385.34931227,15390.411796074468,15576569.276751747,BNT,ETH,600.2688863509582,0.02420757833591845
11377778,1606973701,9213244.517529693,15444.175124643092,15582307.864285313,BNT,ETH,596.5514145736939,0.024207886634469045
11379278,1606993820,9397327.64431675,15568.606565510754,15799897.693481209,BNT,ETH,603.607497226805,0.02420877318887026
11380778,1607013464,9373744.851450725,15689.279061958563,15840557.246221043,BNT,ETH,597.4617963281072,0.024209599368479794
11382278,1607033360,9302832.234802367,15876.857071660768,15873799.719796738,BNT,ETH,585.9366367545981,0.024210790271440928
11383778,1607053586,9250642.074201575,15968.057113016483,15873799.719796738,BNT,ETH,579.321705122212,0.024212023174628585
11385278,1607073892,9223369.655745538,16019.92077561613,15875399.280441215,BNT,ETH,575.7437745749903,0.02421309647081082
11386778,1607093391,9210773.845556643,16042.690001621682,15875399.280441215,BNT,ETH,574.1414840419884,0.02421374688885629
11388278,1607112782,9196103.303768862,16068.759366515913,15875399.280441215,BNT,ETH,572.2970326465717,0.02421410588521327
11389778,1607133509,9234197.428998945,16003.607798522473,15875383.723350216,BNT,ETH,577.0072314476171,0.024214990119589268
11391278,1607153208,9281420.629539782,15922.504542705256,15875383.723350216,BNT,ETH,582.912104351823,0.024215234934162885
11392778,1607173043,9280306.648104345,15924.637377681896,15875383.723350216,BNT,ETH,582.7640798345923,0.024215403376768436
11394278,1607193011,9289187.123424975,15910.09272325783,15875383.723350216,BNT,ETH,583.8549960080229,0.02421592036118242
11395778,1607213364,9286342.302935712,15914.74213977498,15874934.174066762,BNT,ETH,583.5056717461218,0.024216435268046347
11397278,1607232807,9299236.343008466,15918.312972352614,15887603.025631296,BNT,ETH,584.1847913883619,0.024216634249800598
11398778,1607252770,9274152.66619143,15956.448515982936,15884996.11382628,BNT,ETH,581.2165944634787,0.02421687639486619
11400278,1607272156,9275507.85167978,15954.518080286109,15884997.83364232,BNT,ETH,581.3718599962529,0.02421717800493663
11401778,1607292358,9263426.02930187,15977.73791626764,15885936.99470354,BNT,ETH,579.7708084741062,0.02421757368251084
11403278,1607312688,9258295.124886792,16012.453497711165,15898601.517276557,BNT,ETH,578.1934121594908,0.024217846753788685
11404778,1607331904,9574936.807619829,16501.895914569275,16413305.256508758,BNT,ETH,580.2325294735534,0.024218031141744752
11406278,1607352156,9568662.133675842,16524.69494746704,16419128.550617354,BNT,ETH,579.0522708041009,0.02421822069006208
11407778,1607372398,9554770.21487332,16549.416367320417,16419128.550617354,BNT,ETH,577.3478654957771,0.024218729784909285
11409278,1607392420,9550593.923084097,16557.939698832302,16419623.554574147,BNT,ETH,576.798448164274,0.024218940611595276
11410778,1607412139,9567296.863687549,16529.34091090846,16419623.554574147,BNT,ETH,578.8069176656437,0.024219166751772457
11412278,1607432426,9535640.632257033,16584.731886056306,16419623.554574147,BNT,ETH,574.965015881515,0.024219544398548676
11413778,1607452862,9449208.92274389,16331.66693362518,16219623.554574149,BNT,ETH,578.5820247955808,0.024219892575131415
11415278,1607472510,9404169.009704787,16410.860893978384,16219623.554574149,BNT,ETH,573.0454404835914,0.024220612667565075
11416778,1607491488,9439257.28741274,16349.824924469021,16219232.805257484,BNT,ETH,577.3307867832897,0.024221172220546757
11418278,1607511987,9507764.3142805,16232.950598600266,16219232.805257484,BNT,ETH,585.7077095460597,0.024221867813096726
11419778,1607531495,9535930.194525424,16369.926939071893,16311285.034658482,BNT,ETH,582.5273521389382,0.024222375102369735
11421278,1607551318,9589281.78880173,16303.5779215523,16323261.238862747,BNT,ETH,588.1703902629438,0.02422298002427828
11422778,1607570661,9580103.692602187,16319.689366248414,16323261.238862747,BNT,ETH,587.0273310725687,0.02422334517251017
11424278,1607591204,9564774.379509121,16345.489900326293,16322961.23886275,BNT,ETH,585.1629065775622,0.024223527492439296
11425778,1607611571,9549437.101707142,16367.606895970563,16320599.033476323,BNT,ETH,583.4351449421758,0.024223973579010235
11427278,1607631268,9609508.971441073,16266.316579325054,16320798.699311484,BNT,ETH,590.7612165654657,0.02422444301580055
11428778,1607651623,9445483.70642954,16550.58093137107,16320798.699311484,BNT,ETH,570.7040584011128,0.024225754648834575
11430278,1607671787,9451731.940468969,16540.082911710244,16320798.699311484,BNT,ETH,571.4440484320196,0.02422607910429397
11431778,1607692051,9488710.731062658,16434.044715836477,16299873.24049756,BNT,ETH,577.3813382605058,0.024226552018083585
11433278,1607712080,9513534.566684648,16621.87172813175,16413951.527815577,BNT,ETH,572.3503780012591,0.024226895550276732
11434778,1607731637,9598203.834627595,16843.55170573788,16596090.454725489,BNT,ETH,569.8444130021519,0.02422735640291336
11436278,1607752232,9609876.500031602,16841.28359911126,16604823.090215052,BNT,ETH,570.6142553492022,0.02422770320948876
11437778,1607771669,9605072.248214833,16850.89801629731,16605359.894820655,BNT,ETH,570.003583128051,0.024227776037840765
11439278,1607791382,9598195.5891928,16866.50594052762,16607000.765669862,BNT,ETH,569.0684023731206,0.02422792128087614
11440778,1607811360,9636427.621794041,16800.0088274333,16606897.765669858,BNT,ETH,573.5965808576478,0.024228374321510506
11442278,1607831691,9592159.048621083,16889.66669387479,16612578.72369974,BNT,ETH,567.9306301586032,0.024228787067899337
11443778,1607851103,9621475.930639613,16838.491859779773,16612578.72369974,BNT,ETH,571.397724378236,0.02422899456622784
11445278,1607870520,9616016.510120664,16847.93786628085,16612278.558708832,BNT,ETH,570.7533222428356,0.02422935044169474
11446778,1607890767,9578872.144167187,16914.113409326717,16612278.558708832,BNT,ETH,566.3242235850944,0.024229954716777635
11448278,1607911566,9581018.326532187,16899.621526406958,16606860.279930776,BNT,ETH,566.9368578202245,0.02423018850834085
11449778,1607931029,9583817.399845747,16945.828288129196,16631789.515665509,BNT,ETH,565.5561496843063,0.02423046149585896
11451278,1607950922,9551904.83012193,16984.339001008706,16622589.16995406,BNT,ETH,562.3948526671918,0.02423096145841937
11452778,1607971157,9330786.476098098,17388.41748269338,16622589.16995406,BNT,ETH,536.6092966990809,0.024232068255698316
11454278,1607990727,8710214.440897157,18632.592562161917,16622094.165997265,BNT,ETH,467.47195334402363,0.02423624471800537
11455778,1608010692,8492313.395991875,19117.06971166091,16622486.59985631,BNT,ETH,444.22673161105786,0.02423972434927955
11457278,1608030595,8354093.031602898,19430.82572287508,16620339.462888975,BNT,ETH,429.9401966107895,0.02424127130264874
11458778,1608050286,8440773.25685523,19234.084365205963,16621133.198163297,BNT,ETH,438.84455826368344,0.024241877119222776
11460278,1608070259,7517520.036759858,21607.51362903304,16621133.198163297,BNT,ETH,347.9123126253131,0.024248175414145506
11461778,1608090484,7183117.010745899,22622.50302816932,16621735.160585573,BNT,ETH,317.5208774113789,0.02425216083616997
11463278,1608110608,7338012.270358058,22152.829947322905,16623168.562646408,BNT,ETH,331.24491488478344,0.024254370920997952
11464778,1608130410,7778345.077973156,20905.945046433873,16623168.562646408,BNT,ETH,372.06378667392426,0.024258542083891627
11466278,1608149706,8021869.953844277,20276.995301534796,16624390.709039638,BNT,ETH,395.61433213120534,0.024260171779243712
11467778,1608169847,8200425.519049227,19833.585099608084,16622935.239618646,BNT,ETH,413.461584371414,0.024261133816507113
11469278,1608190216,8106261.82557956,20065.88666513824,16622935.239618646,BNT,ETH,403.9822391533334,0.02426228936417011
11470778,1608209854,8234243.420151568,19755.528542732067,16622935.239618646,BNT,ETH,416.8070422586033,0.024263221585575128
11472278,1608229883,8350827.312871603,19011.53895277144,16420961.955906648,BNT,ETH,439.25046434256427,0.024264692580348277
11473778,1608249009,8429519.756430231,18834.84622812152,16420961.955906648,BNT,ETH,447.5491678739839,0.024265199201844934
11475278,1608269821,8635151.045041168,18388.16722034125,16420961.955906648,BNT,ETH,469.6036827144384,0.024266413663940778
11476778,1608288962,8464881.648649517,18759.365152870367,16420961.955906648,BNT,ETH,451.23497408729247,0.024267269813167597
11478278,1608309411,8600231.21909158,18465.075030982425,16420961.955906648,BNT,ETH,465.75663541368283,0.024267889410367373
11479778,1608329074,8580713.584656375,18507.627472397573,16420861.885105193,BNT,ETH,463.6312027272929,0.024268399150589214
11481278,1608349011,8749882.117745461,19006.653943054138,16803202.893696025,BNT,ETH,460.35889031078244,0.024269557799394614
11482778,1608369444,8694465.107024522,19128.409977116615,16803202.893696025,BNT,ETH,454.53151189386585,0.024269945368832008
11484278,1608388707,8838085.893773837,18813.730885055167,16800897.893696025,BNT,ETH,469.76784922518686,0.02427079937305614
11485778,1608408443,8951645.984784106,18581.050275265985,16803357.665131494,BNT,ETH,481.7621099007529,0.024271158530137796
11487278,1608428561,9139274.944662115,19022.095163382786,17178641.36018063,BNT,ETH,480.4557471805243,0.024271478566043427
11488778,1608448079,9192448.495063977,18895.995964503574,17171088.294043534,BNT,ETH,486.4759980014886,0.024271838569686024
11490278,1608468237,9229373.963955816,18826.2439524702,17173538.60465075,BNT,ETH,490.23979436667327,0.02427214579192488
11491778,1608488068,9169477.524076415,18950.918679298127,17173538.60465075,BNT,ETH,483.85398508902364,0.024273233768596154
11493278,1608507724,9230312.60252746,18827.825622390643,17173538.60465075,BNT,ETH,490.2484645678087,0.024274399645596585
11494778,1608528185,9186541.877989003,18857.96204030764,17146127.098474972,BNT,ETH,487.14393731164483,0.024274895527453783
11496278,1608547380,9174677.729508298,18843.046286999328,17127883.423630975,BNT,ETH,486.89991999002433,0.024275448819046704
11497778,1608566981,9139108.357717935,18476.036213633597,16926968.282816548,BNT,ETH,494.64659259403936,0.024276000359287946
11499278,1608587247,9518321.28925183,19281.022129094,17646624.004368078,BNT,ETH,493.66269202550257,0.024276360292627017
11500778,1608607055,9892249.930258606,20083.61156608037,18360200.802441917,BNT,ETH,492.55333871154096,0.024276776499971734
11502278,1608626898,10246849.875467924,20858.850009176604,19043433.345017806,BNT,ETH,491.24711434043314,0.02427700552692803
11503778,1608646675,10510950.567328563,21524.25340560749,19591827.808472283,BNT,ETH,488.3305529468564,0.024277842510990657
11505278,1608666546,11435094.851729644,23151.809097476667,21192987.69923232,BNT,ETH,493.9179829785295,0.02427840579140009
11506778,1608686950,11252100.840441333,23843.04173625205,21332543.939964514,BNT,ETH,471.92388307290196,0.024280352553855106
11508278,1608706298,11328307.24736511,23684.146042910124,21332543.939964514,BNT,ETH,478.3076082557873,0.02428112060351336
11509778,1608725736,11366931.328220742,23604.291916978,21332543.939964514,BNT,ETH,481.5620552482992,0.024281441060250056
11511278,1608745789,11502323.44629525,23500.522511074352,21411629.312788736,BNT,ETH,489.44968950689974,0.024281853305745588
11512778,1608765570,11597778.739834202,23438.24176179262,21470667.244347136,BNT,ETH,494.82289916217564,0.024283114247821782
11514278,1608785927,11682907.498272736,23169.295778119907,21424325.875696354,BNT,ETH,504.2409406895126,0.024284251408481172
11515778,1608806049,11787407.189782562,23140.185180168253,21505835.43716377,BNT,ETH,509.39122128913124,0.024284895551137525
11517278,1608825975,11750019.621379655,23236.531920230107,21515939.621445123,BNT,ETH,505.6701086770137,0.02428536492665278
11518778,1608845592,11850282.922536908,23040.657316533998,21515939.621445123,BNT,ETH,514.32052305353,0.02428574748444288
11520278,1608866052,11670815.047176473,23416.26762661003,21524904.054358084,BNT,ETH,498.4062888790127,0.0242866830722593
11521778,1608886266,11839141.127563296,23219.825820539438,21588003.322365087,BNT,ETH,509.8720903018493,0.024287180550564526
11523278,1608905925,11853161.446648799,23194.396981908772,21588655.29159144,BNT,ETH,511.0355512106678,0.02428751327262286
11524778,1608925624,11851358.0326237,23219.041345694768,21597693.37780821,BNT,ETH,510.4154756510289,0.024288395743822577
11526278,1608946029,11876697.031033617,23200.189184112925,21611623.287796665,BNT,ETH,511.9224217001888,0.024288808646007774
11527778,1608965576,11906572.34089942,23156.413772309174,21617209.752095137,BNT,ETH,514.1803242062249,0.024290104965223745
11529278,1608985013,11895898.414105251,23179.102723365795,21617204.752095133,BNT,ETH,513.2165190377943,0.02429111205530344
11530778,1609004893,11870427.713016296,23231.214287065988,21617204.752095133,BNT,ETH,510.96888721934664,0.02429235410580344
11532278,1609025020,11752967.86766962,23464.817922344762,21617204.752095133,BNT,ETH,500.8761587908023,0.02429309411061943
11533778,1609044868,11799595.947589306,23372.531034372834,21617204.752095133,BNT,ETH,504.8488728172494,0.02429332188010607
11535278,1609064803,11823025.004185827,23281.51565553529,21596271.020030364,BNT,ETH,507.8288363659368,0.024293559927331815
11536778,1609084792,12040477.95351399,22862.935371235846,21596271.020030364,BNT,ETH,526.6374486918364,0.024294562844672362
11538278,1609104524,11988885.425970249,22962.894032421253,21596271.020030364,BNT,ETH,522.0981906306397,0.024295394018494322
11539778,1609124013,12214135.125277413,22540.52753177749,21596271.020030364,BNT,ETH,541.8744130126504,0.024295991621758304
11541278,1609143745,12339708.609049391,22311.46168145829,21596056.497649483,BNT,ETH,553.0658988292182,0.024296404463722263
11542778,1609162871,12316482.11403018,22353.216123990434,21595756.022349484,BNT,ETH,550.9937382483231,0.02429656825520214
11544278,1609182976,13553877.570852622,24498.904399705043,23716441.410458654,BNT,ETH,553.2442328733608,0.02429716404443192
11545778,1609202966,13230204.776604006,25192.616124600358,23759865.06328152,BNT,ETH,525.1620042622263,0.024298303244956104
11547278,1609223335,13219808.907547493,25263.741236548914,23783500.837511778,BNT,ETH,523.2720199185095,0.02429884549294013
11548778,1609243017,13274265.72454817,24965.156738435322,23690793.594384454,BNT,ETH,531.7116917640521,0.02429924573990969
11550278,1609263257,13539901.993415382,24586.73418257192,23743907.72492929,BNT,ETH,550.6994907446071,0.02429998399361594
11551778,1609283419,13442644.572700135,24568.48571594772,23649258.644128684,BNT,ETH,547.1499028519426,0.024300433529115498
11553278,1609303425,11878139.420603411,21545.918376727845,20817944.315628547,BNT,ETH,551.2941807777947,0.024300704918322192
11554778,1609323481,11783885.168523647,21305.03998567139,20618676.74271721,BNT,ETH,553.1031707262154,0.024301027551985703
11556278,1609343305,11593934.066694353,20822.320063059113,20218676.74271721,BNT,ETH,556.8031819500824,0.024301173338608366
11557778,1609362685,11752934.150397567,20550.334883085285,20222995.976536915,BNT,ETH,571.909616911949,0.02430172531613769
11559278,1609382669,11799874.412102077,20485.307228447,20231018.11104722,BNT,ETH,576.0164727095787,0.024302009958728932
11560778,1609403039,11788312.543313317,20505.91213809144,20231018.11104722,BNT,ETH,574.8738443785461,0.024302314012408437
11562278,1609422238,11993477.795930687,20696.689013474253,20500544.281200245,BNT,ETH,579.4877522739276,0.02430287276467059
11563778,1609442458,11997610.346466698,20689.89929260093,20500544.281200245,BNT,ETH,579.8776580201747,0.024303071988337942
11565278,1609462577,12063293.47896261,20756.653013334435,20589534.696515854,BNT,ETH,581.1771999663405,0.024303290458953516
11566778,1609481665,11995360.198350841,20894.82826123639,20599375.24548208,BNT,ETH,574.0827370476339,0.024303677901206376
11568278,1609502500,11976569.310088478,20937.33498245403,20603937.817630276,BNT,ETH,572.0197589676584,0.024303940109162522
11569778,1609521483,11428674.329638334,20224.577389240607,19781115.958176766,BNT,ETH,565.0884124638541,0.02430450987565626
11571278,1609541761,11430777.246660363,20218.380991274982,19779532.06030094,BNT,ETH,565.3656072458615,0.02430496812863925
11572778,1609561107,11487226.34774524,20218.132431674512,19827890.23417366,BNT,ETH,568.1645615175072,0.024305334464076324
11574278,1609580971,11512356.87254931,20242.31696058658,19861154.03985492,BNT,ETH,568.727230927408,0.02430567870203891
11575778,1609600845,11673051.257524403,19989.83100216936,19873796.475261793,BNT,ETH,583.949471921879,0.02430613577631998
11577278,1609620549,11797889.72807992,19784.2470980404,19876113.06876067,BNT,ETH,596.3274553545424,0.024306950213383985
11578778,1609640653,11819144.69597187,19676.40334491877,19839240.408282045,BNT,ETH,600.6760732023744,0.024307530697329136
11580278,1609661081,12183203.31017657,20012.279328845063,20313404.220151555,BNT,ETH,608.7863910941962,0.024307836871767775
11581778,1609680377,12312849.018294804,19786.842737830488,20305183.025022533,BNT,ETH,622.2745680771927,0.024308637632066053
11583278,1609700050,12845610.448525582,18968.84275334547,20305183.025022533,BNT,ETH,677.195262544946,0.024310331642208964
11584778,1609720138,13109935.345617779,18930.2320569264,20491344.460353103,BNT,ETH,692.5396004757888,0.024311278024417765
11586278,1609740220,13347372.267890712,18594.948876945196,20491344.460353103,BNT,ETH,717.7955882653353,0.024312237363674553
11587778,1609760624,13359808.279323587,18580.23353398592,20491344.460353103,BNT,ETH,719.0333886216541,0.02431393454324717
11589278,1609780376,13555020.96785695,18306.14498281948,20486969.376683045,BNT,ETH,740.4628872205745,0.02431480703972355
11590778,1609799922,13520997.426829457,18355.861648542435,20488477.830694538,BNT,ETH,736.6037991413552,0.024315435856774936
11592278,1609820325,13511053.119005708,18372.02103554861,20488477.830694538,BNT,ETH,735.4146336357193,0.024317189184516273
11593778,1609839907,13547945.577529486,18322.842054470333,20488477.830694538,BNT,ETH,739.4019736269087,0.024317753200031298
11595278,1609859877,13697223.841188697,18950.23356542856,20950396.064455472,BNT,ETH,722.7997372115204,0.02431819420652617
11596778,1609879358,13836881.280586518,18780.036129897704,20961506.83995599,BNT,ETH,736.7867231393814,0.02431895000710949
11598278,1609899154,13578015.203196289,19139.77991701292,20961476.841753848,BNT,ETH,709.4133402823038,0.02432006534516054
11599778,1609919856,13834380.09122409,19099.125772537915,21135257.706038494,BNT,ETH,724.3462478851335,0.024320866757398377
11601278,1609939535,13976434.366433585,18905.98845225376,21135357.457495097,BNT,ETH,739.2596479010051,0.024321384381517916
11602778,1609958999,14052005.567596888,18819.361168233394,21143159.96820036,BNT,ETH,746.6781386456581,0.02432213526605768
11604278,1609979063,14200753.280941995,18620.026781210043,21140859.96820035,BNT,ETH,762.6601963468896,0.024323338970282722
11605778,1609999075,14165493.494627045,18597.50254253939,21101501.986136574,BNT,ETH,761.6879450466698,0.024323708985776984
11607278,1610018964,14280874.924186505,19147.732028595376,21497825.921374384,BNT,ETH,745.8259235537312,0.024324366385666225
11608778,1610038550,14420750.741938893,18963.213036739824,21497825.921374384,BNT,ETH,760.4592488625084,0.024325140381813774
11610278,1610059095,14740617.862463485,19138.539267583175,21834387.22910963,BNT,ETH,770.206004563322,0.024326029519478133
11611778,1610079061,14742010.292395981,19187.290036388255,21862028.21534375,BNT,ETH,768.3216475301149,0.02432734559486461
11613278,1610098677,14773179.30118875,19147.621039846148,21862028.21534375,BNT,ETH,771.5412410996543,0.024327862119581142
11614778,1610117995,14824894.179181073,19119.89832217961,21883826.779804878,BNT,ETH,775.3646975195358,0.024328499376799238
11616278,1610137947,14770877.263719909,19156.54337177508,21864337.88677251,BNT,ETH,771.0617190720882,0.024329063285996495
11617778,1610157534,14814324.617662756,19101.050617916,21864337.88677251,BNT,ETH,775.5764284383147,0.024329502362835962
11619278,1610177767,14812197.71001482,19106.290813765758,21865579.71193152,BNT,ETH,775.2523948469833,0.02432971076201433
11620778,1610198447,14797750.232452068,19125.252006328126,21865477.30303549,BNT,ETH,773.7283789806178,0.024330020088882263
11622278,1610218093,14711830.073293583,19217.222579697533,21853971.329494786,BNT,ETH,765.5544401528776,0.024330346343211712
11623778,1610238176,15025663.600762425,19075.17219892117,22003487.797087617,BNT,ETH,787.7078877228814,0.024330976404698133
11625278,1610257957,15126403.246589268,18972.85296968137,22017319.05880413,BNT,ETH,797.2656126498881,0.024331546960777814
11626778,1610277506,15028063.678494709,18875.58188496343,21888919.111878593,BNT,ETH,796.1642597342277,0.02433197554392561
11628278,1610297170,15564702.601733247,19330.131840754846,22542392.039879344,BNT,ETH,805.2041615627926,0.024332561129653568
11629778,1610316995,15573298.883922804,19322.927752639793,22543543.595410578,BNT,ETH,805.9492372627261,0.024333500617089422
11631278,1610337036,15158481.636821056,19852.8534940952,22543543.595410578,BNT,ETH,763.5417065526432,0.024334203547870817
11632778,1610357269,15261379.0192439,19720.546760761124,22543543.595410578,BNT,ETH,773.8821445666083,0.02433515863583909
11634278,1610376578,15156694.196050381,19858.54689300103,22543543.595410578,BNT,ETH,763.2327922941948,0.02433625762308861
11635778,1610396519,15046734.062677624,20006.37895839452,22543543.595410578,BNT,ETH,752.0968234166198,0.024337904617502442
11637278,1610416586,15256560.214983182,19824.92582738473,22596109.461000416,BNT,ETH,769.5645546329795,0.024338871029438134
11638778,1610436257,15554958.992451612,19900.07899182615,22858791.660353206,BNT,ETH,781.6531280524428,0.024339327028288827
11640278,1610456739,15450444.806586942,20027.23965915779,22854175.517146364,BNT,ETH,771.4715092812088,0.024339714657342786
11641778,1610475811,15532181.092785716,19941.489180945486,22864422.93838844,BNT,ETH,778.8877225692373,0.024340795709488397
11643278,1610495483,15338441.58081427,20184.12648729433,22858659.443352938,BNT,ETH,759.9259542130615,0.02434136005448319
11644778,1610516114,15292051.785225349,20335.13773383349,22908731.302456737,BNT,ETH,752.0013872235799,0.024341951948430564
11646278,1610536690,14896712.689810218,19905.991101661024,22370164.6700599,BNT,ETH,748.3532276153377,0.024342654921765846
11647778,1610555733,14686438.136546629,19946.639953418577,22233438.066059906,BNT,ETH,736.2863204451423,0.024343694509565063
11649278,1610574654,14789241.707716879,19812.76631640374,22235666.341997407,BNT,ETH,746.4501156243035,0.024344191936578028
11650778,1610594057,14491151.960831637,19403.523913680576,21781497.355716284,BNT,ETH,746.8309377872624,0.024344677666837337
11652278,1610614792,14564457.841525083,19205.73346028451,21724555.43859367,BNT,ETH,758.3390590962272,0.024345108367163176
11653778,1610635008,14611920.021617265,19137.096259293616,21720716.111961078,BNT,ETH,763.5390355797174,0.024345434193425285
11655278,1610655176,14408543.71469189,19409.14587310183,21720716.111961078,BNT,ETH,742.358463834309,0.024346644636225503
11656778,1610675649,14293232.550124327,19567.323333767326,21720860.51882562,BNT,ETH,730.4643719694915,0.024347474171703742
11658278,1610695114,14187135.918760585,19740.32324839232,21734992.83390855,BNT,ETH,718.6881258348191,0.024348095325180064
11659778,1610714770,14161475.366996234,19777.150552768857,21734992.83390855,BNT,ETH,716.0523620028563,0.024348746551491794
11661278,1610734105,13941269.472630097,20093.461422483215,21736053.812540893,BNT,ETH,693.8211978266107,0.024349936837206133
11662778,1610754071,13860265.633016953,20212.173452378847,21736053.812540893,BNT,ETH,685.7385063349378,0.024350707527311083
11664278,1610773143,13667276.118140932,20497.86899375804,21734897.06155396,BNT,ETH,666.7657073183002,0.0243521748378877
11665778,1610793921,13748910.030333143,20426.58541861241,21761088.547108926,BNT,ETH,673.0890037943069,0.024352940413522046
11667278,1610814236,13844081.813401664,20056.120730968185,21636343.849630915,BNT,ETH,690.2671757467705,0.024354076813180015
11668778,1610833640,14085944.763671672,19795.50828545819,21681740.83008886,BNT,ETH,711.5727750228687,0.02435466557447607
11670278,1610854385,14038832.33398364,19921.96055942662,21713918.052699294,BNT,ETH,704.6913024501889,0.02435529179598646
11671778,1610874008,14010545.302368144,19963.045203995447,21713918.052699294,BNT,ETH,701.8240533545475,0.02435581799191113
11673278,1610893944,14011121.364433601,19966.824522764255,21715682.70836294,BNT,ETH,701.7200631206764,0.024356644679904338
11674778,1610914003,13979082.861194076,20583.583712695163,22022542.703915495,BNT,ETH,679.1374648998714,0.02435748107550552
11676278,1610933445,13963214.029411059,20626.801576281934,22032384.561836768,BNT,ETH,676.9451859888394,0.02435830923069454
11677778,1610953276,13994517.03915117,20586.19117167094,22034526.049451504,BNT,ETH,679.8011794629255,0.02435921254580863
11679278,1610973439,14164638.353138426,20340.163393383707,22034526.049451504,BNT,ETH,696.3876385450242,0.024359942032805598
11680778,1610993462,14178245.34229584,20272.08155788565,22007864.9525259,BNT,ETH,699.3976075821694,0.02436029277413913
11682278,1611013382,14285565.860103324,20321.7191978274,22117615.862740338,BNT,ETH,702.9703403061784,0.024360748934932376
11683778,1611033462,14553416.075712891,19949.183218613776,22117615.862740338,BNT,ETH,729.5244079032612,0.02436165123190243
11685278,1611053209,14684815.329080451,19771.674212601072,22117615.862740338,BNT,ETH,742.719871427043,0.024362264644311918
11686778,1611072971,14925372.102544602,19462.428107451753,22122005.059482943,BNT,ETH,766.8812966266008,0.024363327713580553
11688278,1611092817,14973756.572880205,19396.5130748446,22119305.059482943,BNT,ETH,771.9818771086087,0.024364400948511587
11689778,1611112655,15027531.999309886,19347.4283228594,22130392.2885231,BNT,ETH,776.7198693562046,0.024364995836343713
11691278,1611132569,14971972.949281935,19425.642814129147,22133598.981845975,BNT,ETH,770.7324330287872,0.024365491661671068
11692778,1611152288,14971361.480993485,19427.8314117703,22133598.981845975,BNT,ETH,770.614134108819,0.024366366609878603
11694278,1611170898,14998831.759700159,19393.17597716088,22133598.981845975,BNT,ETH,773.4077067811951,0.02436694869731038
11695778,1611191483,14575076.106664281,18786.43308634046,21474262.160264704,BNT,ETH,775.8298789173427,0.02436740770889788
11697278,1611212054,14483885.590235224,18889.597630683576,21465107.889373925,BNT,ETH,766.7651727376197,0.02436805244273614
11698778,1611231889,14511648.994093936,19076.27456021161,21590638.754047118,BNT,ETH,760.7171383641986,0.024369110308163706
