Block,Timestamp,Reserve0,Reserve1,totalSupply,Reserve0TKN,Reserve1TKN
11082909,1603064036,1312399516433042462324,12595114674872471186481,8081236622690417547222,0x514910771AF9Ca656af840dff83E8264EcF986CA,0x1F573D6Fb3F13d689FF844B4cE37794d79a7FF1C
11084409,1603083233,1312399516433042462324,12595114674872471186481,8081236622690417547222,0x514910771AF9Ca656af840dff83E8264EcF986CA,0x1F573D6Fb3F13d689FF844B4cE37794d79a7FF1C
11085909,1603103385,1284559093892191091334,12868646264373241816836,8081236622690417547222,0x514910771AF9Ca656af840dff83E8264EcF986CA,0x1F573D6Fb3F13d689FF844B4cE37794d79a7FF1C
11087409,1603123030,1384379934989399898662,13868646264373241816835,8709215390361051656357,0x514910771AF9Ca656af840dff83E8264EcF986CA,0x1F573D6Fb3F13d689FF844B4cE37794d79a7FF1C
11088909,1603142728,1384379934989399898662,13868646264373241816835,8709215390361051656357,0x514910771AF9Ca656af840dff83E8264EcF986CA,0x1F573D6Fb3F13d689FF844B4cE37794d79a7FF1C
11090409,1603162668,1369333642558964155835,14021344251824395543267,8709215390361051656357,0x514910771AF9Ca656af840dff83E8264EcF986CA,0x1F573D6Fb3F13d689FF844B4cE37794d79a7FF1C
11091909,1603182530,1339914701300882053545,14329825029530964958705,8709215390361051656357,0x514910771AF9Ca656af840dff83E8264EcF986CA,0x1F573D6Fb3F13d689FF844B4cE37794d79a7FF1C
11093409,1603202341,1322416692013383318005,14519820034261627110130,8709215390361051656357,0x514910771AF9Ca656af840dff83E8264EcF986CA,0x1F573D6Fb3F13d689FF844B4cE37794d79a7FF1C
11094909,1603222112,2337416692013383318005,25664278073684500404325,15393835808875101258505,0x514910771AF9Ca656af840dff83E8264EcF986CA,0x1F573D6Fb3F13d689FF844B4cE37794d79a7FF1C
11096409,1603242146,8105296836774072117287,89793395441899455995561,53617970072492581514083,0x514910771AF9Ca656af840dff83E8264EcF986CA,0x1F573D6Fb3F13d689FF844B4cE37794d79a7FF1C
11097909,1603262068,19736209096816420859491,223165067751978238040317,131898784130485816066647,0x514910771AF9Ca656af840dff83E8264EcF986CA,0x1F573D6Fb3F13d689FF844B4cE37794d79a7FF1C
11099409,1603281929,23351549390312727522915,261445781732069147374875,155289585382746911292870,0x514910771AF9Ca656af840dff83E8264EcF986CA,0x1F573D6Fb3F13d689FF844B4cE37794d79a7FF1C
11100909,1603301770,26664762098736542368859,297329416780351190333643,176956357719242907714002,0x514910771AF9Ca656af840dff83E8264EcF986CA,0x1F573D6Fb3F13d689FF844B4cE37794d79a7FF1C
11102409,1603321749,28359925759805032000811,316231592649252756019919,188206035705865956749211,0x514910771AF9Ca656af840dff83E8264EcF986CA,0x1F573D6Fb3F13d689FF844B4cE37794d79a7FF1C
11103909,1603341665,28251417813149893517311,317448617241342782650543,188206035705865956749211,0x514910771AF9Ca656af840dff83E8264EcF986CA,0x1F573D6Fb3F13d689FF844B4cE37794d79a7FF1C
11105409,1603361852,27962889689896082361617,321119499808317154342196,188319947240421417944848,0x514910771AF9Ca656af840dff83E8264EcF986CA,0x1F573D6Fb3F13d689FF844B4cE37794d79a7FF1C
11106909,1603381971,27452676180220106352504,327106464730492051972045,188319947240421417944848,0x514910771AF9Ca656af840dff83E8264EcF986CA,0x1F573D6Fb3F13d689FF844B4cE37794d79a7FF1C
11108409,1603401091,27048643593778325172969,332416655924152923761996,188437268587629161537700,0x514910771AF9Ca656af840dff83E8264EcF986CA,0x1F573D6Fb3F13d689FF844B4cE37794d79a7FF1C
11109909,1603420871,26949164794375214746719,334662567205997158155895,188722270733666576265681,0x514910771AF9Ca656af840dff83E8264EcF986CA,0x1F573D6Fb3F13d689FF844B4cE37794d79a7FF1C
11111409,1603441253,27085628609867292069757,333224026871923373955901,188789132117684651615302,0x514910771AF9Ca656af840dff83E8264EcF986CA,0x1F573D6Fb3F13d689FF844B4cE37794d79a7FF1C
11112909,1603461152,27188628609867292069757,334491196087826473903241,189507050866708538221256,0x514910771AF9Ca656af840dff83E8264EcF986CA,0x1F573D6Fb3F13d689FF844B4cE37794d79a7FF1C
11114409,1603480854,27780578278828263085838,352615408470416182541399,196677121228805925575450,0x514910771AF9Ca656af840dff83E8264EcF986CA,0x1F573D6Fb3F13d689FF844B4cE37794d79a7FF1C
11115909,1603501007,27417776039172828057408,357295272168483349215392,196677121228805925575450,0x514910771AF9Ca656af840dff83E8264EcF986CA,0x1F573D6Fb3F13d689FF844B4cE37794d79a7FF1C
11117409,1603520329,27426230154483923264602,357191538513593472500684,196677121228805925575450,0x514910771AF9Ca656af840dff83E8264EcF986CA,0x1F573D6Fb3F13d689FF844B4cE37794d79a7FF1C
11118909,1603540924,27294049812850756820518,358931999652345537888200,196677121228805925575450,0x514910771AF9Ca656af840dff83E8264EcF986CA,0x1F573D6Fb3F13d689FF844B4cE37794d79a7FF1C
11120409,1603560224,26144451167403037492166,351430467585775420542280,190465742254681991378877,0x514910771AF9Ca656af840dff83E8264EcF986CA,0x1F573D6Fb3F13d689FF844B4cE37794d79a7FF1C
11121909,1603579567,26142666487608927454596,353453163043245322217757,191004581032057616324479,0x514910771AF9Ca656af840dff83E8264EcF986CA,0x1F573D6Fb3F13d689FF844B4cE37794d79a7FF1C
11123409,1603600293,27166281280864391916330,367292603889323018542525,198483355808786926113489,0x514910771AF9Ca656af840dff83E8264EcF986CA,0x1F573D6Fb3F13d689FF844B4cE37794d79a7FF1C
11124909,1603620128,27292239841390044949290,365600873175736002802791,198483355808786926113489,0x514910771AF9Ca656af840dff83E8264EcF986CA,0x1F573D6Fb3F13d689FF844B4cE37794d79a7FF1C
11126409,1603640018,27509265844352888154922,362722333348224938375497,198483355808786926113489,0x514910771AF9Ca656af840dff83E8264EcF986CA,0x1F573D6Fb3F13d689FF844B4cE37794d79a7FF1C
11127909,1603660142,27597694012573105067230,366861058013097679794676,199932261367902234992965,0x514910771AF9Ca656af840dff83E8264EcF986CA,0x1F573D6Fb3F13d689FF844B4cE37794d79a7FF1C
11129409,1603679896,27481443084481960550108,368421787556134503804810,199932261367902234992965,0x514910771AF9Ca656af840dff83E8264EcF986CA,0x1F573D6Fb3F13d689FF844B4cE37794d79a7FF1C
11130909,1603700214,27671446693206420094092,365900735703252224818679,199932261367902234992965,0x514910771AF9Ca656af840dff83E8264EcF986CA,0x1F573D6Fb3F13d689FF844B4cE37794d79a7FF1C
11132409,1603720405,27944333970189020101772,362334701958382318561345,199932261367902234992965,0x514910771AF9Ca656af840dff83E8264EcF986CA,0x1F573D6Fb3F13d689FF844B4cE37794d79a7FF1C
11133909,1603740188,27387472359804655565168,369716902223113670805476,199932261367902234992965,0x514910771AF9Ca656af840dff83E8264EcF986CA,0x1F573D6Fb3F13d689FF844B4cE37794d79a7FF1C
11135409,1603759860,27325560474349198826019,370562730127638959420642,199932261367902234992965,0x514910771AF9Ca656af840dff83E8264EcF986CA,0x1F573D6Fb3F13d689FF844B4cE37794d79a7FF1C
11136909,1603779476,27325560474349198826019,370562730127638959420642,199932261367902234992965,0x514910771AF9Ca656af840dff83E8264EcF986CA,0x1F573D6Fb3F13d689FF844B4cE37794d79a7FF1C
11138409,1603798939,27094281682481855244738,373744861529312181993179,199932261367902234992965,0x514910771AF9Ca656af840dff83E8264EcF986CA,0x1F573D6Fb3F13d689FF844B4cE37794d79a7FF1C
11139909,1603818732,26614732120864858735910,380492726928987616370349,199932261367902234992965,0x514910771AF9Ca656af840dff83E8264EcF986CA,0x1F573D6Fb3F13d689FF844B4cE37794d79a7FF1C
11141409,1603838776,27382490470079133041958,383776295381873230217062,203666626342373689066974,0x514910771AF9Ca656af840dff83E8264EcF986CA,0x1F573D6Fb3F13d689FF844B4cE37794d79a7FF1C
11142909,1603858605,27263865132974184218988,385449467724098725190505,203666626342373689066974,0x514910771AF9Ca656af840dff83E8264EcF986CA,0x1F573D6Fb3F13d689FF844B4cE37794d79a7FF1C
11144409,1603878391,25661697315630087831570,409704272252231251553772,203666626342373689066974,0x514910771AF9Ca656af840dff83E8264EcF986CA,0x1F573D6Fb3F13d689FF844B4cE37794d79a7FF1C
11145909,1603898142,25569639072790466112866,411229838008628480874212,203666626342373689066974,0x514910771AF9Ca656af840dff83E8264EcF986CA,0x1F573D6Fb3F13d689FF844B4cE37794d79a7FF1C
11147409,1603917658,25314693248031230007708,415406671222082071228311,203666626342373689066974,0x514910771AF9Ca656af840dff83E8264EcF986CA,0x1F573D6Fb3F13d689FF844B4cE37794d79a7FF1C
11148909,1603938263,25226254927843586067650,416875387554502445457461,203666626342373689066974,0x514910771AF9Ca656af840dff83E8264EcF986CA,0x1F573D6Fb3F13d689FF844B4cE37794d79a7FF1C
11150409,1603957813,26273860097752743406763,437301690754275664624591,212883163560639365046648,0x514910771AF9Ca656af840dff83E8264EcF986CA,0x1F573D6Fb3F13d689FF844B4cE37794d79a7FF1C
11151909,1603977559,25577966041970608502658,449223533169608988230781,212883163560639365046648,0x514910771AF9Ca656af840dff83E8264EcF986CA,0x1F573D6Fb3F13d689FF844B4cE37794d79a7FF1C
11153409,1603997200,25577966041970608502658,449223533169608988230781,212883163560639365046648,0x514910771AF9Ca656af840dff83E8264EcF986CA,0x1F573D6Fb3F13d689FF844B4cE37794d79a7FF1C
11154909,1604017427,25395302991889909470241,452461225025028826528971,212883163560639365046648,0x514910771AF9Ca656af840dff83E8264EcF986CA,0x1F573D6Fb3F13d689FF844B4cE37794d79a7FF1C
11156409,1604037613,25202021033761704381317,455938285223474377479315,212883163560639365046648,0x514910771AF9Ca656af840dff83E8264EcF986CA,0x1F573D6Fb3F13d689FF844B4cE37794d79a7FF1C
11157909,1604057548,24169329960738233256082,475533622876788979454679,212883163560639365046648,0x514910771AF9Ca656af840dff83E8264EcF986CA,0x1F573D6Fb3F13d689FF844B4cE37794d79a7FF1C
11159409,1604077682,24301400979822355810450,472954405250044716196003,212883163560639365046648,0x514910771AF9Ca656af840dff83E8264EcF986CA,0x1F573D6Fb3F13d689FF844B4cE37794d79a7FF1C
11160909,1604097889,24756661744635229277375,475796279374917107908703,215511199249660725525597,0x514910771AF9Ca656af840dff83E8264EcF986CA,0x1F573D6Fb3F13d689FF844B4cE37794d79a7FF1C
11162409,1604117288,24940826911287708876130,472289973976304894067138,215511199249660725525597,0x514910771AF9Ca656af840dff83E8264EcF986CA,0x1F573D6Fb3F13d689FF844B4cE37794d79a7FF1C
11163909,1604137914,25029237927458533394327,470625295532203400907485,215511199249660725525597,0x514910771AF9Ca656af840dff83E8264EcF986CA,0x1F573D6Fb3F13d689FF844B4cE37794d79a7FF1C
11165409,1604157159,24935773976678691027746,472399322647488132664344,215511199249660725525597,0x514910771AF9Ca656af840dff83E8264EcF986CA,0x1F573D6Fb3F13d689FF844B4cE37794d79a7FF1C
11166909,1604177363,24935419107708475095658,472785570905437749482338,215597661667130372559619,0x514910771AF9Ca656af840dff83E8264EcF986CA,0x1F573D6Fb3F13d689FF844B4cE37794d79a7FF1C
11168409,1604196727,24431974274655572115540,466926071650390619151415,212081060617280521797065,0x514910771AF9Ca656af840dff83E8264EcF986CA,0x1F573D6Fb3F13d689FF844B4cE37794d79a7FF1C
11169909,1604217257,24439926413126156057140,466774449481277012101987,212081060617280521797065,0x514910771AF9Ca656af840dff83E8264EcF986CA,0x1F573D6Fb3F13d689FF844B4cE37794d79a7FF1C
11171409,1604236545,24439926413126156057140,466774449481277012101987,212081060617280521797065,0x514910771AF9Ca656af840dff83E8264EcF986CA,0x1F573D6Fb3F13d689FF844B4cE37794d79a7FF1C
11172909,1604256627,24529679006543090104884,465069966151683083178964,212081060617280521797065,0x514910771AF9Ca656af840dff83E8264EcF986CA,0x1F573D6Fb3F13d689FF844B4cE37794d79a7FF1C
11174409,1604276264,24529679006543090104884,465069966151683083178964,212081060617280521797065,0x514910771AF9Ca656af840dff83E8264EcF986CA,0x1F573D6Fb3F13d689FF844B4cE37794d79a7FF1C
11175909,1604297110,24898680108412846340660,458191297047884317549655,212081060617280521797065,0x514910771AF9Ca656af840dff83E8264EcF986CA,0x1F573D6Fb3F13d689FF844B4cE37794d79a7FF1C
11177409,1604316876,24773227342449772015821,460877741352450076726810,212164193985901345573681,0x514910771AF9Ca656af840dff83E8264EcF986CA,0x1F573D6Fb3F13d689FF844B4cE37794d79a7FF1C
11178909,1604336530,24807681803639901765592,460248147004974211617085,212164193985901345573681,0x514910771AF9Ca656af840dff83E8264EcF986CA,0x1F573D6Fb3F13d689FF844B4cE37794d79a7FF1C
11180409,1604356671,24957706036928803749848,457487064775528062832349,212164193985901345573681,0x514910771AF9Ca656af840dff83E8264EcF986CA,0x1F573D6Fb3F13d689FF844B4cE37794d79a7FF1C
11181909,1604375826,25298812067095627497432,451331009704037218222309,212164193985901345573681,0x514910771AF9Ca656af840dff83E8264EcF986CA,0x1F573D6Fb3F13d689FF844B4cE37794d79a7FF1C
11183409,1604396111,24982786156067256806497,457051782483335515291872,212164193985901345573681,0x514910771AF9Ca656af840dff83E8264EcF986CA,0x1F573D6Fb3F13d689FF844B4cE37794d79a7FF1C
11184909,1604416262,25105921429867256806497,459304501456523209094771,213209909862177444937362,0x514910771AF9Ca656af840dff83E8264EcF986CA,0x1F573D6Fb3F13d689FF844B4cE37794d79a7FF1C
11186409,1604436090,25223196967962349951015,457184976570053321437495,213209909862177444937362,0x514910771AF9Ca656af840dff83E8264EcF986CA,0x1F573D6Fb3F13d689FF844B4cE37794d79a7FF1C
11187909,1604455928,25044151461005247001554,464163123829157870131611,214064658961161568509745,0x514910771AF9Ca656af840dff83E8264EcF986CA,0x1F573D6Fb3F13d689FF844B4cE37794d79a7FF1C
11189409,1604476169,24571865915343558096478,473102706341220160810100,214064658961161568509745,0x514910771AF9Ca656af840dff83E8264EcF986CA,0x1F573D6Fb3F13d689FF844B4cE37794d79a7FF1C
11190909,1604496218,24591958131718148282484,472725436809054836758057,214064658961161568509745,0x514910771AF9Ca656af840dff83E8264EcF986CA,0x1F573D6Fb3F13d689FF844B4cE37794d79a7FF1C
11192409,1604515809,24913334766478859817854,485812970442052667681657,218414077438077001188944,0x514910771AF9Ca656af840dff83E8264EcF986CA,0x1F573D6Fb3F13d689FF844B4cE37794d79a7FF1C
11193909,1604535421,25008289017055348642686,483972070951319474409137,218414077438077001188944,0x514910771AF9Ca656af840dff83E8264EcF986CA,0x1F573D6Fb3F13d689FF844B4cE37794d79a7FF1C
11195409,1604555560,25008289017055348642686,483972070951319474409137,218414077438077001188944,0x514910771AF9Ca656af840dff83E8264EcF986CA,0x1F573D6Fb3F13d689FF844B4cE37794d79a7FF1C
11196909,1604575366,25386954081509664265086,476767638759112376392030,218414077438077001188944,0x514910771AF9Ca656af840dff83E8264EcF986CA,0x1F573D6Fb3F13d689FF844B4cE37794d79a7FF1C
11198409,1604595268,24805132862420802258299,487991601186637842081558,218414077438077001188944,0x514910771AF9Ca656af840dff83E8264EcF986CA,0x1F573D6Fb3F13d689FF844B4cE37794d79a7FF1C
11199909,1604614708,25393207603785591038071,495974503540952979681101,222783547738583770010343,0x514910771AF9Ca656af840dff83E8264EcF986CA,0x1F573D6Fb3F13d689FF844B4cE37794d79a7FF1C
11201409,1604634577,25835794903928765252942,487519132527963847629685,222783547738583770010343,0x514910771AF9Ca656af840dff83E8264EcF986CA,0x1F573D6Fb3F13d689FF844B4cE37794d79a7FF1C
11202909,1604653962,26284943082001989289294,479205139332491990086460,222783547738583770010343,0x514910771AF9Ca656af840dff83E8264EcF986CA,0x1F573D6Fb3F13d689FF844B4cE37794d79a7FF1C
11204409,1604673877,26980959284750953655036,466867767663686661517852,222783547738583770010343,0x514910771AF9Ca656af840dff83E8264EcF986CA,0x1F573D6Fb3F13d689FF844B4cE37794d79a7FF1C
11205909,1604694198,27980959284750953655036,484171369167861128835246,231040613226410814925963,0x514910771AF9Ca656af840dff83E8264EcF986CA,0x1F573D6Fb3F13d689FF844B4cE37794d79a7FF1C
11207409,1604713723,27925542306090003938777,485164376790555211884936,231040613226410814925963,0x514910771AF9Ca656af840dff83E8264EcF986CA,0x1F573D6Fb3F13d689FF844B4cE37794d79a7FF1C
11208909,1604733374,27189530936910605368662,498361594168339743369824,231040613226410814925963,0x514910771AF9Ca656af840dff83E8264EcF986CA,0x1F573D6Fb3F13d689FF844B4cE37794d79a7FF1C
11210409,1604753319,27351215820065913915482,495477505105037565625315,231040613226410814925963,0x514910771AF9Ca656af840dff83E8264EcF986CA,0x1F573D6Fb3F13d689FF844B4cE37794d79a7FF1C
11211909,1604773421,26543628525655381660189,510616696333237969147968,231040613226410814925963,0x514910771AF9Ca656af840dff83E8264EcF986CA,0x1F573D6Fb3F13d689FF844B4cE37794d79a7FF1C
11213409,1604793787,27056765843772018299207,500969444307597919470426,231040613226410814925963,0x514910771AF9Ca656af840dff83E8264EcF986CA,0x1F573D6Fb3F13d689FF844B4cE37794d79a7FF1C
11214909,1604813568,26927531600185810404718,503388570451585663802581,231040613226410814925963,0x514910771AF9Ca656af840dff83E8264EcF986CA,0x1F573D6Fb3F13d689FF844B4cE37794d79a7FF1C
11216409,1604834137,26825620301666399210906,505304805052389695449403,231040613226410814925963,0x514910771AF9Ca656af840dff83E8264EcF986CA,0x1F573D6Fb3F13d689FF844B4cE37794d79a7FF1C
11217909,1604854105,26857161050319169699002,511618874024907491829259,232614943631435443640426,0x514910771AF9Ca656af840dff83E8264EcF986CA,0x1F573D6Fb3F13d689FF844B4cE37794d79a7FF1C
11219409,1604873471,26955351142458982782173,509791104080330765212395,232614943631435443640426,0x514910771AF9Ca656af840dff83E8264EcF986CA,0x1F573D6Fb3F13d689FF844B4cE37794d79a7FF1C
11220909,1604893204,27073804332295059703932,507581857300673161176200,232614943631435443640426,0x514910771AF9Ca656af840dff83E8264EcF986CA,0x1F573D6Fb3F13d689FF844B4cE37794d79a7FF1C
11222409,1604913207,27162983489921568125502,505320140961512929541459,232477150266397005739640,0x514910771AF9Ca656af840dff83E8264EcF986CA,0x1F573D6Fb3F13d689FF844B4cE37794d79a7FF1C
11223909,1604933158,27004977338977114423276,508282729485477066335478,232477150266397005739640,0x514910771AF9Ca656af840dff83E8264EcF986CA,0x1F573D6Fb3F13d689FF844B4cE37794d79a7FF1C
11225409,1604952809,27018295332381061562305,511834643678658745406786,233340790208658658632492,0x514910771AF9Ca656af840dff83E8264EcF986CA,0x1F573D6Fb3F13d689FF844B4cE37794d79a7FF1C
11226909,1604972729,27203721164214982674968,508915728676529699247295,233470069466410977704398,0x514910771AF9Ca656af840dff83E8264EcF986CA,0x1F573D6Fb3F13d689FF844B4cE37794d79a7FF1C
11228409,1604991791,27176074959244185042881,509445688337313116409317,233470069466410977704398,0x514910771AF9Ca656af840dff83E8264EcF986CA,0x1F573D6Fb3F13d689FF844B4cE37794d79a7FF1C
11229909,1605012453,27175466141867125723247,509465665866921639787413,233470069466410977704398,0x514910771AF9Ca656af840dff83E8264EcF986CA,0x1F573D6Fb3F13d689FF844B4cE37794d79a7FF1C
11231409,1605032974,27276345944166536544579,508374544669040362127788,233641383750390689782020,0x514910771AF9Ca656af840dff83E8264EcF986CA,0x1F573D6Fb3F13d689FF844B4cE37794d79a7FF1C
11232909,1605052972,27646932045972101775541,501628007458887163678796,233641383750390689782020,0x514910771AF9Ca656af840dff83E8264EcF986CA,0x1F573D6Fb3F13d689FF844B4cE37794d79a7FF1C
11234409,1605072417,28027034894021277250727,494892652811938698558597,233641383750390689782020,0x514910771AF9Ca656af840dff83E8264EcF986CA,0x1F573D6Fb3F13d689FF844B4cE37794d79a7FF1C
11235909,1605092141,28027034894021277250727,494892652811938698558597,233641383750390689782020,0x514910771AF9Ca656af840dff83E8264EcF986CA,0x1F573D6Fb3F13d689FF844B4cE37794d79a7FF1C
11237409,1605112149,27881525892098123991283,497501640502993851730065,233641383750390689782020,0x514910771AF9Ca656af840dff83E8264EcF986CA,0x1F573D6Fb3F13d689FF844B4cE37794d79a7FF1C
11238909,1605132438,28924493155521446369407,522184450034655684884296,243795837678200952874681,0x514910771AF9Ca656af840dff83E8264EcF986CA,0x1F573D6Fb3F13d689FF844B4cE37794d79a7FF1C
11240409,1605152011,28924493155521446369407,522184450034655684884296,243795837678200952874681,0x514910771AF9Ca656af840dff83E8264EcF986CA,0x1F573D6Fb3F13d689FF844B4cE37794d79a7FF1C
11241909,1605172060,28924493155521446369407,522184450034655684884296,243795837678200952874681,0x514910771AF9Ca656af840dff83E8264EcF986CA,0x1F573D6Fb3F13d689FF844B4cE37794d79a7FF1C
11243409,1605192690,28841773294945304825383,526405621195782933766444,244422249003714418516224,0x514910771AF9Ca656af840dff83E8264EcF986CA,0x1F573D6Fb3F13d689FF844B4cE37794d79a7FF1C
11244909,1605212028,28651444709274505000787,529937982642196811637378,244422249003714418516224,0x514910771AF9Ca656af840dff83E8264EcF986CA,0x1F573D6Fb3F13d689FF844B4cE37794d79a7FF1C
11246409,1605231611,28651444709274505000787,529937982642196811637378,244422249003714418516224,0x514910771AF9Ca656af840dff83E8264EcF986CA,0x1F573D6Fb3F13d689FF844B4cE37794d79a7FF1C
11247909,1605251274,28651444709274505000787,529937982642196811637378,244422249003714418516224,0x514910771AF9Ca656af840dff83E8264EcF986CA,0x1F573D6Fb3F13d689FF844B4cE37794d79a7FF1C
11249409,1605271188,28651444709274505000787,529937982642196811637378,244422249003714418516224,0x514910771AF9Ca656af840dff83E8264EcF986CA,0x1F573D6Fb3F13d689FF844B4cE37794d79a7FF1C
11250909,1605291230,28651444709274505000787,529937982642196811637378,244422249003714418516224,0x514910771AF9Ca656af840dff83E8264EcF986CA,0x1F573D6Fb3F13d689FF844B4cE37794d79a7FF1C
11252409,1605311315,28834961134480320608083,527690925786223636405839,244676811661718981157089,0x514910771AF9Ca656af840dff83E8264EcF986CA,0x1F573D6Fb3F13d689FF844B4cE37794d79a7FF1C
11253909,1605331219,28897464305359740180307,526560981227772537840212,244676811661718981157089,0x514910771AF9Ca656af840dff83E8264EcF986CA,0x1F573D6Fb3F13d689FF844B4cE37794d79a7FF1C
11255409,1605351410,28897464305359740180307,526560981227772537840212,244676811661718981157089,0x514910771AF9Ca656af840dff83E8264EcF986CA,0x1F573D6Fb3F13d689FF844B4cE37794d79a7FF1C
11256909,1605371447,28454451477509483302225,534842895750990286075574,244676811661718981157089,0x514910771AF9Ca656af840dff83E8264EcF986CA,0x1F573D6Fb3F13d689FF844B4cE37794d79a7FF1C
11258409,1605391077,28543144500661333642577,533197580708668908180945,244676811661718981157089,0x514910771AF9Ca656af840dff83E8264EcF986CA,0x1F573D6Fb3F13d689FF844B4cE37794d79a7FF1C
11259909,1605410175,28639949092102920860035,534633124679181344704344,245420655152268113853466,0x514910771AF9Ca656af840dff83E8264EcF986CA,0x1F573D6Fb3F13d689FF844B4cE37794d79a7FF1C
11261409,1605430050,29744641621207056594251,514973140767195962175277,245420655152268113853466,0x514910771AF9Ca656af840dff83E8264EcF986CA,0x1F573D6Fb3F13d689FF844B4cE37794d79a7FF1C
11262909,1605450091,30149583314279503721803,518338430529319383813343,247887228831722425904789,0x514910771AF9Ca656af840dff83E8264EcF986CA,0x1F573D6Fb3F13d689FF844B4cE37794d79a7FF1C
11264409,1605469507,30675653921527768380747,509537538309984573621031,247887228831722425904789,0x514910771AF9Ca656af840dff83E8264EcF986CA,0x1F573D6Fb3F13d689FF844B4cE37794d79a7FF1C
11265909,1605489435,30675653921527768380747,509537538309984573621031,247887228831722425904789,0x514910771AF9Ca656af840dff83E8264EcF986CA,0x1F573D6Fb3F13d689FF844B4cE37794d79a7FF1C
11267409,1605509428,31054699955674653377891,509168827973789258475936,249315627486702189145615,0x514910771AF9Ca656af840dff83E8264EcF986CA,0x1F573D6Fb3F13d689FF844B4cE37794d79a7FF1C
11268909,1605529942,32859702373715909380923,538763413237717493907072,263806680728604105390304,0x514910771AF9Ca656af840dff83E8264EcF986CA,0x1F573D6Fb3F13d689FF844B4cE37794d79a7FF1C
11270409,1605549835,32043052339417767615181,552636043605458308122780,263806680728604105390304,0x514910771AF9Ca656af840dff83E8264EcF986CA,0x1F573D6Fb3F13d689FF844B4cE37794d79a7FF1C
11271909,1605569390,80501294287217291968631,1365283434079388874665946,657194176600752952732900,0x514910771AF9Ca656af840dff83E8264EcF986CA,0x1F573D6Fb3F13d689FF844B4cE37794d79a7FF1C
11273409,1605589561,104095918429094182199175,1597894842298978458041043,808281513219237351865162,0x514910771AF9Ca656af840dff83E8264EcF986CA,0x1F573D6Fb3F13d689FF844B4cE37794d79a7FF1C
11274909,1605609350,108022073316535092449035,1558503315040432147264594,813044046476768943690358,0x514910771AF9Ca656af840dff83E8264EcF986CA,0x1F573D6Fb3F13d689FF844B4cE37794d79a7FF1C
11276409,1605628785,129360490711639559834410,1856985812729263875430100,971188585466377857835455,0x514910771AF9Ca656af840dff83E8264EcF986CA,0x1F573D6Fb3F13d689FF844B4cE37794d79a7FF1C
11277909,1605648861,155374350627750873180025,2171092674523373835436401,1150747584219999909393173,0x514910771AF9Ca656af840dff83E8264EcF986CA,0x1F573D6Fb3F13d689FF844B4cE37794d79a7FF1C
11279409,1605668668,158269474961208024475080,2189799595767198386103908,1166195393532004297473053,0x514910771AF9Ca656af840dff83E8264EcF986CA,0x1F573D6Fb3F13d689FF844B4cE37794d79a7FF1C
11280909,1605689031,158191407122945329804555,2254536498662531611485138,1182851295523486896647720,0x514910771AF9Ca656af840dff83E8264EcF986CA,0x1F573D6Fb3F13d689FF844B4cE37794d79a7FF1C
11282409,1605708765,199157123037946317684403,2826252904076940472568349,1485896395979030432395495,0x514910771AF9Ca656af840dff83E8264EcF986CA,0x1F573D6Fb3F13d689FF844B4cE37794d79a7FF1C
11283909,1605728858,209661683140585898740772,2899251445762237542263585,1543785112947680823083763,0x514910771AF9Ca656af840dff83E8264EcF986CA,0x1F573D6Fb3F13d689FF844B4cE37794d79a7FF1C
11285409,1605749360,213325190939897621320490,2957384398107404646229385,1572621229422687770222929,0x514910771AF9Ca656af840dff83E8264EcF986CA,0x1F573D6Fb3F13d689FF844B4cE37794d79a7FF1C
11286909,1605768837,215533551183056135076645,3013047717771065840889265,1595513582968694936328676,0x514910771AF9Ca656af840dff83E8264EcF986CA,0x1F573D6Fb3F13d689FF844B4cE37794d79a7FF1C
11288409,1605788458,220646199964125827199813,3088292464024592239051643,1634324905087374529837173,0x514910771AF9Ca656af840dff83E8264EcF986CA,0x1F573D6Fb3F13d689FF844B4cE37794d79a7FF1C
11289909,1605808016,228771219522298134850268,3213551819700837290585399,1697387281443296974269078,0x514910771AF9Ca656af840dff83E8264EcF986CA,0x1F573D6Fb3F13d689FF844B4cE37794d79a7FF1C
11291409,1605827644,240400046664084553658103,3245341412927847845968369,1748403493781056355860939,0x514910771AF9Ca656af840dff83E8264EcF986CA,0x1F573D6Fb3F13d689FF844B4cE37794d79a7FF1C
11292909,1605848159,241376324719010080509141,3297873578197780159573127,1766008840992855047274074,0x514910771AF9Ca656af840dff83E8264EcF986CA,0x1F573D6Fb3F13d689FF844B4cE37794d79a7FF1C
11294409,1605867983,245568980029160111163599,3432063447049963692055408,1817055472136719427289512,0x514910771AF9Ca656af840dff83E8264EcF986CA,0x1F573D6Fb3F13d689FF844B4cE37794d79a7FF1C
11295909,1605887673,269536706146450982402272,3782045497329486777867938,1998350981311318005400310,0x514910771AF9Ca656af840dff83E8264EcF986CA,0x1F573D6Fb3F13d689FF844B4cE37794d79a7FF1C
11297409,1605908085,269550369057196844506875,3787969769970181236256677,1999921549518882196739279,0x514910771AF9Ca656af840dff83E8264EcF986CA,0x1F573D6Fb3F13d689FF844B4cE37794d79a7FF1C
11298909,1605928157,274487424148333504815549,3747276336713156785945024,2007137861360874331077823,0x514910771AF9Ca656af840dff83E8264EcF986CA,0x1F573D6Fb3F13d689FF844B4cE37794d79a7FF1C
11300409,1605947306,277353981396887252600348,3751581337613981522314781,2018702917032663599217969,0x514910771AF9Ca656af840dff83E8264EcF986CA,0x1F573D6Fb3F13d689FF844B4cE37794d79a7FF1C
11301909,1605967601,292981507862210865327185,3699011276067438259497251,2059850079353667270349315,0x514910771AF9Ca656af840dff83E8264EcF986CA,0x1F573D6Fb3F13d689FF844B4cE37794d79a7FF1C
11303409,1605987584,292681766611470143337503,3769166139764726255349174,2078124284199687437282382,0x514910771AF9Ca656af840dff83E8264EcF986CA,0x1F573D6Fb3F13d689FF844B4cE37794d79a7FF1C
11304909,1606006579,290602663145758897216616,3796716350414433539571325,2078208790717046218410079,0x514910771AF9Ca656af840dff83E8264EcF986CA,0x1F573D6Fb3F13d689FF844B4cE37794d79a7FF1C
11306409,1606026508,290305501780663564584646,3800799571488086755371915,2078208790717046218410079,0x514910771AF9Ca656af840dff83E8264EcF986CA,0x1F573D6Fb3F13d689FF844B4cE37794d79a7FF1C
11307909,1606046979,288607140496432862441065,3827479446354424078489615,2079282755433031936469788,0x514910771AF9Ca656af840dff83E8264EcF986CA,0x1F573D6Fb3F13d689FF844B4cE37794d79a7FF1C
11309409,1606066523,291930070995141854999597,3823806082069742627938857,2090122671960269082754824,0x514910771AF9Ca656af840dff83E8264EcF986CA,0x1F573D6Fb3F13d689FF844B4cE37794d79a7FF1C
11310909,1606086437,291980070995141854994976,3824461000226860702976416,2090480655408982567909907,0x514910771AF9Ca656af840dff83E8264EcF986CA,0x1F573D6Fb3F13d689FF844B4cE37794d79a7FF1C
11312409,1606106664,292332695944600988060435,3819893894385585592322546,2090480655408982567909907,0x514910771AF9Ca656af840dff83E8264EcF986CA,0x1F573D6Fb3F13d689FF844B4cE37794d79a7FF1C
11313909,1606126627,290096584214925477512329,3849637190663288800275811,2090480655408982567909907,0x514910771AF9Ca656af840dff83E8264EcF986CA,0x1F573D6Fb3F13d689FF844B4cE37794d79a7FF1C
11315409,1606146808,303361882603138526232093,4030469499187846423266137,2187268839980332774898829,0x514910771AF9Ca656af840dff83E8264EcF986CA,0x1F573D6Fb3F13d689FF844B4cE37794d79a7FF1C
11316909,1606166956,302504382942723026122696,4050588748745586903936442,2189441963454887754777911,0x514910771AF9Ca656af840dff83E8264EcF986CA,0x1F573D6Fb3F13d689FF844B4cE37794d79a7FF1C
11318409,1606186795,297845836335381727398377,4114388941421570421548127,2189441963454887754777911,0x514910771AF9Ca656af840dff83E8264EcF986CA,0x1F573D6Fb3F13d689FF844B4cE37794d79a7FF1C
11319909,1606205982,295473921425157831890412,4147904797256596088055668,2189441963454887754777911,0x514910771AF9Ca656af840dff83E8264EcF986CA,0x1F573D6Fb3F13d689FF844B4cE37794d79a7FF1C
11321409,1606226235,306667323634618847970405,4266645861696537382439623,2262154562961228782717644,0x514910771AF9Ca656af840dff83E8264EcF986CA,0x1F573D6Fb3F13d689FF844B4cE37794d79a7FF1C
11322909,1606246197,304959971129873834025651,4309135636992113352005097,2267009217994741569808498,0x514910771AF9Ca656af840dff83E8264EcF986CA,0x1F573D6Fb3F13d689FF844B4cE37794d79a7FF1C
11324409,1606265599,305647448130719459789481,4304968508053885837096039,2268455268112274405284429,0x514910771AF9Ca656af840dff83E8264EcF986CA,0x1F573D6Fb3F13d689FF844B4cE37794d79a7FF1C
11325909,1606285351,301817471002160418966943,4360117089679405944519861,2268455268112274405284429,0x514910771AF9Ca656af840dff83E8264EcF986CA,0x1F573D6Fb3F13d689FF844B4cE37794d79a7FF1C
11327409,1606305782,302460987669482414496848,4357007200665962293787935,2270054214075729097321916,0x514910771AF9Ca656af840dff83E8264EcF986CA,0x1F573D6Fb3F13d689FF844B4cE37794d79a7FF1C
11328909,1606325910,316287033736480527562720,4267999935908439184574934,2297336318224733421309170,0x514910771AF9Ca656af840dff83E8264EcF986CA,0x1F573D6Fb3F13d689FF844B4cE37794d79a7FF1C
11330409,1606345813,322976903925933085887374,4229712581855637179462446,2310964495205230688864316,0x514910771AF9Ca656af840dff83E8264EcF986CA,0x1F573D6Fb3F13d689FF844B4cE37794d79a7FF1C
11331909,1606365606,327343214386516582844677,4190345369307306242071055,2314993120782792029339866,0x514910771AF9Ca656af840dff83E8264EcF986CA,0x1F573D6Fb3F13d689FF844B4cE37794d79a7FF1C
11333409,1606385980,326058240547097799056372,4241322787575298972236819,2324191611434049419179488,0x514910771AF9Ca656af840dff83E8264EcF986CA,0x1F573D6Fb3F13d689FF844B4cE37794d79a7FF1C
11334909,1606405496,331591935034877720510569,4267091355459049932073591,2350800216209935444980780,0x514910771AF9Ca656af840dff83E8264EcF986CA,0x1F573D6Fb3F13d689FF844B4cE37794d79a7FF1C
11336409,1606425066,326375664614843368344002,4336402210464646834726950,2350800360264815458109204,0x514910771AF9Ca656af840dff83E8264EcF986CA,0x1F573D6Fb3F13d689FF844B4cE37794d79a7FF1C
11337909,1606445101,328428953507854059683671,4350980932770865328639238,2362031343411149511074544,0x514910771AF9Ca656af840dff83E8264EcF986CA,0x1F573D6Fb3F13d689FF844B4cE37794d79a7FF1C
11339409,1606464699,329626218602393752597392,4336878264259698872546201,2362474277634106121542635,0x514910771AF9Ca656af840dff83E8264EcF986CA,0x1F573D6Fb3F13d689FF844B4cE37794d79a7FF1C
11340909,1606485069,331954533869239638995505,4312025344288218749401151,2363875341516014728633866,0x514910771AF9Ca656af840dff83E8264EcF986CA,0x1F573D6Fb3F13d689FF844B4cE37794d79a7FF1C
11342409,1606505195,331927575988811709991976,4318275132213273893995451,2365394145363497091201636,0x514910771AF9Ca656af840dff83E8264EcF986CA,0x1F573D6Fb3F13d689FF844B4cE37794d79a7FF1C
11343909,1606525348,330887235957233665030124,4331920574010986387338534,2365394145363497091201636,0x514910771AF9Ca656af840dff83E8264EcF986CA,0x1F573D6Fb3F13d689FF844B4cE37794d79a7FF1C
11345409,1606545257,331393652477233665030124,4325333879731273468770432,2365394145363497091201636,0x514910771AF9Ca656af840dff83E8264EcF986CA,0x1F573D6Fb3F13d689FF844B4cE37794d79a7FF1C
11346909,1606565571,331393652477233665030124,4325333879731273468770432,2365394145363497091201636,0x514910771AF9Ca656af840dff83E8264EcF986CA,0x1F573D6Fb3F13d689FF844B4cE37794d79a7FF1C
11348409,1606584577,328513057706771585867363,4369925633148187864346929,2367143584273201814248621,0x514910771AF9Ca656af840dff83E8264EcF986CA,0x1F573D6Fb3F13d689FF844B4cE37794d79a7FF1C
11349909,1606604157,329893277270268672478453,4349351954954973475051753,2366494048761282458045314,0x514910771AF9Ca656af840dff83E8264EcF986CA,0x1F573D6Fb3F13d689FF844B4cE37794d79a7FF1C
11351409,1606623495,331230941647795738610933,4331874964323340257792019,2366494048761282458045314,0x514910771AF9Ca656af840dff83E8264EcF986CA,0x1F573D6Fb3F13d689FF844B4cE37794d79a7FF1C
11352909,1606643335,328379366528484934419809,4369682109554970261652070,2366494048761282458045314,0x514910771AF9Ca656af840dff83E8264EcF986CA,0x1F573D6Fb3F13d689FF844B4cE37794d79a7FF1C
11354409,1606663390,325474351109974233131825,4336728162422491321516346,2347086829239717773533488,0x514910771AF9Ca656af840dff83E8264EcF986CA,0x1F573D6Fb3F13d689FF844B4cE37794d79a7FF1C
11355909,1606683957,325247198042524591052989,4369441610808197305718463,2355065939817488550188033,0x514910771AF9Ca656af840dff83E8264EcF986CA,0x1F573D6Fb3F13d689FF844B4cE37794d79a7FF1C
11357409,1606704096,319290558385102860733584,4451513381131688335319648,2355065939817488550188033,0x514910771AF9Ca656af840dff83E8264EcF986CA,0x1F573D6Fb3F13d689FF844B4cE37794d79a7FF1C
11358909,1606723594,318861373372619885591868,4456217458826013828320805,2354718675037469518418204,0x514910771AF9Ca656af840dff83E8264EcF986CA,0x1F573D6Fb3F13d689FF844B4cE37794d79a7FF1C
11360409,1606742923,318986600880126937653822,4454544841341373820861515,2354718675037469518418204,0x514910771AF9Ca656af840dff83E8264EcF986CA,0x1F573D6Fb3F13d689FF844B4cE37794d79a7FF1C
11361909,1606763191,318165400042141372012346,4419996915410317099502999,2342431732711600984147901,0x514910771AF9Ca656af840dff83E8264EcF986CA,0x1F573D6Fb3F13d689FF844B4cE37794d79a7FF1C
11363409,1606782695,318066599333767804823094,4421439855489638347013144,2342431732711600984147901,0x514910771AF9Ca656af840dff83E8264EcF986CA,0x1F573D6Fb3F13d689FF844B4cE37794d79a7FF1C
11364909,1606802396,315696064226078317838331,4454807786728546294471570,2342431732711600984147901,0x514910771AF9Ca656af840dff83E8264EcF986CA,0x1F573D6Fb3F13d689FF844B4cE37794d79a7FF1C
11366409,1606822670,314647530628957747978089,4469727787131243624699316,2342431732711600984147901,0x514910771AF9Ca656af840dff83E8264EcF986CA,0x1F573D6Fb3F13d689FF844B4cE37794d79a7FF1C
11367909,1606842422,316248393974577878178006,4447624517872108929390926,2342431732711600984147901,0x514910771AF9Ca656af840dff83E8264EcF986CA,0x1F573D6Fb3F13d689FF844B4cE37794d79a7FF1C
11369409,1606862178,316207269247436493423159,4447046151789593655982904,2342127124474245541690850,0x514910771AF9Ca656af840dff83E8264EcF986CA,0x1F573D6Fb3F13d689FF844B4cE37794d79a7FF1C
11370909,1606883493,319959772214817089940928,4395202501011251835322208,2342127124474245541690850,0x514910771AF9Ca656af840dff83E8264EcF986CA,0x1F573D6Fb3F13d689FF844B4cE37794d79a7FF1C
11372409,1606903827,317671938307634065475290,4439448895783159330815134,2345405380485994865899015,0x514910771AF9Ca656af840dff83E8264EcF986CA,0x1F573D6Fb3F13d689FF844B4cE37794d79a7FF1C
11373909,1606922985,316760088571531446504024,4452292996751349813351280,2345405380485994865899015,0x514910771AF9Ca656af840dff83E8264EcF986CA,0x1F573D6Fb3F13d689FF844B4cE37794d79a7FF1C
11375409,1606942698,315085837483805462053674,4476258720289467201712253,2345405380485994865899015,0x514910771AF9Ca656af840dff83E8264EcF986CA,0x1F573D6Fb3F13d689FF844B4cE37794d79a7FF1C
11376909,1606962568,316805745811056773924339,4452078817850918675620014,2345405380485994865899015,0x514910771AF9Ca656af840dff83E8264EcF986CA,0x1F573D6Fb3F13d689FF844B4cE37794d79a7FF1C
11378409,1606981965,319054274898029652461320,4420859453863157410373429,2345405380485994865899015,0x514910771AF9Ca656af840dff83E8264EcF986CA,0x1F573D6Fb3F13d689FF844B4cE37794d79a7FF1C
11379909,1607002216,319555605966850004835783,4413958518367245650092954,2345405380485994865899015,0x514910771AF9Ca656af840dff83E8264EcF986CA,0x1F573D6Fb3F13d689FF844B4cE37794d79a7FF1C
11381409,1607021671,323111936903567689926767,4365618143487413053083725,2345405380485994865899015,0x514910771AF9Ca656af840dff83E8264EcF986CA,0x1F573D6Fb3F13d689FF844B4cE37794d79a7FF1C
11382909,1607041540,326344549694471286544393,4347352048394313773770316,2352130495381216676721134,0x514910771AF9Ca656af840dff83E8264EcF986CA,0x1F573D6Fb3F13d689FF844B4cE37794d79a7FF1C
11384409,1607061920,329410465378065313433620,4315342824956005426486359,2354321659494120917670851,0x514910771AF9Ca656af840dff83E8264EcF986CA,0x1F573D6Fb3F13d689FF844B4cE37794d79a7FF1C
11385909,1607081821,333021601447441195305722,4316512908340562005745430,2367480357165952538988199,0x514910771AF9Ca656af840dff83E8264EcF986CA,0x1F573D6Fb3F13d689FF844B4cE37794d79a7FF1C
11387409,1607101508,333480941700037518329009,4318014294527729856329501,2369521460159238381584140,0x514910771AF9Ca656af840dff83E8264EcF986CA,0x1F573D6Fb3F13d689FF844B4cE37794d79a7FF1C
11388909,1607121690,335296410381783726844697,4304417741459919416747269,2372186466504085862667707,0x514910771AF9Ca656af840dff83E8264EcF986CA,0x1F573D6Fb3F13d689FF844B4cE37794d79a7FF1C
11390409,1607141652,331621437171703114470008,4332012137862954708903988,2366648692543084391573765,0x514910771AF9Ca656af840dff83E8264EcF986CA,0x1F573D6Fb3F13d689FF844B4cE37794d79a7FF1C
11391909,1607161657,332562299433158963869200,4322856801248251311773862,2367467578876928828740738,0x514910771AF9Ca656af840dff83E8264EcF986CA,0x1F573D6Fb3F13d689FF844B4cE37794d79a7FF1C
11393409,1607181635,332565210366655351718006,4323362250520228870234462,2367616023630024795519809,0x514910771AF9Ca656af840dff83E8264EcF986CA,0x1F573D6Fb3F13d689FF844B4cE37794d79a7FF1C
11394909,1607201109,333500389477409087138231,4318287936100028039556819,2369528547431003565317351,0x514910771AF9Ca656af840dff83E8264EcF986CA,0x1F573D6Fb3F13d689FF844B4cE37794d79a7FF1C
11396409,1607221564,334608281988901169539092,4312648090521085726383139,2371894297784005201563261,0x514910771AF9Ca656af840dff83E8264EcF986CA,0x1F573D6Fb3F13d689FF844B4cE37794d79a7FF1C
11397909,1607241193,335205586571794781233488,4308385807467331162252888,2372828689690304877094702,0x514910771AF9Ca656af840dff83E8264EcF986CA,0x1F573D6Fb3F13d689FF844B4cE37794d79a7FF1C
11399409,1607260687,335909619930890541377333,4299400984891278434770019,2372828689690304877094702,0x514910771AF9Ca656af840dff83E8264EcF986CA,0x1F573D6Fb3F13d689FF844B4cE37794d79a7FF1C
11400909,1607281282,368155837155379733707078,4664270774123763235029866,2587269417844491995035374,0x514910771AF9Ca656af840dff83E8264EcF986CA,0x1F573D6Fb3F13d689FF844B4cE37794d79a7FF1C
11402409,1607300849,365465125541188485279186,4736832082513290094357132,2597697025166822304915754,0x514910771AF9Ca656af840dff83E8264EcF986CA,0x1F573D6Fb3F13d689FF844B4cE37794d79a7FF1C
11403909,1607320571,365114826852440503404047,4731909415769262317969850,2595102007909833492339801,0x514910771AF9Ca656af840dff83E8264EcF986CA,0x1F573D6Fb3F13d689FF844B4cE37794d79a7FF1C
11405409,1607340783,364349454351400448005653,4682607822548005382112997,2578813181032180324895652,0x514910771AF9Ca656af840dff83E8264EcF986CA,0x1F573D6Fb3F13d689FF844B4cE37794d79a7FF1C
11406909,1607360567,393796280935965067500409,5051083662185721597275962,2784478946084673310255281,0x514910771AF9Ca656af840dff83E8264EcF986CA,0x1F573D6Fb3F13d689FF844B4cE37794d79a7FF1C
11408409,1607380819,412555660082635310144610,5271320162489338475197073,2911486115333350260012240,0x514910771AF9Ca656af840dff83E8264EcF986CA,0x1F573D6Fb3F13d689FF844B4cE37794d79a7FF1C
11409909,1607400897,417075877147745686020036,5336668925930974880570972,2945453634454198436561723,0x514910771AF9Ca656af840dff83E8264EcF986CA,0x1F573D6Fb3F13d689FF844B4cE37794d79a7FF1C
11411409,1607420552,422094984052576602113598,5395802828425765015049952,2979472988545170749260841,0x514910771AF9Ca656af840dff83E8264EcF986CA,0x1F573D6Fb3F13d689FF844B4cE37794d79a7FF1C
11412909,1607440664,425249744232120046885593,5395444136351852836260994,2990415632924247894364873,0x514910771AF9Ca656af840dff83E8264EcF986CA,0x1F573D6Fb3F13d689FF844B4cE37794d79a7FF1C
11414409,1607460833,427982051450126848250138,5377172656089963574544717,2994886406109547866196456,0x514910771AF9Ca656af840dff83E8264EcF986CA,0x1F573D6Fb3F13d689FF844B4cE37794d79a7FF1C
11415909,1607480070,432299658583574417496206,5337592024854032800663559,2998750258432826150292661,0x514910771AF9Ca656af840dff83E8264EcF986CA,0x1F573D6Fb3F13d689FF844B4cE37794d79a7FF1C
11417409,1607500021,429381208701033858126430,5391299168797079402462297,3003545789891066954679041,0x514910771AF9Ca656af840dff83E8264EcF986CA,0x1F573D6Fb3F13d689FF844B4cE37794d79a7FF1C
11418909,1607520294,426444747163719726079170,5428610528329961654549515,3003545789891066954679041,0x514910771AF9Ca656af840dff83E8264EcF986CA,0x1F573D6Fb3F13d689FF844B4cE37794d79a7FF1C
11420409,1607540117,426764237270843659952712,5424703884100834074909471,3003545789891066954679041,0x514910771AF9Ca656af840dff83E8264EcF986CA,0x1F573D6Fb3F13d689FF844B4cE37794d79a7FF1C
11421909,1607559249,423716333691954580018144,5463927923879642793217132,3003545789891066954679041,0x514910771AF9Ca656af840dff83E8264EcF986CA,0x1F573D6Fb3F13d689FF844B4cE37794d79a7FF1C
11423409,1607578974,424950360467216962104220,5450674901000653871314149,3004246113429303567092307,0x514910771AF9Ca656af840dff83E8264EcF986CA,0x1F573D6Fb3F13d689FF844B4cE37794d79a7FF1C
11424909,1607599455,425573694496582764014492,5443241585092740464662480,3004387305770118901169708,0x514910771AF9Ca656af840dff83E8264EcF986CA,0x1F573D6Fb3F13d689FF844B4cE37794d79a7FF1C
11426409,1607619672,427484899836296294247324,5419027421976777221290684,3004387305770118901169708,0x514910771AF9Ca656af840dff83E8264EcF986CA,0x1F573D6Fb3F13d689FF844B4cE37794d79a7FF1C
11427909,1607639640,429175533826529189281999,5397787199095119094344127,3004387305770118901169708,0x514910771AF9Ca656af840dff83E8264EcF986CA,0x1F573D6Fb3F13d689FF844B4cE37794d79a7FF1C
11429409,1607660099,436179296543934187102677,5368095720125337369266207,3020254943758684276900121,0x514910771AF9Ca656af840dff83E8264EcF986CA,0x1F573D6Fb3F13d689FF844B4cE37794d79a7FF1C
11430909,1607680614,435674324664199664313554,5361880988229841501379209,3016758345391196910382878,0x514910771AF9Ca656af840dff83E8264EcF986CA,0x1F573D6Fb3F13d689FF844B4cE37794d79a7FF1C
11432409,1607700222,436532028313210801932583,5353180541199644722025734,3017257956245998623255839,0x514910771AF9Ca656af840dff83E8264EcF986CA,0x1F573D6Fb3F13d689FF844B4cE37794d79a7FF1C
11433909,1607719860,437538099414619573042257,5338131984495627650227142,3016464670422044199896815,0x514910771AF9Ca656af840dff83E8264EcF986CA,0x1F573D6Fb3F13d689FF844B4cE37794d79a7FF1C
11435409,1607739958,434791489835423152147694,5383087410633766433135665,3019561552583536177432486,0x514910771AF9Ca656af840dff83E8264EcF986CA,0x1F573D6Fb3F13d689FF844B4cE37794d79a7FF1C
11436909,1607760198,434791489835423152147694,5383087410633766433135665,3019561552583536177432486,0x514910771AF9Ca656af840dff83E8264EcF986CA,0x1F573D6Fb3F13d689FF844B4cE37794d79a7FF1C
11438409,1607780044,435061487637263165721838,5379763387018167540100175,3019561552583536177432486,0x514910771AF9Ca656af840dff83E8264EcF986CA,0x1F573D6Fb3F13d689FF844B4cE37794d79a7FF1C
11439909,1607799524,437015334504159913646957,5376056162966165965861526,3025271813918027836737316,0x514910771AF9Ca656af840dff83E8264EcF986CA,0x1F573D6Fb3F13d689FF844B4cE37794d79a7FF1C
11441409,1607819580,437362192557673456311149,5374059339233786385514242,3025905620906030457952958,0x514910771AF9Ca656af840dff83E8264EcF986CA,0x1F573D6Fb3F13d689FF844B4cE37794d79a7FF1C
11442909,1607839685,439922938860916376217022,5357415665791489453645197,3029999847793190566963960,0x514910771AF9Ca656af840dff83E8264EcF986CA,0x1F573D6Fb3F13d689FF844B4cE37794d79a7FF1C
11444409,1607858885,437384120170834005240086,5385262652784907760142696,3029037581156913586798069,0x514910771AF9Ca656af840dff83E8264EcF986CA,0x1F573D6Fb3F13d689FF844B4cE37794d79a7FF1C
11445909,1607879117,433511565217958302602421,5433612167971118942808678,3029037581156913586798069,0x514910771AF9Ca656af840dff83E8264EcF986CA,0x1F573D6Fb3F13d689FF844B4cE37794d79a7FF1C
11447409,1607899505,435202497713879242132027,5413846705464751326474850,3029385624382802245405233,0x514910771AF9Ca656af840dff83E8264EcF986CA,0x1F573D6Fb3F13d689FF844B4cE37794d79a7FF1C
11448909,1607919834,435782868264034787102141,5405615583242615012791145,3029088724561104527997386,0x514910771AF9Ca656af840dff83E8264EcF986CA,0x1F573D6Fb3F13d689FF844B4cE37794d79a7FF1C
11450409,1607939160,440635341289209891464566,5410489822861813749031057,3047240661498699207087011,0x514910771AF9Ca656af840dff83E8264EcF986CA,0x1F573D6Fb3F13d689FF844B4cE37794d79a7FF1C
11451909,1607959378,445495249001102639253572,5372567395501722221543267,3053128915341116610275245,0x514910771AF9Ca656af840dff83E8264EcF986CA,0x1F573D6Fb3F13d689FF844B4cE37794d79a7FF1C
11453409,1607979140,451404059261334153203996,5303817344193221658725545,3053442171068532032780733,0x514910771AF9Ca656af840dff83E8264EcF986CA,0x1F573D6Fb3F13d689FF844B4cE37794d79a7FF1C
11454909,1607999313,493850187044477823158435,4850418675735283523452690,3053442171068532032780733,0x514910771AF9Ca656af840dff83E8264EcF986CA,0x1F573D6Fb3F13d689FF844B4cE37794d79a7FF1C
11456409,1608018919,504337493590768294848575,4750057488818123091949894,3053442171068532032780733,0x514910771AF9Ca656af840dff83E8264EcF986CA,0x1F573D6Fb3F13d689FF844B4cE37794d79a7FF1C
11457909,1608038838,508263793830677928647236,4716884583104618235382396,3054497136781710034045438,0x514910771AF9Ca656af840dff83E8264EcF986CA,0x1F573D6Fb3F13d689FF844B4cE37794d79a7FF1C
11459409,1608058755,549310837432807065556014,4357139172634516639602049,3051346543325084981292520,0x514910771AF9Ca656af840dff83E8264EcF986CA,0x1F573D6Fb3F13d689FF844B4cE37794d79a7FF1C
11460909,1608078894,582050735402986078005980,4113719568374960687645277,3051346543325084981292520,0x514910771AF9Ca656af840dff83E8264EcF986CA,0x1F573D6Fb3F13d689FF844B4cE37794d79a7FF1C
11462409,1608099118,593118454348037391309963,4037876099654838807583355,3051550464742302588143603,0x514910771AF9Ca656af840dff83E8264EcF986CA,0x1F573D6Fb3F13d689FF844B4cE37794d79a7FF1C
11463909,1608118966,572378531313057625463335,4188006828636397203302298,3052666479268375887882554,0x514910771AF9Ca656af840dff83E8264EcF986CA,0x1F573D6Fb3F13d689FF844B4cE37794d79a7FF1C
11465409,1608138602,543161328230095512649822,4414448663282392631984503,3052666479268375887882554,0x514910771AF9Ca656af840dff83E8264EcF986CA,0x1F573D6Fb3F13d689FF844B4cE37794d79a7FF1C
11466909,1608158139,531850028039546737403366,4509399418740591767563924,3052864819543995177044394,0x514910771AF9Ca656af840dff83E8264EcF986CA,0x1F573D6Fb3F13d689FF844B4cE37794d79a7FF1C
11468409,1608178037,526896448947053080206769,4552008759879848093103941,3052864819543995177044394,0x514910771AF9Ca656af840dff83E8264EcF986CA,0x1F573D6Fb3F13d689FF844B4cE37794d79a7FF1C
11469909,1608198669,535873393276577413138432,4509653522060783975437231,3064303402739897110647217,0x514910771AF9Ca656af840dff83E8264EcF986CA,0x1F573D6Fb3F13d689FF844B4cE37794d79a7FF1C
11471409,1608217763,517989302688635588221442,4666151047399886064486024,3064303402739897110647217,0x514910771AF9Ca656af840dff83E8264EcF986CA,0x1F573D6Fb3F13d689FF844B4cE37794d79a7FF1C
11472909,1608238087,508753977573424500520019,4751285926132434276892221,3064303402739897110647217,0x514910771AF9Ca656af840dff83E8264EcF986CA,0x1F573D6Fb3F13d689FF844B4cE37794d79a7FF1C
11474409,1608258069,526565298666744938851801,4985290922515482441864858,3193274095948056479016796,0x514910771AF9Ca656af840dff83E8264EcF986CA,0x1F573D6Fb3F13d689FF844B4cE37794d79a7FF1C
11475909,1608277514,518967752539895783555859,5058644350254926235031940,3193274095948056479016796,0x514910771AF9Ca656af840dff83E8264EcF986CA,0x1F573D6Fb3F13d689FF844B4cE37794d79a7FF1C
11477409,1608297317,521496688257859018671472,5034235716918352761677835,3193274095948056479016796,0x514910771AF9Ca656af840dff83E8264EcF986CA,0x1F573D6Fb3F13d689FF844B4cE37794d79a7FF1C
11478909,1608317961,521340055377578305662004,5032723671188997972087239,3192314987807130338917847,0x514910771AF9Ca656af840dff83E8264EcF986CA,0x1F573D6Fb3F13d689FF844B4cE37794d79a7FF1C
11480409,1608337306,521430055377578305662004,5031859355064319221548995,3192314987807130338917847,0x514910771AF9Ca656af840dff83E8264EcF986CA,0x1F573D6Fb3F13d689FF844B4cE37794d79a7FF1C
11481909,1608357878,525010573325918339158554,4999536992778952488170782,3192898577096613064300582,0x514910771AF9Ca656af840dff83E8264EcF986CA,0x1F573D6Fb3F13d689FF844B4cE37794d79a7FF1C
11483409,1608377523,525010573325918339158554,4999536992778952488170782,3192898577096613064300582,0x514910771AF9Ca656af840dff83E8264EcF986CA,0x1F573D6Fb3F13d689FF844B4cE37794d79a7FF1C
11484909,1608396900,517749051953120100057976,5070508917223008404914000,3193054679591769505518159,0x514910771AF9Ca656af840dff83E8264EcF986CA,0x1F573D6Fb3F13d689FF844B4cE37794d79a7FF1C
11486409,1608417023,515207317006452611640456,5095650202425339041131337,3193054679591769505518159,0x514910771AF9Ca656af840dff83E8264EcF986CA,0x1F573D6Fb3F13d689FF844B4cE37794d79a7FF1C
11487909,1608436615,512050104721105187358815,5127227915287956144636158,3193054679591769505518159,0x514910771AF9Ca656af840dff83E8264EcF986CA,0x1F573D6Fb3F13d689FF844B4cE37794d79a7FF1C
11489409,1608456535,510542062231632054218385,5143130455330703123311631,3193230754171158040261788,0x514910771AF9Ca656af840dff83E8264EcF986CA,0x1F573D6Fb3F13d689FF844B4cE37794d79a7FF1C
11490909,1608476848,509081800457763228404456,5157957403706672771947089,3193230754171158040261788,0x514910771AF9Ca656af840dff83E8264EcF986CA,0x1F573D6Fb3F13d689FF844B4cE37794d79a7FF1C
11492409,1608496364,506639941652456674244382,5182942672832778851579637,3193230754171158040261788,0x514910771AF9Ca656af840dff83E8264EcF986CA,0x1F573D6Fb3F13d689FF844B4cE37794d79a7FF1C
11493909,1608516621,514307969901233058405546,5106052542688574596176189,3193230754171158040261788,0x514910771AF9Ca656af840dff83E8264EcF986CA,0x1F573D6Fb3F13d689FF844B4cE37794d79a7FF1C
11495409,1608536337,513628764210796861667021,5112874176645774074298335,3193230754171158040261788,0x514910771AF9Ca656af840dff83E8264EcF986CA,0x1F573D6Fb3F13d689FF844B4cE37794d79a7FF1C
11496909,1608555700,516576555875095139342220,5130060005320726185726642,3207667590509077239756009,0x514910771AF9Ca656af840dff83E8264EcF986CA,0x1F573D6Fb3F13d689FF844B4cE37794d79a7FF1C
11498409,1608576057,518692760583122967622765,5109740807139567555907172,3207667590509077239756009,0x514910771AF9Ca656af840dff83E8264EcF986CA,0x1F573D6Fb3F13d689FF844B4cE37794d79a7FF1C
11499909,1608595634,515321122498606175189948,5143342130840299908254263,3207667590509077239756009,0x514910771AF9Ca656af840dff83E8264EcF986CA,0x1F573D6Fb3F13d689FF844B4cE37794d79a7FF1C
11501409,1608615838,515022090271322065253969,5146393548302845513995024,3207667590509077239756009,0x514910771AF9Ca656af840dff83E8264EcF986CA,0x1F573D6Fb3F13d689FF844B4cE37794d79a7FF1C
11502909,1608635349,517823385136564821430580,5118765375700730651569899,3207667590509077239756009,0x514910771AF9Ca656af840dff83E8264EcF986CA,0x1F573D6Fb3F13d689FF844B4cE37794d79a7FF1C
11504409,1608654925,581784133207444033900880,5801204782690242518304501,3619491717101425596845558,0x514910771AF9Ca656af840dff83E8264EcF986CA,0x1F573D6Fb3F13d689FF844B4cE37794d79a7FF1C
11505909,1608675078,596415993381168456171438,5660461422326595179788361,3619771678547557864980370,0x514910771AF9Ca656af840dff83E8264EcF986CA,0x1F573D6Fb3F13d689FF844B4cE37794d79a7FF1C
11507409,1608695016,596452887163059398144027,5662069515987672384700568,3620239129225437416302649,0x514910771AF9Ca656af840dff83E8264EcF986CA,0x1F573D6Fb3F13d689FF844B4cE37794d79a7FF1C
11508909,1608714816,593680616534877945788711,5688665520515092623929177,3620239129225437416302649,0x514910771AF9Ca656af840dff83E8264EcF986CA,0x1F573D6Fb3F13d689FF844B4cE37794d79a7FF1C
11510409,1608734362,596024171547497633691283,5666431786122703690578483,3620239129225437416302649,0x514910771AF9Ca656af840dff83E8264EcF986CA,0x1F573D6Fb3F13d689FF844B4cE37794d79a7FF1C
11511909,1608754096,595672839365071323176387,5670270054280706658953973,3620239129225437416302649,0x514910771AF9Ca656af840dff83E8264EcF986CA,0x1F573D6Fb3F13d689FF844B4cE37794d79a7FF1C
11513409,1608774284,603663084100168900799303,5599095911431931742870598,3620239129225437416302649,0x514910771AF9Ca656af840dff83E8264EcF986CA,0x1F573D6Fb3F13d689FF844B4cE37794d79a7FF1C
11514909,1608794448,615514579115358958197325,5486713153429346668980460,3618407095554619339577820,0x514910771AF9Ca656af840dff83E8264EcF986CA,0x1F573D6Fb3F13d689FF844B4cE37794d79a7FF1C
11516409,1608814474,604571705711565530418091,5586528272554371169670181,3618407095554619339577820,0x514910771AF9Ca656af840dff83E8264EcF986CA,0x1F573D6Fb3F13d689FF844B4cE37794d79a7FF1C
11517909,1608834271,600896210076628377130902,5622034844341982115612940,3618710753001119076906886,0x514910771AF9Ca656af840dff83E8264EcF986CA,0x1F573D6Fb3F13d689FF844B4cE37794d79a7FF1C
11519409,1608853996,596891516230133830863303,5660329095745101410080192,3618710753001119076906886,0x514910771AF9Ca656af840dff83E8264EcF986CA,0x1F573D6Fb3F13d689FF844B4cE37794d79a7FF1C
11520909,1608874315,604008132562881705639218,5593969128986350635920778,3618710753001119076906886,0x514910771AF9Ca656af840dff83E8264EcF986CA,0x1F573D6Fb3F13d689FF844B4cE37794d79a7FF1C
11522409,1608894115,599411199666770885406725,5637086377728479281746559,3618710753001119076906886,0x514910771AF9Ca656af840dff83E8264EcF986CA,0x1F573D6Fb3F13d689FF844B4cE37794d79a7FF1C
11523909,1608914248,589765354119040334648421,5729894652866357069498055,3618710753001119076906886,0x514910771AF9Ca656af840dff83E8264EcF986CA,0x1F573D6Fb3F13d689FF844B4cE37794d79a7FF1C
11525409,1608934110,596291278261138926733135,5667886108216336963176315,3618710753001119076906886,0x514910771AF9Ca656af840dff83E8264EcF986CA,0x1F573D6Fb3F13d689FF844B4cE37794d79a7FF1C
11526909,1608954355,598388406772364592971468,5646781828308802898204397,3618280487616885527293867,0x514910771AF9Ca656af840dff83E8264EcF986CA,0x1F573D6Fb3F13d689FF844B4cE37794d79a7FF1C
11528409,1608974020,598067408845317114691498,5650583457583645719451935,3618280487616885527293867,0x514910771AF9Ca656af840dff83E8264EcF986CA,0x1F573D6Fb3F13d689FF844B4cE37794d79a7FF1C
11529909,1608993479,611442986811951949750284,5509901617331011078879438,3612306199427658161557951,0x514910771AF9Ca656af840dff83E8264EcF986CA,0x1F573D6Fb3F13d689FF844B4cE37794d79a7FF1C
11531409,1609013442,625029805467886490145664,5388944973999873578192579,3611486948397754903731949,0x514910771AF9Ca656af840dff83E8264EcF986CA,0x1F573D6Fb3F13d689FF844B4cE37794d79a7FF1C
11532909,1609033016,627305626900609818217943,5369702181902281514890126,3611486948397754903731949,0x514910771AF9Ca656af840dff83E8264EcF986CA,0x1F573D6Fb3F13d689FF844B4cE37794d79a7FF1C
11534409,1609053301,622369717106075971815635,5412522551179588177096414,3611486948397754903731949,0x514910771AF9Ca656af840dff83E8264EcF986CA,0x1F573D6Fb3F13d689FF844B4cE37794d79a7FF1C
11535909,1609073295,626657213513513227234209,5376794740808451325781146,3611486948397754903731949,0x514910771AF9Ca656af840dff83E8264EcF986CA,0x1F573D6Fb3F13d689FF844B4cE37794d79a7FF1C
11537409,1609092825,590500518303761499353058,5708852669566220966559886,3611486948397754903731949,0x514910771AF9Ca656af840dff83E8264EcF986CA,0x1F573D6Fb3F13d689FF844B4cE37794d79a7FF1C
11538909,1609112832,593032488911683483249518,5685628378110007034412239,3611486948397754903731949,0x514910771AF9Ca656af840dff83E8264EcF986CA,0x1F573D6Fb3F13d689FF844B4cE37794d79a7FF1C
11540409,1609132439,598647514368906591719845,5632635511520949588962160,3611486948397754903731949,0x514910771AF9Ca656af840dff83E8264EcF986CA,0x1F573D6Fb3F13d689FF844B4cE37794d79a7FF1C
11541909,1609151608,598657198999702931333049,5631451779755868437576153,3611061351358094416422576,0x514910771AF9Ca656af840dff83E8264EcF986CA,0x1F573D6Fb3F13d689FF844B4cE37794d79a7FF1C
11543409,1609171169,598753295660846513720248,5630552481332359641193228,3611061351358094416422576,0x514910771AF9Ca656af840dff83E8264EcF986CA,0x1F573D6Fb3F13d689FF844B4cE37794d79a7FF1C
11544909,1609190977,605943792134666319928420,5564916681683400403193437,3611061351358094416422576,0x514910771AF9Ca656af840dff83E8264EcF986CA,0x1F573D6Fb3F13d689FF844B4cE37794d79a7FF1C
11546409,1609211473,611649740047480685576409,5512556203746701156049275,3610613571029803051703853,0x514910771AF9Ca656af840dff83E8264EcF986CA,0x1F573D6Fb3F13d689FF844B4cE37794d79a7FF1C
11547909,1609231622,616734420103351200350303,5467334387313410749974017,3610613571029803051703853,0x514910771AF9Ca656af840dff83E8264EcF986CA,0x1F573D6Fb3F13d689FF844B4cE37794d79a7FF1C
11549409,1609251111,622800296906545129297573,5414440560733090127713534,3610613571029803051703853,0x514910771AF9Ca656af840dff83E8264EcF986CA,0x1F573D6Fb3F13d689FF844B4cE37794d79a7FF1C
11550909,1609271846,702514382979336861351208,6040606441205709575188586,4049734784568068384204335,0x514910771AF9Ca656af840dff83E8264EcF986CA,0x1F573D6Fb3F13d689FF844B4cE37794d79a7FF1C
11552409,1609292328,722457754837153156887329,6334131617838378806667371,4205247614674405818152749,0x514910771AF9Ca656af840dff83E8264EcF986CA,0x1F573D6Fb3F13d689FF844B4cE37794d79a7FF1C
11553909,1609311564,722974424444348722545330,6324689980775613181167006,4203602964389316953796758,0x514910771AF9Ca656af840dff83E8264EcF986CA,0x1F573D6Fb3F13d689FF844B4cE37794d79a7FF1C
11555409,1609331794,733596531756751453295386,6396139639781801201820250,4258171509925760088128731,0x514910771AF9Ca656af840dff83E8264EcF986CA,0x1F573D6Fb3F13d689FF844B4cE37794d79a7FF1C
11556909,1609351138,737914177596961723954235,6358914910793879474279013,4258171509925760088128731,0x514910771AF9Ca656af840dff83E8264EcF986CA,0x1F573D6Fb3F13d689FF844B4cE37794d79a7FF1C
11558409,1609371030,739913956706409982150347,6342896214199543763678971,4258171509925760088128731,0x514910771AF9Ca656af840dff83E8264EcF986CA,0x1F573D6Fb3F13d689FF844B4cE37794d79a7FF1C
11559909,1609391364,734127393158716938102447,6393338783369851274713692,4258171509925760088128731,0x514910771AF9Ca656af840dff83E8264EcF986CA,0x1F573D6Fb3F13d689FF844B4cE37794d79a7FF1C
11561409,1609411120,724281318268895481469670,6480775797002503326234836,4258171509925760088128731,0x514910771AF9Ca656af840dff83E8264EcF986CA,0x1F573D6Fb3F13d689FF844B4cE37794d79a7FF1C
11562909,1609430756,728751605843418766575319,6441219962310394591259093,4258171509925760088128731,0x514910771AF9Ca656af840dff83E8264EcF986CA,0x1F573D6Fb3F13d689FF844B4cE37794d79a7FF1C
11564409,1609451091,727741664152642056045997,6450448724977425631869639,4258171509925760088128731,0x514910771AF9Ca656af840dff83E8264EcF986CA,0x1F573D6Fb3F13d689FF844B4cE37794d79a7FF1C
11565909,1609470473,723163466953187581886257,6491562550169508047541548,4258171509925760088128731,0x514910771AF9Ca656af840dff83E8264EcF986CA,0x1F573D6Fb3F13d689FF844B4cE37794d79a7FF1C
11567409,1609490835,729571015826022636235699,6434833741029322955853688,4258171509925760088128731,0x514910771AF9Ca656af840dff83E8264EcF986CA,0x1F573D6Fb3F13d689FF844B4cE37794d79a7FF1C
11568909,1609510603,709841690209630364950860,6615802634933179894281382,4258171509925760088128731,0x514910771AF9Ca656af840dff83E8264EcF986CA,0x1F573D6Fb3F13d689FF844B4cE37794d79a7FF1C
11570409,1609530247,715211059594733782911322,6566702340473069470525123,4258171509925760088128731,0x514910771AF9Ca656af840dff83E8264EcF986CA,0x1F573D6Fb3F13d689FF844B4cE37794d79a7FF1C
11571909,1609550269,718019177843415611657157,6542258923912146363748525,4258171509925760088128731,0x514910771AF9Ca656af840dff83E8264EcF986CA,0x1F573D6Fb3F13d689FF844B4cE37794d79a7FF1C
11573409,1609569638,719551097251279240210637,6528785937990642684728648,4258171509925760088128731,0x514910771AF9Ca656af840dff83E8264EcF986CA,0x1F573D6Fb3F13d689FF844B4cE37794d79a7FF1C
11574909,1609589349,719290580649898902214974,6531333237233399325834826,4258171509925760088128731,0x514910771AF9Ca656af840dff83E8264EcF986CA,0x1F573D6Fb3F13d689FF844B4cE37794d79a7FF1C
11576409,1609609414,712652586575633861954309,6592791869566181072634085,4258171509925760088128731,0x514910771AF9Ca656af840dff83E8264EcF986CA,0x1F573D6Fb3F13d689FF844B4cE37794d79a7FF1C
11577909,1609628785,710180605780053003948772,6616024870663161664552825,4258171509925760088128731,0x514910771AF9Ca656af840dff83E8264EcF986CA,0x1F573D6Fb3F13d689FF844B4cE37794d79a7FF1C
11579409,1609649247,710647723407168204419770,6612061383161851397672093,4258171509925760088128731,0x514910771AF9Ca656af840dff83E8264EcF986CA,0x1F573D6Fb3F13d689FF844B4cE37794d79a7FF1C
11580909,1609669126,707850700934176768131870,6638892787008969807053664,4258171509925760088128731,0x514910771AF9Ca656af840dff83E8264EcF986CA,0x1F573D6Fb3F13d689FF844B4cE37794d79a7FF1C
11582409,1609688545,706262162271417417334299,6654649176395834235927639,4258171509925760088128731,0x514910771AF9Ca656af840dff83E8264EcF986CA,0x1F573D6Fb3F13d689FF844B4cE37794d79a7FF1C
11583909,1609708335,700174710096929933489593,6712798205160957170194249,4258171509925760088128731,0x514910771AF9Ca656af840dff83E8264EcF986CA,0x1F573D6Fb3F13d689FF844B4cE37794d79a7FF1C
11585409,1609728839,688538439437902776613609,6827534034134632725278894,4258171509925760088128731,0x514910771AF9Ca656af840dff83E8264EcF986CA,0x1F573D6Fb3F13d689FF844B4cE37794d79a7FF1C
11586909,1609748736,688048222042642646025570,6833849264793013228925563,4258171509925760088128731,0x514910771AF9Ca656af840dff83E8264EcF986CA,0x1F573D6Fb3F13d689FF844B4cE37794d79a7FF1C
11588409,1609769315,690309645652434778804705,6812508925838383022131499,4258171509925760088128731,0x514910771AF9Ca656af840dff83E8264EcF986CA,0x1F573D6Fb3F13d689FF844B4cE37794d79a7FF1C
11589909,1609788566,692366379217410990086079,6792555224294519050166085,4258171509925760088128731,0x514910771AF9Ca656af840dff83E8264EcF986CA,0x1F573D6Fb3F13d689FF844B4cE37794d79a7FF1C
11591409,1609808177,696349743882727097470554,6824380332542236388017024,4280224950900507669794730,0x514910771AF9Ca656af840dff83E8264EcF986CA,0x1F573D6Fb3F13d689FF844B4cE37794d79a7FF1C
11592909,1609828363,701200523952023933764368,6820204279692874173107431,4293647398442029050579980,0x514910771AF9Ca656af840dff83E8264EcF986CA,0x1F573D6Fb3F13d689FF844B4cE37794d79a7FF1C
11594409,1609848691,748759665216419705000692,7522387930086941500810166,4659484167841173066683203,0x514910771AF9Ca656af840dff83E8264EcF986CA,0x1F573D6Fb3F13d689FF844B4cE37794d79a7FF1C
11595909,1609868179,750003411000167040693398,7516873752302597948924892,4661553647458674997320450,0x514910771AF9Ca656af840dff83E8264EcF986CA,0x1F573D6Fb3F13d689FF844B4cE37794d79a7FF1C
11597409,1609887533,758419706633291795863761,7434105782930324025330968,4661553647458674997320450,0x514910771AF9Ca656af840dff83E8264EcF986CA,0x1F573D6Fb3F13d689FF844B4cE37794d79a7FF1C
11598909,1609908278,772739678304986597611636,7297255346339494839500844,4661553647458674997320450,0x514910771AF9Ca656af840dff83E8264EcF986CA,0x1F573D6Fb3F13d689FF844B4cE37794d79a7FF1C
11600409,1609927933,762297389976175814438212,7397722660634331712057476,4661553647458674997320450,0x514910771AF9Ca656af840dff83E8264EcF986CA,0x1F573D6Fb3F13d689FF844B4cE37794d79a7FF1C
11601909,1609947428,733402609978455412038111,7692451220249458444404103,4661553647458674997320450,0x514910771AF9Ca656af840dff83E8264EcF986CA,0x1F573D6Fb3F13d689FF844B4cE37794d79a7FF1C
11603409,1609967243,733334034401551638850671,7670979815142778841888381,4654596023885002654545364,0x514910771AF9Ca656af840dff83E8264EcF986CA,0x1F573D6Fb3F13d689FF844B4cE37794d79a7FF1C
11604909,1609987345,727743866964016519376869,7757118902388207089844856,4662494177592983056226770,0x514910771AF9Ca656af840dff83E8264EcF986CA,0x1F573D6Fb3F13d689FF844B4cE37794d79a7FF1C
11606409,1610007392,735499036326400710082719,7677710026742711208636844,4663091914195490549562720,0x514910771AF9Ca656af840dff83E8264EcF986CA,0x1F573D6Fb3F13d689FF844B4cE37794d79a7FF1C
11607909,1610027351,741970527417336312960035,7611667058407786016341724,4663091914195490549562720,0x514910771AF9Ca656af840dff83E8264EcF986CA,0x1F573D6Fb3F13d689FF844B4cE37794d79a7FF1C
11609409,1610047396,748674505456511608417325,7544415793302384179349601,4663091914195490549562720,0x514910771AF9Ca656af840dff83E8264EcF986CA,0x1F573D6Fb3F13d689FF844B4cE37794d79a7FF1C
11610909,1610067681,752644384169427126503504,7504574977028713012193049,4662915839616102014819091,0x514910771AF9Ca656af840dff83E8264EcF986CA,0x1F573D6Fb3F13d689FF844B4cE37794d79a7FF1C
11612409,1610087527,756970466537437468028813,7462155270263462283254035,4662915839616102014819091,0x514910771AF9Ca656af840dff83E8264EcF986CA,0x1F573D6Fb3F13d689FF844B4cE37794d79a7FF1C
11613909,1610106562,753495715036881445530471,7496740513521329887262295,4662915839616102014819091,0x514910771AF9Ca656af840dff83E8264EcF986CA,0x1F573D6Fb3F13d689FF844B4cE37794d79a7FF1C
11615409,1610126489,756334015492293226500410,7468840405068713849864408,4662915839616102014819091,0x514910771AF9Ca656af840dff83E8264EcF986CA,0x1F573D6Fb3F13d689FF844B4cE37794d79a7FF1C
11616909,1610146655,758951502936176085517873,7443210423532039415109175,4662915839616102014819091,0x514910771AF9Ca656af840dff83E8264EcF986CA,0x1F573D6Fb3F13d689FF844B4cE37794d79a7FF1C
11618409,1610166087,749940229078362808056561,7533130734296848060623251,4662915839616102014819091,0x514910771AF9Ca656af840dff83E8264EcF986CA,0x1F573D6Fb3F13d689FF844B4cE37794d79a7FF1C
11619909,1610186272,751518976297698395296025,7517524320760869034110810,4662915839616102014819091,0x514910771AF9Ca656af840dff83E8264EcF986CA,0x1F573D6Fb3F13d689FF844B4cE37794d79a7FF1C
11621409,1610206888,745524649890826838104504,7573649895656184710084742,4661407296614464752740454,0x514910771AF9Ca656af840dff83E8264EcF986CA,0x1F573D6Fb3F13d689FF844B4cE37794d79a7FF1C
11622909,1610226243,730584998668673738585758,7729579393236774391806885,4661407296614464752740454,0x514910771AF9Ca656af840dff83E8264EcF986CA,0x1F573D6Fb3F13d689FF844B4cE37794d79a7FF1C
11624409,1610246508,726373322602781183089627,7777109091294335269084765,4661407296614464752740454,0x514910771AF9Ca656af840dff83E8264EcF986CA,0x1F573D6Fb3F13d689FF844B4cE37794d79a7FF1C
11625909,1610266200,717478009588991690101946,7722828635829864581944798,4616474157598590376527562,0x514910771AF9Ca656af840dff83E8264EcF986CA,0x1F573D6Fb3F13d689FF844B4cE37794d79a7FF1C
11627409,1610285716,727735354089717680473592,7679040890592918213908440,4635992944126997610662697,0x514910771AF9Ca656af840dff83E8264EcF986CA,0x1F573D6Fb3F13d689FF844B4cE37794d79a7FF1C
11628909,1610305468,752677107831956008884073,7856610350338847849165362,4768934624534580659342297,0x514910771AF9Ca656af840dff83E8264EcF986CA,0x1F573D6Fb3F13d689FF844B4cE37794d79a7FF1C
11630409,1610325549,775457483155119010707870,8005576625938046569428452,4886149617665547979325067,0x514910771AF9Ca656af840dff83E8264EcF986CA,0x1F573D6Fb3F13d689FF844B4cE37794d79a7FF1C
11631909,1610346063,777875864341657393104078,7980975858723082170747100,4886149617665547979325067,0x514910771AF9Ca656af840dff83E8264EcF986CA,0x1F573D6Fb3F13d689FF844B4cE37794d79a7FF1C
11633409,1610365477,802628976508306588639205,8199712823486917217915453,5030793343541091808171884,0x514910771AF9Ca656af840dff83E8264EcF986CA,0x1F573D6Fb3F13d689FF844B4cE37794d79a7FF1C
11634909,1610385171,800402218083057112927022,8222991433094932654522463,5030793343541091808171884,0x514910771AF9Ca656af840dff83E8264EcF986CA,0x1F573D6Fb3F13d689FF844B4cE37794d79a7FF1C
11636409,1610404693,810600698487192560645776,8334537965434451063654131,5096914841891941390544756,0x514910771AF9Ca656af840dff83E8264EcF986CA,0x1F573D6Fb3F13d689FF844B4cE37794d79a7FF1C
11637909,1610424745,807432160757646667985312,8400238352678920637978217,5106868438043389851513960,0x514910771AF9Ca656af840dff83E8264EcF986CA,0x1F573D6Fb3F13d689FF844B4cE37794d79a7FF1C
11639409,1610444735,807202993210408351533509,8417622550315078321698026,5111303970983217019510678,0x514910771AF9Ca656af840dff83E8264EcF986CA,0x1F573D6Fb3F13d689FF844B4cE37794d79a7FF1C
11640909,1610465193,829252513150738799059379,8628806383667476545789390,5245170874260243415519242,0x514910771AF9Ca656af840dff83E8264EcF986CA,0x1F573D6Fb3F13d689FF844B4cE37794d79a7FF1C
11642409,1610484253,838004586494473924062887,8589718314094885514147392,5260780916074503163418700,0x514910771AF9Ca656af840dff83E8264EcF986CA,0x1F573D6Fb3F13d689FF844B4cE37794d79a7FF1C
11643909,1610503982,817166717174485971915308,8273497450914281617379009,5098381863013728122755614,0x514910771AF9Ca656af840dff83E8264EcF986CA,0x1F573D6Fb3F13d689FF844B4cE37794d79a7FF1C
11645409,1610524357,864978679158825431098918,8824916189271992459647617,5417332405336498109743458,0x514910771AF9Ca656af840dff83E8264EcF986CA,0x1F573D6Fb3F13d689FF844B4cE37794d79a7FF1C
11646909,1610545004,895074405210949035941439,9272355488005711615828251,5648630186849649588074830,0x514910771AF9Ca656af840dff83E8264EcF986CA,0x1F573D6Fb3F13d689FF844B4cE37794d79a7FF1C
11648409,1610563744,883011727806308080732120,9510586198585170971938326,5681918163885767207707365,0x514910771AF9Ca656af840dff83E8264EcF986CA,0x1F573D6Fb3F13d689FF844B4cE37794d79a7FF1C
11649909,1610582752,909279830648926911282123,9628534833557076976574440,5801343946517904886513347,0x514910771AF9Ca656af840dff83E8264EcF986CA,0x1F573D6Fb3F13d689FF844B4cE37794d79a7FF1C
11651409,1610602730,912872560267396511073562,9590838640301776484320242,5801343946517904886513347,0x514910771AF9Ca656af840dff83E8264EcF986CA,0x1F573D6Fb3F13d689FF844B4cE37794d79a7FF1C
11652909,1610623140,917870708657233892993317,9538730753723182886470144,5801343946517904886513347,0x514910771AF9Ca656af840dff83E8264EcF986CA,0x1F573D6Fb3F13d689FF844B4cE37794d79a7FF1C
11654409,1610643307,916167677444431157247515,9556927841813713062317551,5801343946517904886513347,0x514910771AF9Ca656af840dff83E8264EcF986CA,0x1F573D6Fb3F13d689FF844B4cE37794d79a7FF1C
11655909,1610663631,917048512703089020892818,9563328794154002868043471,5805893308919267412839751,0x514910771AF9Ca656af840dff83E8264EcF986CA,0x1F573D6Fb3F13d689FF844B4cE37794d79a7FF1C
11657409,1610684202,911043313264504127334030,9636443061956369409345453,5808686631368522729880429,0x514910771AF9Ca656af840dff83E8264EcF986CA,0x1F573D6Fb3F13d689FF844B4cE37794d79a7FF1C
11658909,1610703450,901144126712132638359529,9743517660932124460966086,5808944043147596117826109,0x514910771AF9Ca656af840dff83E8264EcF986CA,0x1F573D6Fb3F13d689FF844B4cE37794d79a7FF1C
11660409,1610723262,871901164384708262320408,10071941100591341808263173,5809062878601729052093982,0x514910771AF9Ca656af840dff83E8264EcF986CA,0x1F573D6Fb3F13d689FF844B4cE37794d79a7FF1C
11661909,1610742470,865292102494278152289305,10127734078126220330731153,5802718541994554670699271,0x514910771AF9Ca656af840dff83E8264EcF986CA,0x1F573D6Fb3F13d689FF844B4cE37794d79a7FF1C
11663409,1610762123,840021587744503090874334,10463455449207123293344204,5810884339997426130277523,0x514910771AF9Ca656af840dff83E8264EcF986CA,0x1F573D6Fb3F13d689FF844B4cE37794d79a7FF1C
11664909,1610781713,839616938287838111534694,10453235607356429929446797,5806316084770694013176441,0x514910771AF9Ca656af840dff83E8264EcF986CA,0x1F573D6Fb3F13d689FF844B4cE37794d79a7FF1C
11666409,1610802180,851457399799582106696946,10402407536801972755175763,5832631318696941033770611,0x514910771AF9Ca656af840dff83E8264EcF986CA,0x1F573D6Fb3F13d689FF844B4cE37794d79a7FF1C
11667909,1610822444,863803027434941620266110,10268552705779964479661990,5836703944234838803359708,0x514910771AF9Ca656af840dff83E8264EcF986CA,0x1F573D6Fb3F13d689FF844B4cE37794d79a7FF1C
11669409,1610842198,878655580789348959929203,10126447243788778272304719,5845597809872591816708018,0x514910771AF9Ca656af840dff83E8264EcF986CA,0x1F573D6Fb3F13d689FF844B4cE37794d79a7FF1C
11670909,1610862410,872332979813080358053947,10207150873403867983856768,5847520162797209208307528,0x514910771AF9Ca656af840dff83E8264EcF986CA,0x1F573D6Fb3F13d689FF844B4cE37794d79a7FF1C
11672409,1610882461,864956445722709809233769,10298082137836163712063945,5848520567285785409764495,0x514910771AF9Ca656af840dff83E8264EcF986CA,0x1F573D6Fb3F13d689FF844B4cE37794d79a7FF1C
11673909,1610902548,857841728285978580955129,10486932011720891149522984,5877410125677829975198766,0x514910771AF9Ca656af840dff83E8264EcF986CA,0x1F573D6Fb3F13d689FF844B4cE37794d79a7FF1C
