block,timestamp,reserve0,reserve1,totalsupply,reserve0tkn,reserve1tkn
12117000,1616792832,1101570000000000000000,2535000000000000000000,1000000000000000000000,0x6B3595068778DD592e39A122f4f5a5cF09C90fE2,0x1F573D6Fb3F13d689FF844B4cE37794d79a7FF1C
12118000,1616806015,1101570000000000000000,2535000000000000000000,1000000000000000000000,0x6B3595068778DD592e39A122f4f5a5cF09C90fE2,0x1F573D6Fb3F13d689FF844B4cE37794d79a7FF1C
12119000,1616819146,1101570000000000000000,2535000000000000000000,1000000000000000000000,0x6B3595068778DD592e39A122f4f5a5cF09C90fE2,0x1F573D6Fb3F13d689FF844B4cE37794d79a7FF1C
12120000,1616832819,1101570000000000000000,2535000000000000000000,1000000000000000000000,0x6B3595068778DD592e39A122f4f5a5cF09C90fE2,0x1F573D6Fb3F13d689FF844B4cE37794d79a7FF1C
12121000,1616847213,1101570000000000000000,2535000000000000000000,1000000000000000000000,0x6B3595068778DD592e39A122f4f5a5cF09C90fE2,0x1F573D6Fb3F13d689FF844B4cE37794d79a7FF1C
12122000,1616860253,1101570000000000000000,2535000000000000000000,1000000000000000000000,0x6B3595068778DD592e39A122f4f5a5cF09C90fE2,0x1F573D6Fb3F13d689FF844B4cE37794d79a7FF1C
12123000,1616873317,1101570000000000000000,2535000000000000000000,1000000000000000000000,0x6B3595068778DD592e39A122f4f5a5cF09C90fE2,0x1F573D6Fb3F13d689FF844B4cE37794d79a7FF1C
12124000,1616886218,1101570000000000000000,2535000000000000000000,1000000000000000000000,0x6B3595068778DD592e39A122f4f5a5cF09C90fE2,0x1F573D6Fb3F13d689FF844B4cE37794d79a7FF1C
12125000,1616899472,1145073508975398417705,2438883172914714294612,1000000000000000000000,0x6B3595068778DD592e39A122f4f5a5cF09C90fE2,0x1F573D6Fb3F13d689FF844B4cE37794d79a7FF1C
12126000,1616913153,1145073508975398417705,2438883172914714294612,1000000000000000000000,0x6B3595068778DD592e39A122f4f5a5cF09C90fE2,0x1F573D6Fb3F13d689FF844B4cE37794d79a7FF1C
12127000,1616925873,1145073508975398417705,2438883172914714294612,1000000000000000000000,0x6B3595068778DD592e39A122f4f5a5cF09C90fE2,0x1F573D6Fb3F13d689FF844B4cE37794d79a7FF1C
12128000,1616939693,1145073508975398417705,2438883172914714294612,1000000000000000000000,0x6B3595068778DD592e39A122f4f5a5cF09C90fE2,0x1F573D6Fb3F13d689FF844B4cE37794d79a7FF1C
12129000,1616952661,1145073508975398417705,2438883172914714294612,1000000000000000000000,0x6B3595068778DD592e39A122f4f5a5cF09C90fE2,0x1F573D6Fb3F13d689FF844B4cE37794d79a7FF1C
12130000,1616965898,1145073508975398417705,2438883172914714294612,1000000000000000000000,0x6B3595068778DD592e39A122f4f5a5cF09C90fE2,0x1F573D6Fb3F13d689FF844B4cE37794d79a7FF1C
12131000,1616979204,1000000000000000000000,2122000000000000000000,1000000000000000000000,0x6B3595068778DD592e39A122f4f5a5cF09C90fE2,0x1F573D6Fb3F13d689FF844B4cE37794d79a7FF1C
12132000,1616992612,1000000000000000000000,2122000000000000000000,1000000000000000000000,0x6B3595068778DD592e39A122f4f5a5cF09C90fE2,0x1F573D6Fb3F13d689FF844B4cE37794d79a7FF1C
12133000,1617005829,968048595126173582551,2192183716931345805461,1000000000000000000000,0x6B3595068778DD592e39A122f4f5a5cF09C90fE2,0x1F573D6Fb3F13d689FF844B4cE37794d79a7FF1C
12134000,1617018994,968048595126173582551,2192183716931345805461,1000000000000000000000,0x6B3595068778DD592e39A122f4f5a5cF09C90fE2,0x1F573D6Fb3F13d689FF844B4cE37794d79a7FF1C
12135000,1617032146,1025069312106273908425,2070484739073339110290,1000000000000000000000,0x6B3595068778DD592e39A122f4f5a5cF09C90fE2,0x1F573D6Fb3F13d689FF844B4cE37794d79a7FF1C
12136000,1617045724,1025069312106273908425,2070484739073339110290,1000000000000000000000,0x6B3595068778DD592e39A122f4f5a5cF09C90fE2,0x1F573D6Fb3F13d689FF844B4cE37794d79a7FF1C
12137000,1617059002,1025069312106273908425,2070484739073339110290,1000000000000000000000,0x6B3595068778DD592e39A122f4f5a5cF09C90fE2,0x1F573D6Fb3F13d689FF844B4cE37794d79a7FF1C
12138000,1617072527,1025069312106273908425,2070484739073339110290,1000000000000000000000,0x6B3595068778DD592e39A122f4f5a5cF09C90fE2,0x1F573D6Fb3F13d689FF844B4cE37794d79a7FF1C
12139000,1617085455,1026669312106273908425,2067264471366525567727,1000000000000000000000,0x6B3595068778DD592e39A122f4f5a5cF09C90fE2,0x1F573D6Fb3F13d689FF844B4cE37794d79a7FF1C
12140000,1617099055,1026669312106273908425,2067264471366525567727,1000000000000000000000,0x6B3595068778DD592e39A122f4f5a5cF09C90fE2,0x1F573D6Fb3F13d689FF844B4cE37794d79a7FF1C
12141000,1617112359,1026669312106273908425,2067264471366525567727,1000000000000000000000,0x6B3595068778DD592e39A122f4f5a5cF09C90fE2,0x1F573D6Fb3F13d689FF844B4cE37794d79a7FF1C
12142000,1617125858,1026669312106273908425,2067264471366525567727,1000000000000000000000,0x6B3595068778DD592e39A122f4f5a5cF09C90fE2,0x1F573D6Fb3F13d689FF844B4cE37794d79a7FF1C
12143000,1617138376,1026669312106273908425,2067264471366525567727,1000000000000000000000,0x6B3595068778DD592e39A122f4f5a5cF09C90fE2,0x1F573D6Fb3F13d689FF844B4cE37794d79a7FF1C
12144000,1617151442,1026669312106273908425,2067264471366525567727,1000000000000000000000,0x6B3595068778DD592e39A122f4f5a5cF09C90fE2,0x1F573D6Fb3F13d689FF844B4cE37794d79a7FF1C
12145000,1617165393,1026669312106273908425,2067264471366525567727,1000000000000000000000,0x6B3595068778DD592e39A122f4f5a5cF09C90fE2,0x1F573D6Fb3F13d689FF844B4cE37794d79a7FF1C
12146000,1617178635,1026669312106273908425,2067264471366525567727,1000000000000000000000,0x6B3595068778DD592e39A122f4f5a5cF09C90fE2,0x1F573D6Fb3F13d689FF844B4cE37794d79a7FF1C
12147000,1617192122,1026669312106273908425,2067264471366525567727,1000000000000000000000,0x6B3595068778DD592e39A122f4f5a5cF09C90fE2,0x1F573D6Fb3F13d689FF844B4cE37794d79a7FF1C
12148000,1617205755,1026669312106273908425,2067264471366525567727,1000000000000000000000,0x6B3595068778DD592e39A122f4f5a5cF09C90fE2,0x1F573D6Fb3F13d689FF844B4cE37794d79a7FF1C
12149000,1617218416,1026669312106273908425,2067264471366525567727,1000000000000000000000,0x6B3595068778DD592e39A122f4f5a5cF09C90fE2,0x1F573D6Fb3F13d689FF844B4cE37794d79a7FF1C
12150000,1617231494,1026669312106273908425,2067264471366525567727,1000000000000000000000,0x6B3595068778DD592e39A122f4f5a5cF09C90fE2,0x1F573D6Fb3F13d689FF844B4cE37794d79a7FF1C
12151000,1617244892,1026669312106273908425,2067264471366525567727,1000000000000000000000,0x6B3595068778DD592e39A122f4f5a5cF09C90fE2,0x1F573D6Fb3F13d689FF844B4cE37794d79a7FF1C
12152000,1617258592,1026669312106273908425,2067264471366525567727,1000000000000000000000,0x6B3595068778DD592e39A122f4f5a5cF09C90fE2,0x1F573D6Fb3F13d689FF844B4cE37794d79a7FF1C
12153000,1617271890,1065499738249001313001,1992077015212111438123,1000000000000000000000,0x6B3595068778DD592e39A122f4f5a5cF09C90fE2,0x1F573D6Fb3F13d689FF844B4cE37794d79a7FF1C
12154000,1617285487,1065499738249001313001,1992077015212111438123,1000000000000000000000,0x6B3595068778DD592e39A122f4f5a5cF09C90fE2,0x1F573D6Fb3F13d689FF844B4cE37794d79a7FF1C
12155000,1617298914,1065499738249001313001,1992077015212111438123,1000000000000000000000,0x6B3595068778DD592e39A122f4f5a5cF09C90fE2,0x1F573D6Fb3F13d689FF844B4cE37794d79a7FF1C
12156000,1617311813,1065499738249001313001,1992077015212111438123,1000000000000000000000,0x6B3595068778DD592e39A122f4f5a5cF09C90fE2,0x1F573D6Fb3F13d689FF844B4cE37794d79a7FF1C
12157000,1617324862,1065499738249001313001,1992077015212111438123,1000000000000000000000,0x6B3595068778DD592e39A122f4f5a5cF09C90fE2,0x1F573D6Fb3F13d689FF844B4cE37794d79a7FF1C
12158000,1617338231,1065499738249001313001,1992077015212111438123,1000000000000000000000,0x6B3595068778DD592e39A122f4f5a5cF09C90fE2,0x1F573D6Fb3F13d689FF844B4cE37794d79a7FF1C
12159000,1617351842,1012078498915381646169,2097448059805790146737,1000000000000000000000,0x6B3595068778DD592e39A122f4f5a5cF09C90fE2,0x1F573D6Fb3F13d689FF844B4cE37794d79a7FF1C
12160000,1617365592,1012078498915381646169,2097448059805790146737,1000000000000000000000,0x6B3595068778DD592e39A122f4f5a5cF09C90fE2,0x1F573D6Fb3F13d689FF844B4cE37794d79a7FF1C
12161000,1617379022,1012078498915381646169,2097448059805790146737,1000000000000000000000,0x6B3595068778DD592e39A122f4f5a5cF09C90fE2,0x1F573D6Fb3F13d689FF844B4cE37794d79a7FF1C
12162000,1617391685,1012078498915381646169,2097448059805790146737,1000000000000000000000,0x6B3595068778DD592e39A122f4f5a5cF09C90fE2,0x1F573D6Fb3F13d689FF844B4cE37794d79a7FF1C
12163000,1617404800,1012078498915381646169,2097448059805790146737,1000000000000000000000,0x6B3595068778DD592e39A122f4f5a5cF09C90fE2,0x1F573D6Fb3F13d689FF844B4cE37794d79a7FF1C
12164000,1617418094,1012078498915381646169,2097448059805790146737,1000000000000000000000,0x6B3595068778DD592e39A122f4f5a5cF09C90fE2,0x1F573D6Fb3F13d689FF844B4cE37794d79a7FF1C
12165000,1617431106,1012078498915381646169,2097448059805790146737,1000000000000000000000,0x6B3595068778DD592e39A122f4f5a5cF09C90fE2,0x1F573D6Fb3F13d689FF844B4cE37794d79a7FF1C
12166000,1617444930,1012078498915381646169,2097448059805790146737,1000000000000000000000,0x6B3595068778DD592e39A122f4f5a5cF09C90fE2,0x1F573D6Fb3F13d689FF844B4cE37794d79a7FF1C
12167000,1617458370,1012078498915381646169,2097448059805790146737,1000000000000000000000,0x6B3595068778DD592e39A122f4f5a5cF09C90fE2,0x1F573D6Fb3F13d689FF844B4cE37794d79a7FF1C
12168000,1617471461,1012078498915381646169,2097448059805790146737,1000000000000000000000,0x6B3595068778DD592e39A122f4f5a5cF09C90fE2,0x1F573D6Fb3F13d689FF844B4cE37794d79a7FF1C
12169000,1617484912,1012078498915381646169,2097448059805790146737,1000000000000000000000,0x6B3595068778DD592e39A122f4f5a5cF09C90fE2,0x1F573D6Fb3F13d689FF844B4cE37794d79a7FF1C
12170000,1617497679,1012078498915381646169,2097448059805790146737,1000000000000000000000,0x6B3595068778DD592e39A122f4f5a5cF09C90fE2,0x1F573D6Fb3F13d689FF844B4cE37794d79a7FF1C
12171000,1617511290,1012078498915381646169,2097448059805790146737,1000000000000000000000,0x6B3595068778DD592e39A122f4f5a5cF09C90fE2,0x1F573D6Fb3F13d689FF844B4cE37794d79a7FF1C
12172000,1617524192,1012078498915381646169,2097448059805790146737,1000000000000000000000,0x6B3595068778DD592e39A122f4f5a5cF09C90fE2,0x1F573D6Fb3F13d689FF844B4cE37794d79a7FF1C
12173000,1617538056,1012078498915381646169,2097448059805790146737,1000000000000000000000,0x6B3595068778DD592e39A122f4f5a5cF09C90fE2,0x1F573D6Fb3F13d689FF844B4cE37794d79a7FF1C
12174000,1617550818,1012078498915381646169,2097448059805790146737,1000000000000000000000,0x6B3595068778DD592e39A122f4f5a5cF09C90fE2,0x1F573D6Fb3F13d689FF844B4cE37794d79a7FF1C
12175000,1617563700,1012078498915381646169,2097448059805790146737,1000000000000000000000,0x6B3595068778DD592e39A122f4f5a5cF09C90fE2,0x1F573D6Fb3F13d689FF844B4cE37794d79a7FF1C
12176000,1617576828,1012078498915381646169,2097448059805790146737,1000000000000000000000,0x6B3595068778DD592e39A122f4f5a5cF09C90fE2,0x1F573D6Fb3F13d689FF844B4cE37794d79a7FF1C
12177000,1617589945,1012078498915381646169,2097448059805790146737,1000000000000000000000,0x6B3595068778DD592e39A122f4f5a5cF09C90fE2,0x1F573D6Fb3F13d689FF844B4cE37794d79a7FF1C
12178000,1617603757,1012078498915381646169,2097448059805790146737,1000000000000000000000,0x6B3595068778DD592e39A122f4f5a5cF09C90fE2,0x1F573D6Fb3F13d689FF844B4cE37794d79a7FF1C
12179000,1617616703,1012078498915381646169,2097448059805790146737,1000000000000000000000,0x6B3595068778DD592e39A122f4f5a5cF09C90fE2,0x1F573D6Fb3F13d689FF844B4cE37794d79a7FF1C
12180000,1617630151,1012078498915381646169,2097448059805790146737,1000000000000000000000,0x6B3595068778DD592e39A122f4f5a5cF09C90fE2,0x1F573D6Fb3F13d689FF844B4cE37794d79a7FF1C
12181000,1617643647,1012078498915381646169,2097448059805790146737,1000000000000000000000,0x6B3595068778DD592e39A122f4f5a5cF09C90fE2,0x1F573D6Fb3F13d689FF844B4cE37794d79a7FF1C
12182000,1617656884,1012078498915381646169,2097448059805790146737,1000000000000000000000,0x6B3595068778DD592e39A122f4f5a5cF09C90fE2,0x1F573D6Fb3F13d689FF844B4cE37794d79a7FF1C
12183000,1617669897,1012078498915381646169,2097448059805790146737,1000000000000000000000,0x6B3595068778DD592e39A122f4f5a5cF09C90fE2,0x1F573D6Fb3F13d689FF844B4cE37794d79a7FF1C
12184000,1617683681,1012078498915381646169,2097448059805790146737,1000000000000000000000,0x6B3595068778DD592e39A122f4f5a5cF09C90fE2,0x1F573D6Fb3F13d689FF844B4cE37794d79a7FF1C
12185000,1617697097,1012078498915381646169,2097448059805790146737,1000000000000000000000,0x6B3595068778DD592e39A122f4f5a5cF09C90fE2,0x1F573D6Fb3F13d689FF844B4cE37794d79a7FF1C
12186000,1617710007,1012078498915381646169,2097448059805790146737,1000000000000000000000,0x6B3595068778DD592e39A122f4f5a5cF09C90fE2,0x1F573D6Fb3F13d689FF844B4cE37794d79a7FF1C
12187000,1617723173,1012078498915381646169,2097448059805790146737,1000000000000000000000,0x6B3595068778DD592e39A122f4f5a5cF09C90fE2,0x1F573D6Fb3F13d689FF844B4cE37794d79a7FF1C
12188000,1617736185,1012078498915381646169,2097448059805790146737,1000000000000000000000,0x6B3595068778DD592e39A122f4f5a5cF09C90fE2,0x1F573D6Fb3F13d689FF844B4cE37794d79a7FF1C
12189000,1617749591,1012078498915381646169,2097448059805790146737,1000000000000000000000,0x6B3595068778DD592e39A122f4f5a5cF09C90fE2,0x1F573D6Fb3F13d689FF844B4cE37794d79a7FF1C
12190000,1617762714,1012078498915381646169,2097448059805790146737,1000000000000000000000,0x6B3595068778DD592e39A122f4f5a5cF09C90fE2,0x1F573D6Fb3F13d689FF844B4cE37794d79a7FF1C
12191000,1617775753,1012078498915381646169,2097448059805790146737,1000000000000000000000,0x6B3595068778DD592e39A122f4f5a5cF09C90fE2,0x1F573D6Fb3F13d689FF844B4cE37794d79a7FF1C
12192000,1617789475,1012078498915381646169,2097448059805790146737,1000000000000000000000,0x6B3595068778DD592e39A122f4f5a5cF09C90fE2,0x1F573D6Fb3F13d689FF844B4cE37794d79a7FF1C
12193000,1617802798,1012078498915381646169,2097448059805790146737,1000000000000000000000,0x6B3595068778DD592e39A122f4f5a5cF09C90fE2,0x1F573D6Fb3F13d689FF844B4cE37794d79a7FF1C
12194000,1617816175,1012078498915381646169,2097448059805790146737,1000000000000000000000,0x6B3595068778DD592e39A122f4f5a5cF09C90fE2,0x1F573D6Fb3F13d689FF844B4cE37794d79a7FF1C
12195000,1617829118,1012078498915381646169,2097448059805790146737,1000000000000000000000,0x6B3595068778DD592e39A122f4f5a5cF09C90fE2,0x1F573D6Fb3F13d689FF844B4cE37794d79a7FF1C
12196000,1617842205,1012078498915381646169,2097448059805790146737,1000000000000000000000,0x6B3595068778DD592e39A122f4f5a5cF09C90fE2,0x1F573D6Fb3F13d689FF844B4cE37794d79a7FF1C
12197000,1617855865,1012078498915381646169,2097448059805790146737,1000000000000000000000,0x6B3595068778DD592e39A122f4f5a5cF09C90fE2,0x1F573D6Fb3F13d689FF844B4cE37794d79a7FF1C
12198000,1617869409,1012078498915381646169,2097448059805790146737,1000000000000000000000,0x6B3595068778DD592e39A122f4f5a5cF09C90fE2,0x1F573D6Fb3F13d689FF844B4cE37794d79a7FF1C
12199000,1617883043,1012078498915381646169,2097448059805790146737,1000000000000000000000,0x6B3595068778DD592e39A122f4f5a5cF09C90fE2,0x1F573D6Fb3F13d689FF844B4cE37794d79a7FF1C
12200000,1617895961,1012078498915381646169,2097448059805790146737,1000000000000000000000,0x6B3595068778DD592e39A122f4f5a5cF09C90fE2,0x1F573D6Fb3F13d689FF844B4cE37794d79a7FF1C
12201000,1617909299,1012078498915381646169,2097448059805790146737,1000000000000000000000,0x6B3595068778DD592e39A122f4f5a5cF09C90fE2,0x1F573D6Fb3F13d689FF844B4cE37794d79a7FF1C
12202000,1617922578,1012078498915381646169,2097448059805790146737,1000000000000000000000,0x6B3595068778DD592e39A122f4f5a5cF09C90fE2,0x1F573D6Fb3F13d689FF844B4cE37794d79a7FF1C
12203000,1617935829,1012078498915381646169,2097448059805790146737,1000000000000000000000,0x6B3595068778DD592e39A122f4f5a5cF09C90fE2,0x1F573D6Fb3F13d689FF844B4cE37794d79a7FF1C
12204000,1617949347,1012078498915381646169,2097448059805790146737,1000000000000000000000,0x6B3595068778DD592e39A122f4f5a5cF09C90fE2,0x1F573D6Fb3F13d689FF844B4cE37794d79a7FF1C
12205000,1617962716,1012078498915381646169,2097448059805790146737,1000000000000000000000,0x6B3595068778DD592e39A122f4f5a5cF09C90fE2,0x1F573D6Fb3F13d689FF844B4cE37794d79a7FF1C
12206000,1617976422,1012078498915381646169,2097448059805790146737,1000000000000000000000,0x6B3595068778DD592e39A122f4f5a5cF09C90fE2,0x1F573D6Fb3F13d689FF844B4cE37794d79a7FF1C
12207000,1617989361,1012078498915381646169,2097448059805790146737,1000000000000000000000,0x6B3595068778DD592e39A122f4f5a5cF09C90fE2,0x1F573D6Fb3F13d689FF844B4cE37794d79a7FF1C
12208000,1618002651,1012078498915381646169,2097448059805790146737,1000000000000000000000,0x6B3595068778DD592e39A122f4f5a5cF09C90fE2,0x1F573D6Fb3F13d689FF844B4cE37794d79a7FF1C
12209000,1618015773,1012078498915381646169,2097448059805790146737,1000000000000000000000,0x6B3595068778DD592e39A122f4f5a5cF09C90fE2,0x1F573D6Fb3F13d689FF844B4cE37794d79a7FF1C
12210000,1618029001,1012078498915381646169,2097448059805790146737,1000000000000000000000,0x6B3595068778DD592e39A122f4f5a5cF09C90fE2,0x1F573D6Fb3F13d689FF844B4cE37794d79a7FF1C
12211000,1618042709,1012078498915381646169,2097448059805790146737,1000000000000000000000,0x6B3595068778DD592e39A122f4f5a5cF09C90fE2,0x1F573D6Fb3F13d689FF844B4cE37794d79a7FF1C
12212000,1618055656,1012078498915381646169,2097448059805790146737,1000000000000000000000,0x6B3595068778DD592e39A122f4f5a5cF09C90fE2,0x1F573D6Fb3F13d689FF844B4cE37794d79a7FF1C
12213000,1618069143,1012078498915381646169,2097448059805790146737,1000000000000000000000,0x6B3595068778DD592e39A122f4f5a5cF09C90fE2,0x1F573D6Fb3F13d689FF844B4cE37794d79a7FF1C
12214000,1618081973,1012078498915381646169,2097448059805790146737,1000000000000000000000,0x6B3595068778DD592e39A122f4f5a5cF09C90fE2,0x1F573D6Fb3F13d689FF844B4cE37794d79a7FF1C
12215000,1618095148,1012078498915381646169,2097448059805790146737,1000000000000000000000,0x6B3595068778DD592e39A122f4f5a5cF09C90fE2,0x1F573D6Fb3F13d689FF844B4cE37794d79a7FF1C
12216000,1618108685,1012078498915381646169,2097448059805790146737,1000000000000000000000,0x6B3595068778DD592e39A122f4f5a5cF09C90fE2,0x1F573D6Fb3F13d689FF844B4cE37794d79a7FF1C
12217000,1618122473,1012078498915381646169,2097448059805790146737,1000000000000000000000,0x6B3595068778DD592e39A122f4f5a5cF09C90fE2,0x1F573D6Fb3F13d689FF844B4cE37794d79a7FF1C
12218000,1618135759,1012078498915381646169,2097448059805790146737,1000000000000000000000,0x6B3595068778DD592e39A122f4f5a5cF09C90fE2,0x1F573D6Fb3F13d689FF844B4cE37794d79a7FF1C
12219000,1618149132,984252302761483829927,2156868064604565329217,1000000000000000000000,0x6B3595068778DD592e39A122f4f5a5cF09C90fE2,0x1F573D6Fb3F13d689FF844B4cE37794d79a7FF1C
12220000,1618161781,984252302761483829927,2156868064604565329217,1000000000000000000000,0x6B3595068778DD592e39A122f4f5a5cF09C90fE2,0x1F573D6Fb3F13d689FF844B4cE37794d79a7FF1C
12221000,1618174388,1066361116063018906641,1991287278762705981687,1000000000000000000000,0x6B3595068778DD592e39A122f4f5a5cF09C90fE2,0x1F573D6Fb3F13d689FF844B4cE37794d79a7FF1C
12222000,1618187326,1034946656009285663899,2051855027345864755195,1000000000000000000000,0x6B3595068778DD592e39A122f4f5a5cF09C90fE2,0x1F573D6Fb3F13d689FF844B4cE37794d79a7FF1C
12223000,1618200508,1034946656009285663899,2051855027345864755195,1000000000000000000000,0x6B3595068778DD592e39A122f4f5a5cF09C90fE2,0x1F573D6Fb3F13d689FF844B4cE37794d79a7FF1C
12224000,1618213992,1034946656009285663899,2051855027345864755195,1000000000000000000000,0x6B3595068778DD592e39A122f4f5a5cF09C90fE2,0x1F573D6Fb3F13d689FF844B4cE37794d79a7FF1C
12225000,1618227009,1034946656009285663899,2051855027345864755195,1000000000000000000000,0x6B3595068778DD592e39A122f4f5a5cF09C90fE2,0x1F573D6Fb3F13d689FF844B4cE37794d79a7FF1C
12226000,1618240679,1034946656009285663899,2051855027345864755195,1000000000000000000000,0x6B3595068778DD592e39A122f4f5a5cF09C90fE2,0x1F573D6Fb3F13d689FF844B4cE37794d79a7FF1C
12227000,1618253975,948830936700626080702,2238488151755538515872,1000000000000000000000,0x6B3595068778DD592e39A122f4f5a5cF09C90fE2,0x1F573D6Fb3F13d689FF844B4cE37794d79a7FF1C
12228000,1618266748,948830936700626080702,2238488151755538515872,1000000000000000000000,0x6B3595068778DD592e39A122f4f5a5cF09C90fE2,0x1F573D6Fb3F13d689FF844B4cE37794d79a7FF1C
12229000,1618280268,948830936700626080702,2238488151755538515872,1000000000000000000000,0x6B3595068778DD592e39A122f4f5a5cF09C90fE2,0x1F573D6Fb3F13d689FF844B4cE37794d79a7FF1C
12230000,1618293615,948830936700626080702,2238488151755538515872,1000000000000000000000,0x6B3595068778DD592e39A122f4f5a5cF09C90fE2,0x1F573D6Fb3F13d689FF844B4cE37794d79a7FF1C
12231000,1618307078,948830936700626080702,2238488151755538515872,1000000000000000000000,0x6B3595068778DD592e39A122f4f5a5cF09C90fE2,0x1F573D6Fb3F13d689FF844B4cE37794d79a7FF1C
12232000,1618320308,948830936700626080702,2238488151755538515872,1000000000000000000000,0x6B3595068778DD592e39A122f4f5a5cF09C90fE2,0x1F573D6Fb3F13d689FF844B4cE37794d79a7FF1C
12233000,1618333738,963169069841126080702,2205231737410464445359,1000000000000000000000,0x6B3595068778DD592e39A122f4f5a5cF09C90fE2,0x1F573D6Fb3F13d689FF844B4cE37794d79a7FF1C
12234000,1618347015,963169069841126080702,2205231737410464445359,1000000000000000000000,0x6B3595068778DD592e39A122f4f5a5cF09C90fE2,0x1F573D6Fb3F13d689FF844B4cE37794d79a7FF1C
12235000,1618360409,963169069841126080702,2205231737410464445359,1000000000000000000000,0x6B3595068778DD592e39A122f4f5a5cF09C90fE2,0x1F573D6Fb3F13d689FF844B4cE37794d79a7FF1C
12236000,1618373704,963169069841126080702,2205231737410464445359,1000000000000000000000,0x6B3595068778DD592e39A122f4f5a5cF09C90fE2,0x1F573D6Fb3F13d689FF844B4cE37794d79a7FF1C
12237000,1618386999,963169069841126080702,2205231737410464445359,1000000000000000000000,0x6B3595068778DD592e39A122f4f5a5cF09C90fE2,0x1F573D6Fb3F13d689FF844B4cE37794d79a7FF1C
12238000,1618400612,963169069841126080702,2205231737410464445359,1000000000000000000000,0x6B3595068778DD592e39A122f4f5a5cF09C90fE2,0x1F573D6Fb3F13d689FF844B4cE37794d79a7FF1C
12239000,1618414031,963169069841126080702,2205231737410464445359,1000000000000000000000,0x6B3595068778DD592e39A122f4f5a5cF09C90fE2,0x1F573D6Fb3F13d689FF844B4cE37794d79a7FF1C
12240000,1618427325,963169069841126080702,2205231737410464445359,1000000000000000000000,0x6B3595068778DD592e39A122f4f5a5cF09C90fE2,0x1F573D6Fb3F13d689FF844B4cE37794d79a7FF1C
12241000,1618440629,974109600025552836688,2180513623989356762914,1000000000000000000000,0x6B3595068778DD592e39A122f4f5a5cF09C90fE2,0x1F573D6Fb3F13d689FF844B4cE37794d79a7FF1C
12242000,1618454280,974109600025552836688,2180513623989356762914,1000000000000000000000,0x6B3595068778DD592e39A122f4f5a5cF09C90fE2,0x1F573D6Fb3F13d689FF844B4cE37794d79a7FF1C
12243000,1618467669,974109600025552836688,2180513623989356762914,1000000000000000000000,0x6B3595068778DD592e39A122f4f5a5cF09C90fE2,0x1F573D6Fb3F13d689FF844B4cE37794d79a7FF1C
12244000,1618481223,974109600025552836688,2180513623989356762914,1000000000000000000000,0x6B3595068778DD592e39A122f4f5a5cF09C90fE2,0x1F573D6Fb3F13d689FF844B4cE37794d79a7FF1C
12245000,1618494390,974109600025552836688,2180513623989356762914,1000000000000000000000,0x6B3595068778DD592e39A122f4f5a5cF09C90fE2,0x1F573D6Fb3F13d689FF844B4cE37794d79a7FF1C
12246000,1618507547,974109600025552836688,2180513623989356762914,1000000000000000000000,0x6B3595068778DD592e39A122f4f5a5cF09C90fE2,0x1F573D6Fb3F13d689FF844B4cE37794d79a7FF1C
12247000,1618520504,974109600025552836688,2180513623989356762914,1000000000000000000000,0x6B3595068778DD592e39A122f4f5a5cF09C90fE2,0x1F573D6Fb3F13d689FF844B4cE37794d79a7FF1C
12248000,1618533802,974109600025552836688,2180513623989356762914,1000000000000000000000,0x6B3595068778DD592e39A122f4f5a5cF09C90fE2,0x1F573D6Fb3F13d689FF844B4cE37794d79a7FF1C
12249000,1618547516,974109600025552836688,2180513623989356762914,1000000000000000000000,0x6B3595068778DD592e39A122f4f5a5cF09C90fE2,0x1F573D6Fb3F13d689FF844B4cE37794d79a7FF1C
12250000,1618562162,974109600025552836688,2180513623989356762914,1000000000000000000000,0x6B3595068778DD592e39A122f4f5a5cF09C90fE2,0x1F573D6Fb3F13d689FF844B4cE37794d79a7FF1C
12251000,1618574773,974109600025552836688,2180513623989356762914,1000000000000000000000,0x6B3595068778DD592e39A122f4f5a5cF09C90fE2,0x1F573D6Fb3F13d689FF844B4cE37794d79a7FF1C
12252000,1618588542,974109600025552836688,2180513623989356762914,1000000000000000000000,0x6B3595068778DD592e39A122f4f5a5cF09C90fE2,0x1F573D6Fb3F13d689FF844B4cE37794d79a7FF1C
12253000,1618601170,974109600025552836688,2180513623989356762914,1000000000000000000000,0x6B3595068778DD592e39A122f4f5a5cF09C90fE2,0x1F573D6Fb3F13d689FF844B4cE37794d79a7FF1C
12254000,1618614264,974109600025552836688,2180513623989356762914,1000000000000000000000,0x6B3595068778DD592e39A122f4f5a5cF09C90fE2,0x1F573D6Fb3F13d689FF844B4cE37794d79a7FF1C
12255000,1618627591,974109600025552836688,2180513623989356762914,1000000000000000000000,0x6B3595068778DD592e39A122f4f5a5cF09C90fE2,0x1F573D6Fb3F13d689FF844B4cE37794d79a7FF1C
12256000,1618641234,974109600025552836688,2180513623989356762914,1000000000000000000000,0x6B3595068778DD592e39A122f4f5a5cF09C90fE2,0x1F573D6Fb3F13d689FF844B4cE37794d79a7FF1C
12257000,1618654387,974109600025552836688,2180513623989356762914,1000000000000000000000,0x6B3595068778DD592e39A122f4f5a5cF09C90fE2,0x1F573D6Fb3F13d689FF844B4cE37794d79a7FF1C
12258000,1618667479,974109600025552836688,2180513623989356762914,1000000000000000000000,0x6B3595068778DD592e39A122f4f5a5cF09C90fE2,0x1F573D6Fb3F13d689FF844B4cE37794d79a7FF1C
12259000,1618681226,974109600025552836688,2180513623989356762914,1000000000000000000000,0x6B3595068778DD592e39A122f4f5a5cF09C90fE2,0x1F573D6Fb3F13d689FF844B4cE37794d79a7FF1C
12260000,1618694542,974109600025552836688,2180513623989356762914,1000000000000000000000,0x6B3595068778DD592e39A122f4f5a5cF09C90fE2,0x1F573D6Fb3F13d689FF844B4cE37794d79a7FF1C
12261000,1618707769,974109600025552836688,2180513623989356762914,1000000000000000000000,0x6B3595068778DD592e39A122f4f5a5cF09C90fE2,0x1F573D6Fb3F13d689FF844B4cE37794d79a7FF1C
12262000,1618720436,974109600025552836688,2180513623989356762914,1000000000000000000000,0x6B3595068778DD592e39A122f4f5a5cF09C90fE2,0x1F573D6Fb3F13d689FF844B4cE37794d79a7FF1C
12263000,1618734160,974109600025552836688,2180513623989356762914,1000000000000000000000,0x6B3595068778DD592e39A122f4f5a5cF09C90fE2,0x1F573D6Fb3F13d689FF844B4cE37794d79a7FF1C
12264000,1618747840,974109600025552836688,2180513623989356762914,1000000000000000000000,0x6B3595068778DD592e39A122f4f5a5cF09C90fE2,0x1F573D6Fb3F13d689FF844B4cE37794d79a7FF1C
12265000,1618761280,974109600025552836688,2180513623989356762914,1000000000000000000000,0x6B3595068778DD592e39A122f4f5a5cF09C90fE2,0x1F573D6Fb3F13d689FF844B4cE37794d79a7FF1C
12266000,1618774176,1011940051720960156170,2099160152948405449814,1000000000000000000000,0x6B3595068778DD592e39A122f4f5a5cF09C90fE2,0x1F573D6Fb3F13d689FF844B4cE37794d79a7FF1C
12267000,1618787456,1011940051720960156170,2099160152948405449814,1000000000000000000000,0x6B3595068778DD592e39A122f4f5a5cF09C90fE2,0x1F573D6Fb3F13d689FF844B4cE37794d79a7FF1C
12268000,1618801482,1011940051720960156170,2099160152948405449814,1000000000000000000000,0x6B3595068778DD592e39A122f4f5a5cF09C90fE2,0x1F573D6Fb3F13d689FF844B4cE37794d79a7FF1C
12269000,1618815056,1011940051720960156170,2099160152948405449814,1000000000000000000000,0x6B3595068778DD592e39A122f4f5a5cF09C90fE2,0x1F573D6Fb3F13d689FF844B4cE37794d79a7FF1C
12270000,1618828663,1011940051720960156170,2099160152948405449814,1000000000000000000000,0x6B3595068778DD592e39A122f4f5a5cF09C90fE2,0x1F573D6Fb3F13d689FF844B4cE37794d79a7FF1C
12271000,1618841918,1011940051720960156170,2099160152948405449814,1000000000000000000000,0x6B3595068778DD592e39A122f4f5a5cF09C90fE2,0x1F573D6Fb3F13d689FF844B4cE37794d79a7FF1C
12272000,1618855651,1011940051720960156170,2099160152948405449814,1000000000000000000000,0x6B3595068778DD592e39A122f4f5a5cF09C90fE2,0x1F573D6Fb3F13d689FF844B4cE37794d79a7FF1C
12273000,1618868713,1011940051720960156170,2099160152948405449814,1000000000000000000000,0x6B3595068778DD592e39A122f4f5a5cF09C90fE2,0x1F573D6Fb3F13d689FF844B4cE37794d79a7FF1C
12274000,1618881921,1011940051720960156170,2099160152948405449814,1000000000000000000000,0x6B3595068778DD592e39A122f4f5a5cF09C90fE2,0x1F573D6Fb3F13d689FF844B4cE37794d79a7FF1C
12275000,1618894723,1011940051720960156170,2099160152948405449814,1000000000000000000000,0x6B3595068778DD592e39A122f4f5a5cF09C90fE2,0x1F573D6Fb3F13d689FF844B4cE37794d79a7FF1C
12276000,1618908317,1011940051720960156170,2099160152948405449814,1000000000000000000000,0x6B3595068778DD592e39A122f4f5a5cF09C90fE2,0x1F573D6Fb3F13d689FF844B4cE37794d79a7FF1C
12277000,1618921543,1011940051720960156170,2099160152948405449814,1000000000000000000000,0x6B3595068778DD592e39A122f4f5a5cF09C90fE2,0x1F573D6Fb3F13d689FF844B4cE37794d79a7FF1C
12278000,1618934589,1011940051720960156170,2099160152948405449814,1000000000000000000000,0x6B3595068778DD592e39A122f4f5a5cF09C90fE2,0x1F573D6Fb3F13d689FF844B4cE37794d79a7FF1C
12279000,1618947642,1011940051720960156170,2099160152948405449814,1000000000000000000000,0x6B3595068778DD592e39A122f4f5a5cF09C90fE2,0x1F573D6Fb3F13d689FF844B4cE37794d79a7FF1C
12280000,1618960424,1011940051720960156170,2099160152948405449814,1000000000000000000000,0x6B3595068778DD592e39A122f4f5a5cF09C90fE2,0x1F573D6Fb3F13d689FF844B4cE37794d79a7FF1C
12281000,1618974270,1011940051720960156170,2099160152948405449814,1000000000000000000000,0x6B3595068778DD592e39A122f4f5a5cF09C90fE2,0x1F573D6Fb3F13d689FF844B4cE37794d79a7FF1C
12282000,1618986883,1011940051720960156170,2099160152948405449814,1000000000000000000000,0x6B3595068778DD592e39A122f4f5a5cF09C90fE2,0x1F573D6Fb3F13d689FF844B4cE37794d79a7FF1C
12283000,1619000459,1106026093170960156170,1920948565501070290054,1000000000000000000000,0x6B3595068778DD592e39A122f4f5a5cF09C90fE2,0x1F573D6Fb3F13d689FF844B4cE37794d79a7FF1C
12284000,1619013925,1106026093170960156170,1920948565501070290054,1000000000000000000000,0x6B3595068778DD592e39A122f4f5a5cF09C90fE2,0x1F573D6Fb3F13d689FF844B4cE37794d79a7FF1C
12285000,1619027540,1106026093170960156170,1920948565501070290054,1000000000000000000000,0x6B3595068778DD592e39A122f4f5a5cF09C90fE2,0x1F573D6Fb3F13d689FF844B4cE37794d79a7FF1C
12286000,1619040762,1106026093170960156170,1920948565501070290054,1000000000000000000000,0x6B3595068778DD592e39A122f4f5a5cF09C90fE2,0x1F573D6Fb3F13d689FF844B4cE37794d79a7FF1C
12287000,1619053360,1106026093170960156170,1920948565501070290054,1000000000000000000000,0x6B3595068778DD592e39A122f4f5a5cF09C90fE2,0x1F573D6Fb3F13d689FF844B4cE37794d79a7FF1C
12288000,1619067552,1106026093170960156170,1920948565501070290054,1000000000000000000000,0x6B3595068778DD592e39A122f4f5a5cF09C90fE2,0x1F573D6Fb3F13d689FF844B4cE37794d79a7FF1C
12289000,1619081142,1089396849993435700629,1950330801981626817291,1000000000000000000000,0x6B3595068778DD592e39A122f4f5a5cF09C90fE2,0x1F573D6Fb3F13d689FF844B4cE37794d79a7FF1C
12290000,1619094585,1089396849993435700629,1950330801981626817291,1000000000000000000000,0x6B3595068778DD592e39A122f4f5a5cF09C90fE2,0x1F573D6Fb3F13d689FF844B4cE37794d79a7FF1C
12291000,1619107029,1089396849993435700629,1950330801981626817291,1000000000000000000000,0x6B3595068778DD592e39A122f4f5a5cF09C90fE2,0x1F573D6Fb3F13d689FF844B4cE37794d79a7FF1C
12292000,1619121145,1089396849993435700629,1950330801981626817291,1000000000000000000000,0x6B3595068778DD592e39A122f4f5a5cF09C90fE2,0x1F573D6Fb3F13d689FF844B4cE37794d79a7FF1C
12293000,1619134162,1089396849993435700629,1950330801981626817291,1000000000000000000000,0x6B3595068778DD592e39A122f4f5a5cF09C90fE2,0x1F573D6Fb3F13d689FF844B4cE37794d79a7FF1C
12294000,1619147820,1089396849993435700629,1950330801981626817291,1000000000000000000000,0x6B3595068778DD592e39A122f4f5a5cF09C90fE2,0x1F573D6Fb3F13d689FF844B4cE37794d79a7FF1C
12295000,1619161116,1089396849993435700629,1950330801981626817291,1000000000000000000000,0x6B3595068778DD592e39A122f4f5a5cF09C90fE2,0x1F573D6Fb3F13d689FF844B4cE37794d79a7FF1C
12296000,1619174795,1089396849993435700629,1950330801981626817291,1000000000000000000000,0x6B3595068778DD592e39A122f4f5a5cF09C90fE2,0x1F573D6Fb3F13d689FF844B4cE37794d79a7FF1C
12297000,1619188421,1089396849993435700629,1950330801981626817291,1000000000000000000000,0x6B3595068778DD592e39A122f4f5a5cF09C90fE2,0x1F573D6Fb3F13d689FF844B4cE37794d79a7FF1C
12298000,1619200964,1089396849993435700629,1950330801981626817291,1000000000000000000000,0x6B3595068778DD592e39A122f4f5a5cF09C90fE2,0x1F573D6Fb3F13d689FF844B4cE37794d79a7FF1C
12299000,1619214456,1089396849993435700629,1950330801981626817291,1000000000000000000000,0x6B3595068778DD592e39A122f4f5a5cF09C90fE2,0x1F573D6Fb3F13d689FF844B4cE37794d79a7FF1C
12300000,1619228194,1089396849993435700629,1950330801981626817291,1000000000000000000000,0x6B3595068778DD592e39A122f4f5a5cF09C90fE2,0x1F573D6Fb3F13d689FF844B4cE37794d79a7FF1C
12301000,1619241519,1089396849993435700629,1950330801981626817291,1000000000000000000000,0x6B3595068778DD592e39A122f4f5a5cF09C90fE2,0x1F573D6Fb3F13d689FF844B4cE37794d79a7FF1C
12302000,1619254859,1089396849993435700629,1950330801981626817291,1000000000000000000000,0x6B3595068778DD592e39A122f4f5a5cF09C90fE2,0x1F573D6Fb3F13d689FF844B4cE37794d79a7FF1C
12303000,1619268248,1089396849993435700629,1950330801981626817291,1000000000000000000000,0x6B3595068778DD592e39A122f4f5a5cF09C90fE2,0x1F573D6Fb3F13d689FF844B4cE37794d79a7FF1C
12304000,1619281634,1089396849993435700629,1950330801981626817291,1000000000000000000000,0x6B3595068778DD592e39A122f4f5a5cF09C90fE2,0x1F573D6Fb3F13d689FF844B4cE37794d79a7FF1C
12305000,1619294781,1089396849993435700629,1950330801981626817291,1000000000000000000000,0x6B3595068778DD592e39A122f4f5a5cF09C90fE2,0x1F573D6Fb3F13d689FF844B4cE37794d79a7FF1C
12306000,1619307662,1089396849993435700629,1950330801981626817291,1000000000000000000000,0x6B3595068778DD592e39A122f4f5a5cF09C90fE2,0x1F573D6Fb3F13d689FF844B4cE37794d79a7FF1C
12307000,1619321691,1089396849993435700629,1950330801981626817291,1000000000000000000000,0x6B3595068778DD592e39A122f4f5a5cF09C90fE2,0x1F573D6Fb3F13d689FF844B4cE37794d79a7FF1C
12308000,1619334613,1089396849993435700629,1950330801981626817291,1000000000000000000000,0x6B3595068778DD592e39A122f4f5a5cF09C90fE2,0x1F573D6Fb3F13d689FF844B4cE37794d79a7FF1C
12309000,1619347521,1089396849993435700629,1950330801981626817291,1000000000000000000000,0x6B3595068778DD592e39A122f4f5a5cF09C90fE2,0x1F573D6Fb3F13d689FF844B4cE37794d79a7FF1C
12310000,1619361061,1089396849993435700629,1950330801981626817291,1000000000000000000000,0x6B3595068778DD592e39A122f4f5a5cF09C90fE2,0x1F573D6Fb3F13d689FF844B4cE37794d79a7FF1C
12679000,1624296700,1353000000000000000000,3030000000000000000000,1000000000000000000000,0x6B3595068778DD592e39A122f4f5a5cF09C90fE2,0x1F573D6Fb3F13d689FF844B4cE37794d79a7FF1C
12680000,1624310304,1353000000000000000000,3030000000000000000000,1000000000000000000000,0x6B3595068778DD592e39A122f4f5a5cF09C90fE2,0x1F573D6Fb3F13d689FF844B4cE37794d79a7FF1C
12681000,1624324315,1353000000000000000000,3030000000000000000000,1000000000000000000000,0x6B3595068778DD592e39A122f4f5a5cF09C90fE2,0x1F573D6Fb3F13d689FF844B4cE37794d79a7FF1C
12682000,1624337848,1312673025177172775770,3123430444607045947551,1000000000000000000000,0x6B3595068778DD592e39A122f4f5a5cF09C90fE2,0x1F573D6Fb3F13d689FF844B4cE37794d79a7FF1C
12683000,1624350854,1312673025177172775770,3123430444607045947551,1000000000000000000000,0x6B3595068778DD592e39A122f4f5a5cF09C90fE2,0x1F573D6Fb3F13d689FF844B4cE37794d79a7FF1C
12684000,1624364869,1312673025177172775770,3123430444607045947551,1000000000000000000000,0x6B3595068778DD592e39A122f4f5a5cF09C90fE2,0x1F573D6Fb3F13d689FF844B4cE37794d79a7FF1C
12685000,1624378010,1312673025177172775770,3123430444607045947551,1000000000000000000000,0x6B3595068778DD592e39A122f4f5a5cF09C90fE2,0x1F573D6Fb3F13d689FF844B4cE37794d79a7FF1C
12686000,1624391350,1312673025177172775770,3123430444607045947551,1000000000000000000000,0x6B3595068778DD592e39A122f4f5a5cF09C90fE2,0x1F573D6Fb3F13d689FF844B4cE37794d79a7FF1C
12687000,1624404859,1312673025177172775770,3123430444607045947551,1000000000000000000000,0x6B3595068778DD592e39A122f4f5a5cF09C90fE2,0x1F573D6Fb3F13d689FF844B4cE37794d79a7FF1C
12688000,1624418181,1312673025177172775770,3123430444607045947551,1000000000000000000000,0x6B3595068778DD592e39A122f4f5a5cF09C90fE2,0x1F573D6Fb3F13d689FF844B4cE37794d79a7FF1C
12689000,1624432133,1312673025177172775770,3123430444607045947551,1000000000000000000000,0x6B3595068778DD592e39A122f4f5a5cF09C90fE2,0x1F573D6Fb3F13d689FF844B4cE37794d79a7FF1C
12690000,1624445931,1344508481428545773184,3049621344123345424616,1000000000000000000000,0x6B3595068778DD592e39A122f4f5a5cF09C90fE2,0x1F573D6Fb3F13d689FF844B4cE37794d79a7FF1C
12691000,1624459609,1313674038447279634750,3121348613244505878553,1000000000000000000000,0x6B3595068778DD592e39A122f4f5a5cF09C90fE2,0x1F573D6Fb3F13d689FF844B4cE37794d79a7FF1C
12692000,1624473048,1326977135381058086194,3090119321604997545694,1000000000000000000000,0x6B3595068778DD592e39A122f4f5a5cF09C90fE2,0x1F573D6Fb3F13d689FF844B4cE37794d79a7FF1C
12693000,1624485681,1326977135381058086194,3090119321604997545694,1000000000000000000000,0x6B3595068778DD592e39A122f4f5a5cF09C90fE2,0x1F573D6Fb3F13d689FF844B4cE37794d79a7FF1C
12694000,1624498902,1347014085086945736530,3044245464022180894733,1000000000000000000000,0x6B3595068778DD592e39A122f4f5a5cF09C90fE2,0x1F573D6Fb3F13d689FF844B4cE37794d79a7FF1C
12695000,1624512299,1347014085086945736530,3044245464022180894733,1000000000000000000000,0x6B3595068778DD592e39A122f4f5a5cF09C90fE2,0x1F573D6Fb3F13d689FF844B4cE37794d79a7FF1C
12696000,1624526560,1347014085086945736530,3044245464022180894733,1000000000000000000000,0x6B3595068778DD592e39A122f4f5a5cF09C90fE2,0x1F573D6Fb3F13d689FF844B4cE37794d79a7FF1C
12697000,1624539955,1347014085086945736530,3044245464022180894733,1000000000000000000000,0x6B3595068778DD592e39A122f4f5a5cF09C90fE2,0x1F573D6Fb3F13d689FF844B4cE37794d79a7FF1C
12698000,1624553842,1347014085086945736530,3044245464022180894733,1000000000000000000000,0x6B3595068778DD592e39A122f4f5a5cF09C90fE2,0x1F573D6Fb3F13d689FF844B4cE37794d79a7FF1C
12699000,1624566759,1347014085086945736530,3044245464022180894733,1000000000000000000000,0x6B3595068778DD592e39A122f4f5a5cF09C90fE2,0x1F573D6Fb3F13d689FF844B4cE37794d79a7FF1C
12700000,1624579680,1347014085086945736530,3044245464022180894733,1000000000000000000000,0x6B3595068778DD592e39A122f4f5a5cF09C90fE2,0x1F573D6Fb3F13d689FF844B4cE37794d79a7FF1C
12701000,1624593266,1347014085086945736530,3044245464022180894733,1000000000000000000000,0x6B3595068778DD592e39A122f4f5a5cF09C90fE2,0x1F573D6Fb3F13d689FF844B4cE37794d79a7FF1C
12702000,1624606748,1347014085086945736530,3044245464022180894733,1000000000000000000000,0x6B3595068778DD592e39A122f4f5a5cF09C90fE2,0x1F573D6Fb3F13d689FF844B4cE37794d79a7FF1C
12703000,1624620312,1356855416185301962122,3022209579915192260473,1000000000000000000000,0x6B3595068778DD592e39A122f4f5a5cF09C90fE2,0x1F573D6Fb3F13d689FF844B4cE37794d79a7FF1C
12704000,1624634270,1356855416185301962122,3022209579915192260473,1000000000000000000000,0x6B3595068778DD592e39A122f4f5a5cF09C90fE2,0x1F573D6Fb3F13d689FF844B4cE37794d79a7FF1C
12705000,1624648085,1356855416185301962122,3022209579915192260473,1000000000000000000000,0x6B3595068778DD592e39A122f4f5a5cF09C90fE2,0x1F573D6Fb3F13d689FF844B4cE37794d79a7FF1C
12706000,1624661478,1356855416185301962122,3022209579915192260473,1000000000000000000000,0x6B3595068778DD592e39A122f4f5a5cF09C90fE2,0x1F573D6Fb3F13d689FF844B4cE37794d79a7FF1C
12707000,1624674511,1356855416185301962122,3022209579915192260473,1000000000000000000000,0x6B3595068778DD592e39A122f4f5a5cF09C90fE2,0x1F573D6Fb3F13d689FF844B4cE37794d79a7FF1C
12708000,1624687906,1356855416185301962122,3022209579915192260473,1000000000000000000000,0x6B3595068778DD592e39A122f4f5a5cF09C90fE2,0x1F573D6Fb3F13d689FF844B4cE37794d79a7FF1C
12709000,1624701359,1356855416185301962122,3022209579915192260473,1000000000000000000000,0x6B3595068778DD592e39A122f4f5a5cF09C90fE2,0x1F573D6Fb3F13d689FF844B4cE37794d79a7FF1C
12710000,1624715084,1358849416185301962122,3017783605072865765513,1000000000000000000000,0x6B3595068778DD592e39A122f4f5a5cF09C90fE2,0x1F573D6Fb3F13d689FF844B4cE37794d79a7FF1C
12711000,1624728770,1358849416185301962122,3017783605072865765513,1000000000000000000000,0x6B3595068778DD592e39A122f4f5a5cF09C90fE2,0x1F573D6Fb3F13d689FF844B4cE37794d79a7FF1C
12712000,1624742504,1377625200766015945297,3190880551388610824472,1035337303636669285487,0x6B3595068778DD592e39A122f4f5a5cF09C90fE2,0x1F573D6Fb3F13d689FF844B4cE37794d79a7FF1C
12713000,1624755598,1377625200766015945297,3190880551388610824472,1035337303636669285487,0x6B3595068778DD592e39A122f4f5a5cF09C90fE2,0x1F573D6Fb3F13d689FF844B4cE37794d79a7FF1C
12714000,1624768514,1377625200766015945297,3190880551388610824472,1035337303636669285487,0x6B3595068778DD592e39A122f4f5a5cF09C90fE2,0x1F573D6Fb3F13d689FF844B4cE37794d79a7FF1C
12715000,1624781873,1377625200766015945297,3190880551388610824472,1035337303636669285487,0x6B3595068778DD592e39A122f4f5a5cF09C90fE2,0x1F573D6Fb3F13d689FF844B4cE37794d79a7FF1C
12716000,1624796143,1377625200766015945297,3190880551388610824472,1035337303636669285487,0x6B3595068778DD592e39A122f4f5a5cF09C90fE2,0x1F573D6Fb3F13d689FF844B4cE37794d79a7FF1C
12717000,1624809363,1377625200766015945297,3190880551388610824472,1035337303636669285487,0x6B3595068778DD592e39A122f4f5a5cF09C90fE2,0x1F573D6Fb3F13d689FF844B4cE37794d79a7FF1C
12718000,1624822525,1377625200766015945297,3190880551388610824472,1035337303636669285487,0x6B3595068778DD592e39A122f4f5a5cF09C90fE2,0x1F573D6Fb3F13d689FF844B4cE37794d79a7FF1C
12719000,1624836041,1377625200766015945297,3190880551388610824472,1035337303636669285487,0x6B3595068778DD592e39A122f4f5a5cF09C90fE2,0x1F573D6Fb3F13d689FF844B4cE37794d79a7FF1C
12720000,1624849533,1377625200766015945297,3190880551388610824472,1035337303636669285487,0x6B3595068778DD592e39A122f4f5a5cF09C90fE2,0x1F573D6Fb3F13d689FF844B4cE37794d79a7FF1C
12721000,1624862589,1377625200766015945297,3190880551388610824472,1035337303636669285487,0x6B3595068778DD592e39A122f4f5a5cF09C90fE2,0x1F573D6Fb3F13d689FF844B4cE37794d79a7FF1C
12722000,1624876399,1377625200766015945297,3190880551388610824472,1035337303636669285487,0x6B3595068778DD592e39A122f4f5a5cF09C90fE2,0x1F573D6Fb3F13d689FF844B4cE37794d79a7FF1C
12723000,1624889810,1377625200766015945297,3190880551388610824472,1035337303636669285487,0x6B3595068778DD592e39A122f4f5a5cF09C90fE2,0x1F573D6Fb3F13d689FF844B4cE37794d79a7FF1C
12724000,1624903374,1377625200766015945297,3190880551388610824472,1035337303636669285487,0x6B3595068778DD592e39A122f4f5a5cF09C90fE2,0x1F573D6Fb3F13d689FF844B4cE37794d79a7FF1C
12725000,1624916255,1548625200766015945297,3586953862173034613624,1163850253910392122969,0x6B3595068778DD592e39A122f4f5a5cF09C90fE2,0x1F573D6Fb3F13d689FF844B4cE37794d79a7FF1C
12726000,1624929461,1509754421116739945080,3679494949753337587714,1163850253910392122969,0x6B3595068778DD592e39A122f4f5a5cF09C90fE2,0x1F573D6Fb3F13d689FF844B4cE37794d79a7FF1C
12727000,1624943083,1509754421116739945080,3679494949753337587714,1163850253910392122969,0x6B3595068778DD592e39A122f4f5a5cF09C90fE2,0x1F573D6Fb3F13d689FF844B4cE37794d79a7FF1C
12728000,1624956631,1517951501061905743719,3659665072440799909775,1163850253910392122969,0x6B3595068778DD592e39A122f4f5a5cF09C90fE2,0x1F573D6Fb3F13d689FF844B4cE37794d79a7FF1C
12729000,1624970366,1517951501061905743719,3659665072440799909775,1163850253910392122969,0x6B3595068778DD592e39A122f4f5a5cF09C90fE2,0x1F573D6Fb3F13d689FF844B4cE37794d79a7FF1C
12730000,1624983860,1517951501061905743719,3659665072440799909775,1163850253910392122969,0x6B3595068778DD592e39A122f4f5a5cF09C90fE2,0x1F573D6Fb3F13d689FF844B4cE37794d79a7FF1C
12731000,1624997334,1517951501061905743719,3659665072440799909775,1163850253910392122969,0x6B3595068778DD592e39A122f4f5a5cF09C90fE2,0x1F573D6Fb3F13d689FF844B4cE37794d79a7FF1C
12732000,1625010614,1517951501061905743719,3659665072440799909775,1163850253910392122969,0x6B3595068778DD592e39A122f4f5a5cF09C90fE2,0x1F573D6Fb3F13d689FF844B4cE37794d79a7FF1C
12733000,1625024406,1517951501061905743719,3659665072440799909775,1163850253910392122969,0x6B3595068778DD592e39A122f4f5a5cF09C90fE2,0x1F573D6Fb3F13d689FF844B4cE37794d79a7FF1C
12734000,1625038132,1517951501061905743719,3659665072440799909775,1163850253910392122969,0x6B3595068778DD592e39A122f4f5a5cF09C90fE2,0x1F573D6Fb3F13d689FF844B4cE37794d79a7FF1C
12735000,1625051592,1517951501061905743719,3659665072440799909775,1163850253910392122969,0x6B3595068778DD592e39A122f4f5a5cF09C90fE2,0x1F573D6Fb3F13d689FF844B4cE37794d79a7FF1C
12736000,1625064664,1517951501061905743719,3659665072440799909775,1163850253910392122969,0x6B3595068778DD592e39A122f4f5a5cF09C90fE2,0x1F573D6Fb3F13d689FF844B4cE37794d79a7FF1C
12737000,1625077864,1517951501061905743719,3659665072440799909775,1163850253910392122969,0x6B3595068778DD592e39A122f4f5a5cF09C90fE2,0x1F573D6Fb3F13d689FF844B4cE37794d79a7FF1C
12738000,1625090902,1517951501061905743719,3659665072440799909775,1163850253910392122969,0x6B3595068778DD592e39A122f4f5a5cF09C90fE2,0x1F573D6Fb3F13d689FF844B4cE37794d79a7FF1C
12739000,1625104650,1521951501061905743719,3650065960406684288458,1163850253910392122969,0x6B3595068778DD592e39A122f4f5a5cF09C90fE2,0x1F573D6Fb3F13d689FF844B4cE37794d79a7FF1C
12740000,1625118607,1521951501061905743719,3650065960406684288458,1163850253910392122969,0x6B3595068778DD592e39A122f4f5a5cF09C90fE2,0x1F573D6Fb3F13d689FF844B4cE37794d79a7FF1C
12741000,1625132566,1521951501061905743719,3650065960406684288458,1163850253910392122969,0x6B3595068778DD592e39A122f4f5a5cF09C90fE2,0x1F573D6Fb3F13d689FF844B4cE37794d79a7FF1C
12742000,1625145263,1535876701061905743719,3617038411593840584306,1163850253910392122969,0x6B3595068778DD592e39A122f4f5a5cF09C90fE2,0x1F573D6Fb3F13d689FF844B4cE37794d79a7FF1C
12743000,1625158598,1535876701061905743719,3617038411593840584306,1163850253910392122969,0x6B3595068778DD592e39A122f4f5a5cF09C90fE2,0x1F573D6Fb3F13d689FF844B4cE37794d79a7FF1C
12744000,1625172625,1535876701061905743719,3617038411593840584306,1163850253910392122969,0x6B3595068778DD592e39A122f4f5a5cF09C90fE2,0x1F573D6Fb3F13d689FF844B4cE37794d79a7FF1C
12745000,1625185995,1535876701061905743719,3617038411593840584306,1163850253910392122969,0x6B3595068778DD592e39A122f4f5a5cF09C90fE2,0x1F573D6Fb3F13d689FF844B4cE37794d79a7FF1C
12746000,1625199264,1535876701061905743719,3617038411593840584306,1163850253910392122969,0x6B3595068778DD592e39A122f4f5a5cF09C90fE2,0x1F573D6Fb3F13d689FF844B4cE37794d79a7FF1C
12747000,1625212801,1551734469469632735379,3580148439588793069709,1163850253910392122969,0x6B3595068778DD592e39A122f4f5a5cF09C90fE2,0x1F573D6Fb3F13d689FF844B4cE37794d79a7FF1C
12748000,1625226325,1551734469469632735379,3580148439588793069709,1163850253910392122969,0x6B3595068778DD592e39A122f4f5a5cF09C90fE2,0x1F573D6Fb3F13d689FF844B4cE37794d79a7FF1C
12749000,1625239721,1551734469469632735379,3580148439588793069709,1163850253910392122969,0x6B3595068778DD592e39A122f4f5a5cF09C90fE2,0x1F573D6Fb3F13d689FF844B4cE37794d79a7FF1C
12750000,1625252767,1551734469469632735379,3580148439588793069709,1163850253910392122969,0x6B3595068778DD592e39A122f4f5a5cF09C90fE2,0x1F573D6Fb3F13d689FF844B4cE37794d79a7FF1C
12751000,1625266337,1551734469469632735379,3580148439588793069709,1163850253910392122969,0x6B3595068778DD592e39A122f4f5a5cF09C90fE2,0x1F573D6Fb3F13d689FF844B4cE37794d79a7FF1C
12752000,1625279471,1551734469469632735379,3580148439588793069709,1163850253910392122969,0x6B3595068778DD592e39A122f4f5a5cF09C90fE2,0x1F573D6Fb3F13d689FF844B4cE37794d79a7FF1C
12753000,1625293345,1551734469469632735379,3580148439588793069709,1163850253910392122969,0x6B3595068778DD592e39A122f4f5a5cF09C90fE2,0x1F573D6Fb3F13d689FF844B4cE37794d79a7FF1C
12754000,1625307200,1531384616416624793649,3627819965717234946739,1163850253910392122969,0x6B3595068778DD592e39A122f4f5a5cF09C90fE2,0x1F573D6Fb3F13d689FF844B4cE37794d79a7FF1C
12755000,1625320768,1531384616416624793649,3627819965717234946739,1163850253910392122969,0x6B3595068778DD592e39A122f4f5a5cF09C90fE2,0x1F573D6Fb3F13d689FF844B4cE37794d79a7FF1C
12756000,1625333868,1531384616416624793649,3627819965717234946739,1163850253910392122969,0x6B3595068778DD592e39A122f4f5a5cF09C90fE2,0x1F573D6Fb3F13d689FF844B4cE37794d79a7FF1C
12757000,1625347340,1531384616416624793649,3627819965717234946739,1163850253910392122969,0x6B3595068778DD592e39A122f4f5a5cF09C90fE2,0x1F573D6Fb3F13d689FF844B4cE37794d79a7FF1C
12758000,1625360475,1540704424351238476835,3605918967967166001374,1163850253910392122969,0x6B3595068778DD592e39A122f4f5a5cF09C90fE2,0x1F573D6Fb3F13d689FF844B4cE37794d79a7FF1C
12759000,1625373940,1540704424351238476835,3605918967967166001374,1163850253910392122969,0x6B3595068778DD592e39A122f4f5a5cF09C90fE2,0x1F573D6Fb3F13d689FF844B4cE37794d79a7FF1C
12760000,1625387525,1540704424351238476835,3605918967967166001374,1163850253910392122969,0x6B3595068778DD592e39A122f4f5a5cF09C90fE2,0x1F573D6Fb3F13d689FF844B4cE37794d79a7FF1C
12761000,1625401502,1540704424351238476835,3605918967967166001374,1163850253910392122969,0x6B3595068778DD592e39A122f4f5a5cF09C90fE2,0x1F573D6Fb3F13d689FF844B4cE37794d79a7FF1C
12762000,1625414470,1540704424351238476835,3605918967967166001374,1163850253910392122969,0x6B3595068778DD592e39A122f4f5a5cF09C90fE2,0x1F573D6Fb3F13d689FF844B4cE37794d79a7FF1C
12763000,1625428106,1540704424351238476835,3605918967967166001374,1163850253910392122969,0x6B3595068778DD592e39A122f4f5a5cF09C90fE2,0x1F573D6Fb3F13d689FF844B4cE37794d79a7FF1C
12764000,1625441172,1520774066052247572516,3653271939392311836216,1163850253910392122969,0x6B3595068778DD592e39A122f4f5a5cF09C90fE2,0x1F573D6Fb3F13d689FF844B4cE37794d79a7FF1C
12765000,1625454707,1520774066052247572516,3653271939392311836216,1163850253910392122969,0x6B3595068778DD592e39A122f4f5a5cF09C90fE2,0x1F573D6Fb3F13d689FF844B4cE37794d79a7FF1C
12766000,1625468109,1545771791537707595289,3594310556744832892995,1163850253910392122969,0x6B3595068778DD592e39A122f4f5a5cF09C90fE2,0x1F573D6Fb3F13d689FF844B4cE37794d79a7FF1C
12767000,1625481853,4342654773607631244024,10097771212106821934244,3269693423426096832369,0x6B3595068778DD592e39A122f4f5a5cF09C90fE2,0x1F573D6Fb3F13d689FF844B4cE37794d79a7FF1C
12768000,1625495080,5590494773607631244024,12999314964995950807732,4209223377841179902179,0x6B3595068778DD592e39A122f4f5a5cF09C90fE2,0x1F573D6Fb3F13d689FF844B4cE37794d79a7FF1C
12769000,1625508364,5663972165082390820990,12831015154316413633692,4209223377841179902179,0x6B3595068778DD592e39A122f4f5a5cF09C90fE2,0x1F573D6Fb3F13d689FF844B4cE37794d79a7FF1C
12770000,1625521566,5599455504304806555716,12979153192193779410959,4209223377841179902179,0x6B3595068778DD592e39A122f4f5a5cF09C90fE2,0x1F573D6Fb3F13d689FF844B4cE37794d79a7FF1C
12771000,1625535243,4501427862619254338454,11368157530077976067775,3531891132234402701342,0x6B3595068778DD592e39A122f4f5a5cF09C90fE2,0x1F573D6Fb3F13d689FF844B4cE37794d79a7FF1C
12772000,1625548792,4404066810753979392934,11619986371128934368631,3531891132234402701342,0x6B3595068778DD592e39A122f4f5a5cF09C90fE2,0x1F573D6Fb3F13d689FF844B4cE37794d79a7FF1C
12773000,1625562198,4407120610753979392934,11611950706285776262506,3531891132234402701342,0x6B3595068778DD592e39A122f4f5a5cF09C90fE2,0x1F573D6Fb3F13d689FF844B4cE37794d79a7FF1C
12774000,1625575951,4407120610753979392934,11611950706285776262506,3531891132234402701342,0x6B3595068778DD592e39A122f4f5a5cF09C90fE2,0x1F573D6Fb3F13d689FF844B4cE37794d79a7FF1C
12775000,1625589417,4407120610753979392934,11611950706285776262506,3531891132234402701342,0x6B3595068778DD592e39A122f4f5a5cF09C90fE2,0x1F573D6Fb3F13d689FF844B4cE37794d79a7FF1C
12776000,1625602350,4407120610753979392934,11611950706285776262506,3531891132234402701342,0x6B3595068778DD592e39A122f4f5a5cF09C90fE2,0x1F573D6Fb3F13d689FF844B4cE37794d79a7FF1C
12777000,1625615639,4453971026005968122387,11490051246257848659260,3531891132234402701342,0x6B3595068778DD592e39A122f4f5a5cF09C90fE2,0x1F573D6Fb3F13d689FF844B4cE37794d79a7FF1C
12778000,1625629488,4390002934005279436479,11657816760715584447382,3531891132234402701342,0x6B3595068778DD592e39A122f4f5a5cF09C90fE2,0x1F573D6Fb3F13d689FF844B4cE37794d79a7FF1C
12779000,1625643644,4390002934005279436479,11657816760715584447382,3531891132234402701342,0x6B3595068778DD592e39A122f4f5a5cF09C90fE2,0x1F573D6Fb3F13d689FF844B4cE37794d79a7FF1C
12780000,1625657006,4390002934005279436479,11657816760715584447382,3531891132234402701342,0x6B3595068778DD592e39A122f4f5a5cF09C90fE2,0x1F573D6Fb3F13d689FF844B4cE37794d79a7FF1C
12781000,1625670290,4390002934005279436479,11657816760715584447382,3531891132234402701342,0x6B3595068778DD592e39A122f4f5a5cF09C90fE2,0x1F573D6Fb3F13d689FF844B4cE37794d79a7FF1C
12782000,1625683478,4390002934005279436479,11657816760715584447382,3531891132234402701342,0x6B3595068778DD592e39A122f4f5a5cF09C90fE2,0x1F573D6Fb3F13d689FF844B4cE37794d79a7FF1C
12783000,1625696925,4390002934005279436479,11657816760715584447382,3531891132234402701342,0x6B3595068778DD592e39A122f4f5a5cF09C90fE2,0x1F573D6Fb3F13d689FF844B4cE37794d79a7FF1C
12784000,1625710324,4390002934005279436479,11657816760715584447382,3531891132234402701342,0x6B3595068778DD592e39A122f4f5a5cF09C90fE2,0x1F573D6Fb3F13d689FF844B4cE37794d79a7FF1C
12785000,1625724154,4479232810720680177343,11426048253675716099439,3531891132234402701342,0x6B3595068778DD592e39A122f4f5a5cF09C90fE2,0x1F573D6Fb3F13d689FF844B4cE37794d79a7FF1C
12786000,1625737754,4479232810720680177343,11426048253675716099439,3531891132234402701342,0x6B3595068778DD592e39A122f4f5a5cF09C90fE2,0x1F573D6Fb3F13d689FF844B4cE37794d79a7FF1C
12787000,1625751295,4479232810720680177343,11426048253675716099439,3531891132234402701342,0x6B3595068778DD592e39A122f4f5a5cF09C90fE2,0x1F573D6Fb3F13d689FF844B4cE37794d79a7FF1C
12788000,1625764816,4479232810720680177343,11426048253675716099439,3531891132234402701342,0x6B3595068778DD592e39A122f4f5a5cF09C90fE2,0x1F573D6Fb3F13d689FF844B4cE37794d79a7FF1C
12789000,1625777844,4479232810720680177343,11426048253675716099439,3531891132234402701342,0x6B3595068778DD592e39A122f4f5a5cF09C90fE2,0x1F573D6Fb3F13d689FF844B4cE37794d79a7FF1C
12790000,1625790864,4479232810720680177343,11426048253675716099439,3531891132234402701342,0x6B3595068778DD592e39A122f4f5a5cF09C90fE2,0x1F573D6Fb3F13d689FF844B4cE37794d79a7FF1C
12791000,1625804570,4479232810720680177343,11426048253675716099439,3531891132234402701342,0x6B3595068778DD592e39A122f4f5a5cF09C90fE2,0x1F573D6Fb3F13d689FF844B4cE37794d79a7FF1C
12792000,1625817998,4479232810720680177343,11426048253675716099439,3531891132234402701342,0x6B3595068778DD592e39A122f4f5a5cF09C90fE2,0x1F573D6Fb3F13d689FF844B4cE37794d79a7FF1C
12793000,1625831511,4479232810720680177343,11426048253675716099439,3531891132234402701342,0x6B3595068778DD592e39A122f4f5a5cF09C90fE2,0x1F573D6Fb3F13d689FF844B4cE37794d79a7FF1C
12794000,1625845233,4479232810720680177343,11426048253675716099439,3531891132234402701342,0x6B3595068778DD592e39A122f4f5a5cF09C90fE2,0x1F573D6Fb3F13d689FF844B4cE37794d79a7FF1C
12795000,1625858565,4479232810720680177343,11426048253675716099439,3531891132234402701342,0x6B3595068778DD592e39A122f4f5a5cF09C90fE2,0x1F573D6Fb3F13d689FF844B4cE37794d79a7FF1C
12796000,1625871638,4479232810720680177343,11426048253675716099439,3531891132234402701342,0x6B3595068778DD592e39A122f4f5a5cF09C90fE2,0x1F573D6Fb3F13d689FF844B4cE37794d79a7FF1C
12797000,1625884387,4479232810720680177343,11426048253675716099439,3531891132234402701342,0x6B3595068778DD592e39A122f4f5a5cF09C90fE2,0x1F573D6Fb3F13d689FF844B4cE37794d79a7FF1C
12798000,1625897687,4479232810720680177343,11426048253675716099439,3531891132234402701342,0x6B3595068778DD592e39A122f4f5a5cF09C90fE2,0x1F573D6Fb3F13d689FF844B4cE37794d79a7FF1C
12799000,1625911275,4479232810720680177343,11426048253675716099439,3531891132234402701342,0x6B3595068778DD592e39A122f4f5a5cF09C90fE2,0x1F573D6Fb3F13d689FF844B4cE37794d79a7FF1C
12800000,1625924808,4471080638751614300907,11446969541953951224290,3531891132234402701342,0x6B3595068778DD592e39A122f4f5a5cF09C90fE2,0x1F573D6Fb3F13d689FF844B4cE37794d79a7FF1C
12801000,1625938132,4471080638751614300907,11446969541953951224290,3531891132234402701342,0x6B3595068778DD592e39A122f4f5a5cF09C90fE2,0x1F573D6Fb3F13d689FF844B4cE37794d79a7FF1C
12802000,1625951889,4471080638751614300907,11446969541953951224290,3531891132234402701342,0x6B3595068778DD592e39A122f4f5a5cF09C90fE2,0x1F573D6Fb3F13d689FF844B4cE37794d79a7FF1C
12803000,1625965361,4527370238751614300907,11304931976624937784501,3531891132234402701342,0x6B3595068778DD592e39A122f4f5a5cF09C90fE2,0x1F573D6Fb3F13d689FF844B4cE37794d79a7FF1C
12804000,1625979115,4549964038751614300907,11248907241664785866422,3531891132234402701342,0x6B3595068778DD592e39A122f4f5a5cF09C90fE2,0x1F573D6Fb3F13d689FF844B4cE37794d79a7FF1C
12805000,1625993135,4549964038751614300907,11248907241664785866422,3531891132234402701342,0x6B3595068778DD592e39A122f4f5a5cF09C90fE2,0x1F573D6Fb3F13d689FF844B4cE37794d79a7FF1C
12806000,1626006576,4503471194976066325677,11365273615507606855449,3531891132234402701342,0x6B3595068778DD592e39A122f4f5a5cF09C90fE2,0x1F573D6Fb3F13d689FF844B4cE37794d79a7FF1C
12807000,1626019735,3228383422911300908254,8147373292425586577858,2531891132234402701342,0x6B3595068778DD592e39A122f4f5a5cF09C90fE2,0x1F573D6Fb3F13d689FF844B4cE37794d79a7FF1C
12808000,1626032946,3205016679493613705677,8206893072092502413100,2531891132234402701342,0x6B3595068778DD592e39A122f4f5a5cF09C90fE2,0x1F573D6Fb3F13d689FF844B4cE37794d79a7FF1C
12809000,1626046111,3202181222309401180061,8214174661588579992304,2531891132234402701342,0x6B3595068778DD592e39A122f4f5a5cF09C90fE2,0x1F573D6Fb3F13d689FF844B4cE37794d79a7FF1C
12810000,1626059893,3202208569224825012311,8214104652696210491265,2531891132234402701342,0x6B3595068778DD592e39A122f4f5a5cF09C90fE2,0x1F573D6Fb3F13d689FF844B4cE37794d79a7FF1C
12811000,1626073138,3237573933542525848638,8124558029227467305215,2531891132234402701342,0x6B3595068778DD592e39A122f4f5a5cF09C90fE2,0x1F573D6Fb3F13d689FF844B4cE37794d79a7FF1C
12812000,1626086818,3237573933542525848638,8124558029227467305215,2531891132234402701342,0x6B3595068778DD592e39A122f4f5a5cF09C90fE2,0x1F573D6Fb3F13d689FF844B4cE37794d79a7FF1C
12813000,1626100488,3237573933542525848638,8124558029227467305215,2531891132234402701342,0x6B3595068778DD592e39A122f4f5a5cF09C90fE2,0x1F573D6Fb3F13d689FF844B4cE37794d79a7FF1C
12814000,1626113482,3237573933542525848638,8124558029227467305215,2531891132234402701342,0x6B3595068778DD592e39A122f4f5a5cF09C90fE2,0x1F573D6Fb3F13d689FF844B4cE37794d79a7FF1C
12815000,1626126879,3237573933542525848638,8124558029227467305215,2531891132234402701342,0x6B3595068778DD592e39A122f4f5a5cF09C90fE2,0x1F573D6Fb3F13d689FF844B4cE37794d79a7FF1C
12816000,1626141081,3237573933542525848638,8124558029227467305215,2531891132234402701342,0x6B3595068778DD592e39A122f4f5a5cF09C90fE2,0x1F573D6Fb3F13d689FF844B4cE37794d79a7FF1C
12817000,1626155270,3237573933542525848638,8124558029227467305215,2531891132234402701342,0x6B3595068778DD592e39A122f4f5a5cF09C90fE2,0x1F573D6Fb3F13d689FF844B4cE37794d79a7FF1C
12818000,1626168651,3237573933542525848638,8124558029227467305215,2531891132234402701342,0x6B3595068778DD592e39A122f4f5a5cF09C90fE2,0x1F573D6Fb3F13d689FF844B4cE37794d79a7FF1C
12819000,1626182238,3294854893618812877958,7983595305788281565615,2531891132234402701342,0x6B3595068778DD592e39A122f4f5a5cF09C90fE2,0x1F573D6Fb3F13d689FF844B4cE37794d79a7FF1C
12820000,1626195533,1435078311342646733783,3304830341526886922378,1075050367755793617570,0x6B3595068778DD592e39A122f4f5a5cF09C90fE2,0x1F573D6Fb3F13d689FF844B4cE37794d79a7FF1C
12821000,1626209041,1435078311342646733783,3304830341526886922378,1075050367755793617570,0x6B3595068778DD592e39A122f4f5a5cF09C90fE2,0x1F573D6Fb3F13d689FF844B4cE37794d79a7FF1C
12822000,1626223044,1433523237421039139445,3308422585900049771378,1075050367755793617570,0x6B3595068778DD592e39A122f4f5a5cF09C90fE2,0x1F573D6Fb3F13d689FF844B4cE37794d79a7FF1C
12823000,1626236439,1433523237421039139445,3308422585900049771378,1075050367755793617570,0x6B3595068778DD592e39A122f4f5a5cF09C90fE2,0x1F573D6Fb3F13d689FF844B4cE37794d79a7FF1C
12824000,1626250226,1433523237421039139445,3308422585900049771378,1075050367755793617570,0x6B3595068778DD592e39A122f4f5a5cF09C90fE2,0x1F573D6Fb3F13d689FF844B4cE37794d79a7FF1C
12825000,1626263612,1433523237421039139445,3308422585900049771378,1075050367755793617570,0x6B3595068778DD592e39A122f4f5a5cF09C90fE2,0x1F573D6Fb3F13d689FF844B4cE37794d79a7FF1C
12826000,1626277289,1453523237421039139445,3262990828694893755369,1075050367755793617570,0x6B3595068778DD592e39A122f4f5a5cF09C90fE2,0x1F573D6Fb3F13d689FF844B4cE37794d79a7FF1C
12827000,1626291016,1453523237421039139445,3262990828694893755369,1075050367755793617570,0x6B3595068778DD592e39A122f4f5a5cF09C90fE2,0x1F573D6Fb3F13d689FF844B4cE37794d79a7FF1C
12828000,1626304413,1458523237421039139445,3251827260081494131817,1075050367755793617570,0x6B3595068778DD592e39A122f4f5a5cF09C90fE2,0x1F573D6Fb3F13d689FF844B4cE37794d79a7FF1C
12829000,1626318383,1458523237421039139445,3251827260081494131817,1075050367755793617570,0x6B3595068778DD592e39A122f4f5a5cF09C90fE2,0x1F573D6Fb3F13d689FF844B4cE37794d79a7FF1C
12830000,1626331450,1458523237421039139445,3251827260081494131817,1075050367755793617570,0x6B3595068778DD592e39A122f4f5a5cF09C90fE2,0x1F573D6Fb3F13d689FF844B4cE37794d79a7FF1C
12831000,1626344958,1424649335664513625688,3329304629045220902937,1075050367755793617570,0x6B3595068778DD592e39A122f4f5a5cF09C90fE2,0x1F573D6Fb3F13d689FF844B4cE37794d79a7FF1C
12832000,1626358380,1424649335664513625688,3329304629045220902937,1075050367755793617570,0x6B3595068778DD592e39A122f4f5a5cF09C90fE2,0x1F573D6Fb3F13d689FF844B4cE37794d79a7FF1C
12833000,1626371879,1424649335664513625688,3329304629045220902937,1075050367755793617570,0x6B3595068778DD592e39A122f4f5a5cF09C90fE2,0x1F573D6Fb3F13d689FF844B4cE37794d79a7FF1C
12834000,1626384958,1424649335664513625688,3329304629045220902937,1075050367755793617570,0x6B3595068778DD592e39A122f4f5a5cF09C90fE2,0x1F573D6Fb3F13d689FF844B4cE37794d79a7FF1C
12835000,1626398854,1424649335664513625688,3329304629045220902937,1075050367755793617570,0x6B3595068778DD592e39A122f4f5a5cF09C90fE2,0x1F573D6Fb3F13d689FF844B4cE37794d79a7FF1C
12836000,1626412655,1424649335664513625688,3329304629045220902937,1075050367755793617570,0x6B3595068778DD592e39A122f4f5a5cF09C90fE2,0x1F573D6Fb3F13d689FF844B4cE37794d79a7FF1C
12837000,1626426436,1424649335664513625688,3329304629045220902937,1075050367755793617570,0x6B3595068778DD592e39A122f4f5a5cF09C90fE2,0x1F573D6Fb3F13d689FF844B4cE37794d79a7FF1C
12838000,1626439674,1424649335664513625688,3329304629045220902937,1075050367755793617570,0x6B3595068778DD592e39A122f4f5a5cF09C90fE2,0x1F573D6Fb3F13d689FF844B4cE37794d79a7FF1C
12839000,1626453112,1424649335664513625688,3329304629045220902937,1075050367755793617570,0x6B3595068778DD592e39A122f4f5a5cF09C90fE2,0x1F573D6Fb3F13d689FF844B4cE37794d79a7FF1C
12840000,1626467100,1424649335664513625688,3329304629045220902937,1075050367755793617570,0x6B3595068778DD592e39A122f4f5a5cF09C90fE2,0x1F573D6Fb3F13d689FF844B4cE37794d79a7FF1C
12841000,1626480399,1424649335664513625688,3329304629045220902937,1075050367755793617570,0x6B3595068778DD592e39A122f4f5a5cF09C90fE2,0x1F573D6Fb3F13d689FF844B4cE37794d79a7FF1C
12842000,1626493329,1402149211275619986902,3383042801168601770957,1075050367755793617570,0x6B3595068778DD592e39A122f4f5a5cF09C90fE2,0x1F573D6Fb3F13d689FF844B4cE37794d79a7FF1C
12843000,1626507688,1363631810241898300180,3478797784923041497367,1075050367755793617570,0x6B3595068778DD592e39A122f4f5a5cF09C90fE2,0x1F573D6Fb3F13d689FF844B4cE37794d79a7FF1C
12844000,1626521374,1363631810241898300180,3478797784923041497367,1075050367755793617570,0x6B3595068778DD592e39A122f4f5a5cF09C90fE2,0x1F573D6Fb3F13d689FF844B4cE37794d79a7FF1C
12845000,1626535067,1363631810241898300180,3478797784923041497367,1075050367755793617570,0x6B3595068778DD592e39A122f4f5a5cF09C90fE2,0x1F573D6Fb3F13d689FF844B4cE37794d79a7FF1C
12846000,1626548408,1363631810241898300180,3478797784923041497367,1075050367755793617570,0x6B3595068778DD592e39A122f4f5a5cF09C90fE2,0x1F573D6Fb3F13d689FF844B4cE37794d79a7FF1C
12847000,1626561762,1363631810241898300180,3478797784923041497367,1075050367755793617570,0x6B3595068778DD592e39A122f4f5a5cF09C90fE2,0x1F573D6Fb3F13d689FF844B4cE37794d79a7FF1C
12848000,1626575793,1332282751797439903091,3560822970066341047512,1075050367755793617570,0x6B3595068778DD592e39A122f4f5a5cF09C90fE2,0x1F573D6Fb3F13d689FF844B4cE37794d79a7FF1C
12849000,1626589171,1332282751797439903091,3560822970066341047512,1075050367755793617570,0x6B3595068778DD592e39A122f4f5a5cF09C90fE2,0x1F573D6Fb3F13d689FF844B4cE37794d79a7FF1C
12850000,1626603267,1332282751797439903091,3560822970066341047512,1075050367755793617570,0x6B3595068778DD592e39A122f4f5a5cF09C90fE2,0x1F573D6Fb3F13d689FF844B4cE37794d79a7FF1C
12851000,1626616686,1332282751797439903091,3560822970066341047512,1075050367755793617570,0x6B3595068778DD592e39A122f4f5a5cF09C90fE2,0x1F573D6Fb3F13d689FF844B4cE37794d79a7FF1C
12852000,1626630055,1332282751797439903091,3560822970066341047512,1075050367755793617570,0x6B3595068778DD592e39A122f4f5a5cF09C90fE2,0x1F573D6Fb3F13d689FF844B4cE37794d79a7FF1C
12853000,1626643660,1357282751797439903091,3495366798177689494342,1075050367755793617570,0x6B3595068778DD592e39A122f4f5a5cF09C90fE2,0x1F573D6Fb3F13d689FF844B4cE37794d79a7FF1C
12854000,1626657216,1357282751797439903091,3495366798177689494342,1075050367755793617570,0x6B3595068778DD592e39A122f4f5a5cF09C90fE2,0x1F573D6Fb3F13d689FF844B4cE37794d79a7FF1C
12855000,1626670500,1357282751797439903091,3495366798177689494342,1075050367755793617570,0x6B3595068778DD592e39A122f4f5a5cF09C90fE2,0x1F573D6Fb3F13d689FF844B4cE37794d79a7FF1C
12856000,1626683744,1357282751797439903091,3495366798177689494342,1075050367755793617570,0x6B3595068778DD592e39A122f4f5a5cF09C90fE2,0x1F573D6Fb3F13d689FF844B4cE37794d79a7FF1C
12857000,1626697963,1393865684470718440514,3403812046431208605162,1075050367755793617570,0x6B3595068778DD592e39A122f4f5a5cF09C90fE2,0x1F573D6Fb3F13d689FF844B4cE37794d79a7FF1C
12858000,1626710429,1393865684470718440514,3403812046431208605162,1075050367755793617570,0x6B3595068778DD592e39A122f4f5a5cF09C90fE2,0x1F573D6Fb3F13d689FF844B4cE37794d79a7FF1C
12859000,1626724421,1393865684470718440514,3403812046431208605162,1075050367755793617570,0x6B3595068778DD592e39A122f4f5a5cF09C90fE2,0x1F573D6Fb3F13d689FF844B4cE37794d79a7FF1C
12860000,1626737436,1393865684470718440514,3403812046431208605162,1075050367755793617570,0x6B3595068778DD592e39A122f4f5a5cF09C90fE2,0x1F573D6Fb3F13d689FF844B4cE37794d79a7FF1C
12861000,1626751301,1393865684470718440514,3403812046431208605162,1075050367755793617570,0x6B3595068778DD592e39A122f4f5a5cF09C90fE2,0x1F573D6Fb3F13d689FF844B4cE37794d79a7FF1C
12862000,1626765030,1393865684470718440514,3403812046431208605162,1075050367755793617570,0x6B3595068778DD592e39A122f4f5a5cF09C90fE2,0x1F573D6Fb3F13d689FF844B4cE37794d79a7FF1C
12863000,1626778619,1393865684470718440514,3403812046431208605162,1075050367755793617570,0x6B3595068778DD592e39A122f4f5a5cF09C90fE2,0x1F573D6Fb3F13d689FF844B4cE37794d79a7FF1C
12864000,1626792196,1393865684470718440514,3403812046431208605162,1075050367755793617570,0x6B3595068778DD592e39A122f4f5a5cF09C90fE2,0x1F573D6Fb3F13d689FF844B4cE37794d79a7FF1C
12865000,1626805225,1393865684470718440514,3403812046431208605162,1075050367755793617570,0x6B3595068778DD592e39A122f4f5a5cF09C90fE2,0x1F573D6Fb3F13d689FF844B4cE37794d79a7FF1C
12866000,1626818817,1393865684470718440514,3403812046431208605162,1075050367755793617570,0x6B3595068778DD592e39A122f4f5a5cF09C90fE2,0x1F573D6Fb3F13d689FF844B4cE37794d79a7FF1C
12867000,1626832399,1393865684470718440514,3403812046431208605162,1075050367755793617570,0x6B3595068778DD592e39A122f4f5a5cF09C90fE2,0x1F573D6Fb3F13d689FF844B4cE37794d79a7FF1C
12868000,1626846369,1393865684470718440514,3403812046431208605162,1075050367755793617570,0x6B3595068778DD592e39A122f4f5a5cF09C90fE2,0x1F573D6Fb3F13d689FF844B4cE37794d79a7FF1C
12869000,1626859998,1382267856961073126025,3432429222030470572884,1075050367755793617570,0x6B3595068778DD592e39A122f4f5a5cF09C90fE2,0x1F573D6Fb3F13d689FF844B4cE37794d79a7FF1C
12870000,1626873224,1382267856961073126025,3432429222030470572884,1075050367755793617570,0x6B3595068778DD592e39A122f4f5a5cF09C90fE2,0x1F573D6Fb3F13d689FF844B4cE37794d79a7FF1C
12871000,1626886745,1382267856961073126025,3432429222030470572884,1075050367755793617570,0x6B3595068778DD592e39A122f4f5a5cF09C90fE2,0x1F573D6Fb3F13d689FF844B4cE37794d79a7FF1C
12872000,1626900461,1382267856961073126025,3432429222030470572884,1075050367755793617570,0x6B3595068778DD592e39A122f4f5a5cF09C90fE2,0x1F573D6Fb3F13d689FF844B4cE37794d79a7FF1C
12873000,1626913511,1382267856961073126025,3432429222030470572884,1075050367755793617570,0x6B3595068778DD592e39A122f4f5a5cF09C90fE2,0x1F573D6Fb3F13d689FF844B4cE37794d79a7FF1C
12874000,1626926956,1330342868332025300126,3566680319645524622257,1075050367755793617570,0x6B3595068778DD592e39A122f4f5a5cF09C90fE2,0x1F573D6Fb3F13d689FF844B4cE37794d79a7FF1C
12875000,1626941432,1330342868332025300126,3566680319645524622257,1075050367755793617570,0x6B3595068778DD592e39A122f4f5a5cF09C90fE2,0x1F573D6Fb3F13d689FF844B4cE37794d79a7FF1C
12876000,1626954530,1330342868332025300126,3566680319645524622257,1075050367755793617570,0x6B3595068778DD592e39A122f4f5a5cF09C90fE2,0x1F573D6Fb3F13d689FF844B4cE37794d79a7FF1C
12877000,1626967441,1330342868332025300126,3566680319645524622257,1075050367755793617570,0x6B3595068778DD592e39A122f4f5a5cF09C90fE2,0x1F573D6Fb3F13d689FF844B4cE37794d79a7FF1C
12878000,1626981164,1330342868332025300126,3566680319645524622257,1075050367755793617570,0x6B3595068778DD592e39A122f4f5a5cF09C90fE2,0x1F573D6Fb3F13d689FF844B4cE37794d79a7FF1C
12879000,1626994406,1330342868332025300126,3566680319645524622257,1075050367755793617570,0x6B3595068778DD592e39A122f4f5a5cF09C90fE2,0x1F573D6Fb3F13d689FF844B4cE37794d79a7FF1C
12880000,1627007731,1292567549224371497213,3671131649461153852188,1075050367755793617570,0x6B3595068778DD592e39A122f4f5a5cF09C90fE2,0x1F573D6Fb3F13d689FF844B4cE37794d79a7FF1C
